model,testScore,testavgFB,testG,default,trainScore,trainavgFB,trainG
original,96.70203125,0.979671875,0.9375,94.67938000000001,94.67938000000001,0.9811340000000002,0.8666666666666667
none,96.70203125,0.979671875,0.9375,94.67938000000001,94.67938000000001,0.9811340000000002,0.8666666666666667
f16,96.70203125,0.979671875,0.9375,94.67938000000001,94.67938000000001,0.9811340000000002,0.8666666666666667
i8,85.64573125,0.9020818749999999,0.75,86.62361666666666,86.62361666666666,0.9160516666666667,0.75
