model,testScore,testavgFB,testG,default,trainScore,trainavgFB,trainG
original,96.78953125,0.9809218749999999,0.9375,97.10086166666666,97.10086166666666,0.9871551666666665,0.9333333333333333
none,96.78953125,0.9809218749999999,0.9375,97.10086166666666,97.10086166666666,0.9871551666666665,0.9333333333333333
f16,96.78953125,0.9809218749999999,0.9375,97.100325,97.100325,0.9871475,0.9333333333333333
i8,82.62666875,0.885738125,0.6875,82.70088166666666,82.70088166666666,0.8814411666666666,0.7
