model,testScore,testavgFB,testG,default,trainScore,trainavgFB,trainG
original,96.808125,0.9811875,0.9375,96.55741499999998,96.55741499999998,0.9865344999999996,0.9166666666666666
none,96.808125,0.9811875,0.9375,96.55741499999998,96.55741499999998,0.9865344999999996,0.9166666666666666
f16,96.808125,0.9811875,0.9375,96.55947999999998,96.55947999999998,0.9865639999999997,0.9166666666666666
i8,88.83830625,0.9209043750000001,0.8125,87.871925,87.871925,0.9410275000000001,0.7333333333333333
