model,testScore,testavgFB,testG,default,trainScore,trainavgFB,trainG
original,96.74858124999999,0.9803368749999999,0.9375,96.04525833333332,96.04525833333332,0.9863608333333332,0.9
none,96.74858124999999,0.9803368749999999,0.9375,96.04525833333332,96.04525833333332,0.9863608333333332,0.9
f16,96.74858124999999,0.9803368749999999,0.9375,96.04525833333332,96.04525833333332,0.9863608333333332,0.9
i8,88.6875,0.9187500000000001,0.8125,89.75278499999999,89.75278499999999,0.9393254999999999,0.8
