model,testScore,testavgFB,testG,default,trainScore,trainavgFB,trainG
original,96.7810875,0.98080125,0.9375,96.47602833333333,96.47602833333333,0.9853718333333333,0.9166666666666666
none,96.7810875,0.98080125,0.9375,96.47602833333333,96.47602833333333,0.9853718333333333,0.9166666666666666
f16,96.7810875,0.98080125,0.9375,96.47602833333333,96.47602833333333,0.9853718333333333,0.9166666666666666
i8,77.767775,0.8966824999999999,0.5,83.47149666666665,83.47149666666665,0.9067356666666665,0.6666666666666666
