model,testScore,testavgFB,testG,default,trainScore,trainavgFB,trainG
original,96.80431875,0.9811331249999999,0.9375,97.70020333333332,97.70020333333332,0.9885743333333331,0.95
none,96.80431875,0.9811331249999999,0.9375,97.70020333333332,97.70020333333332,0.9885743333333331,0.95
f16,96.80431875,0.9811331249999999,0.9375,97.70020333333332,97.70020333333332,0.9885743333333331,0.95
i8,90.68189375000001,0.9204556250000001,0.875,88.11674333333333,88.11674333333333,0.9230963333333333,0.7833333333333333
