model,testScore,testavgFB,testG,default,trainScore,trainavgFB,trainG
original,96.795875,0.9810125,0.9375,97.07101833333333,97.07101833333333,0.9867288333333332,0.9333333333333333
none,96.795875,0.9810125,0.9375,97.07101833333333,97.07101833333333,0.9867288333333332,0.9333333333333333
f16,96.795875,0.9810125,0.9375,97.06989833333333,97.06989833333333,0.9867128333333333,0.9333333333333333
i8,77.08353125,0.8601218749999999,0.5625,81.853095,81.853095,0.8907585,0.65
