model,testScore,testavgFB,testG,default,trainScore,trainavgFB,trainG
original,96.80711875,0.981173125,0.9375,97.14764499999998,97.14764499999998,0.9878234999999997,0.9333333333333333
none,96.80711875,0.981173125,0.9375,97.14764499999998,97.14764499999998,0.9878234999999997,0.9333333333333333
f16,96.80711875,0.981173125,0.9375,97.14674666666666,97.14674666666666,0.9878106666666665,0.9333333333333333
i8,83.12322499999999,0.9196174999999999,0.625,83.37442166666665,83.37442166666665,0.8910631666666665,0.7
