model,testScore,testavgFB,testG,default,trainScore,trainavgFB,trainG
original,96.776275,0.9807324999999999,0.9375,96.46883166666666,96.46883166666666,0.9781261666666666,0.9333333333333333
none,96.776275,0.9807324999999999,0.9375,96.46883166666666,96.46883166666666,0.9781261666666666,0.9333333333333333
f16,96.776275,0.9807324999999999,0.9375,96.46883166666666,96.46883166666666,0.9781261666666666,0.9333333333333333
i8,77.0497625,0.83285375,0.625,81.95089166666668,81.95089166666668,0.8635841666666667,0.7166666666666667
