model,testScore,testavgFB,testG,default,trainScore,trainavgFB,trainG
original,96.78992500000001,0.9809275000000001,0.9375,96.52676666666666,96.52676666666666,0.9860966666666666,0.9166666666666666
none,96.78992500000001,0.9809275000000001,0.9375,96.52676666666666,96.52676666666666,0.9860966666666666,0.9166666666666666
f16,96.78992500000001,0.9809275000000001,0.9375,96.52676666666666,96.52676666666666,0.9860966666666666,0.9166666666666666
i8,90.94929375,0.9242756249999999,0.875,90.32589999999999,90.32589999999999,0.9403699999999999,0.8166666666666667
