model,testScore,testavgFB,testG,default,trainScore,trainavgFB,trainG
original,96.7572875,0.9804612500000001,0.9375,95.84579333333335,95.84579333333335,0.9835113333333335,0.9
none,96.7572875,0.9804612500000001,0.9375,95.84579333333335,95.84579333333335,0.9835113333333335,0.9
f16,96.74814375,0.980330625,0.9375,95.84402000000001,95.84402000000001,0.9834860000000002,0.9
i8,90.5054,0.9447199999999999,0.8125,88.53149166666667,88.53149166666667,0.9361641666666667,0.7666666666666667
