model,testScore,testavgFB,testG,default,trainScore,trainavgFB,trainG
original,96.786075,0.9808725,0.9375,96.43415666666667,96.43415666666667,0.9847736666666667,0.9166666666666666
none,96.786075,0.9808725,0.9375,96.43415666666667,96.43415666666667,0.9847736666666667,0.9166666666666666
f16,96.786075,0.9808725,0.9375,96.43020166666666,96.43020166666666,0.9847171666666666,0.9166666666666666
i8,93.64845,0.9628349999999999,0.875,90.01692666666668,90.01692666666668,0.9573846666666668,0.7666666666666667
