model,testScore,testavgFB,testG,default,trainScore,trainavgFB,trainG
original,96.80865,0.981195,0.9375,95.20354166666665,95.20354166666665,0.9814791666666665,0.8833333333333333
none,96.80865,0.981195,0.9375,95.20354166666665,95.20354166666665,0.9814791666666665,0.8833333333333333
f16,96.80865,0.981195,0.9375,95.21071666666666,95.21071666666666,0.9815816666666666,0.8833333333333333
i8,85.22665,0.8960950000000001,0.75,85.56939,85.56939,0.9152769999999999,0.7166666666666667
