model,testScore,testavgFB,testG,default,trainScore,trainavgFB,trainG
original,96.71646874999999,0.9798781249999999,0.9375,95.44089999999998,95.44089999999998,0.9848699999999998,0.8833333333333333
none,96.71646874999999,0.9798781249999999,0.9375,95.44089999999998,95.44089999999998,0.9848699999999998,0.8833333333333333
f16,96.71646874999999,0.9798781249999999,0.9375,95.44050333333333,95.44050333333333,0.9848643333333331,0.8833333333333333
i8,85.56186249999999,0.90088375,0.75,81.68935833333333,81.68935833333333,0.8669908333333333,0.7
