model,testScore,testavgFB,testG,default,trainScore,trainavgFB,trainG
original,96.79880625,0.9810543749999999,0.9375,97.12558333333332,97.12558333333332,0.9875083333333332,0.9333333333333333
none,96.79880625,0.9810543749999999,0.9375,97.12558333333332,97.12558333333332,0.9875083333333332,0.9333333333333333
f16,96.79880625,0.9810543749999999,0.9375,97.12414833333332,97.12414833333332,0.9874878333333332,0.9333333333333333
i8,78.46401875000001,0.8798431250000001,0.5625,84.11599,84.11599,0.9016569999999999,0.7
