model,testScore,testavgFB,testG,default,trainScore,trainavgFB,trainG
original,6.25,0.0625,0.0625,18.333333333333332,18.333333333333332,0.18333333333333332,0.18333333333333332
none,6.25,0.0625,0.0625,18.333333333333332,18.333333333333332,0.18333333333333332,0.18333333333333332
f16,6.25,0.0625,0.0625,18.333333333333332,18.333333333333332,0.18333333333333332,0.18333333333333332
i8,6.25,0.0625,0.0625,18.333333333333332,18.333333333333332,0.18333333333333332,0.18333333333333332
