model,testScore,testavgFB,testG,default,trainScore,trainavgFB,trainG
original,96.78498125,0.980856875,0.9375,97.67648499999999,97.67648499999999,0.9882354999999998,0.95
none,96.78498125,0.980856875,0.9375,97.67648499999999,97.67648499999999,0.9882354999999998,0.95
f16,96.78498125,0.980856875,0.9375,97.67555166666665,97.67555166666665,0.9882221666666665,0.95
i8,84.88553124999999,0.8912218749999999,0.75,83.263205,83.263205,0.8823315,0.7166666666666667
