model,testScore,testavgFB,testG,default,trainScore,trainavgFB,trainG
original,96.7441625,0.9802737499999999,0.9375,96.00515999999999,96.00515999999999,0.9857879999999999,0.9
none,96.7441625,0.9802737499999999,0.9375,96.00515999999999,96.00515999999999,0.9857879999999999,0.9
f16,96.7441625,0.9802737499999999,0.9375,96.00515999999999,96.00515999999999,0.9857879999999999,0.9
i8,81.09046875,0.890578125,0.625,86.16531166666667,86.16531166666667,0.9237901666666667,0.7166666666666667
