model,testScore,testavgFB,testG,default,trainScore,trainavgFB,trainG
original,96.76783125,0.9806118749999999,0.9375,94.35525666666666,94.35525666666666,0.9765036666666665,0.8666666666666667
none,96.76783125,0.9806118749999999,0.9375,94.35525666666666,94.35525666666666,0.9765036666666665,0.8666666666666667
f16,96.76783125,0.9806118749999999,0.9375,94.35525666666666,94.35525666666666,0.9765036666666665,0.8666666666666667
i8,87.87558750000001,0.9071512500000001,0.8125,87.92905166666668,87.92905166666668,0.9132721666666668,0.8
