model,testScore,testavgFB,testG,default,trainScore,trainavgFB,trainG
original,96.78751874999999,0.9808931249999999,0.9375,95.41610833333334,95.41610833333334,0.9845158333333334,0.8833333333333333
none,96.78751874999999,0.9808931249999999,0.9375,95.41610833333334,95.41610833333334,0.9845158333333334,0.8833333333333333
f16,96.78751874999999,0.9808931249999999,0.9375,95.407615,95.407615,0.9843945000000001,0.8833333333333333
i8,91.60055,0.9603649999999999,0.8125,89.55566166666665,89.55566166666665,0.9507951666666664,0.7666666666666667
