model,testScore,testavgFB,testG,default,trainScore,trainavgFB,trainG
original,96.77666875,0.980738125,0.9375,95.42905833333333,95.42905833333333,0.9847008333333334,0.8833333333333333
none,96.77666875,0.980738125,0.9375,95.42905833333333,95.42905833333333,0.9847008333333334,0.8833333333333333
f16,96.77666875,0.980738125,0.9375,95.42905833333333,95.42905833333333,0.9847008333333334,0.8833333333333333
i8,92.18899375,0.9419856249999999,0.875,89.256635,89.256635,0.9393805,0.7833333333333333
