model,testScore,testavgFB,testG,default,trainScore,trainavgFB,trainG
original,96.77176875,0.980668125,0.9375,96.52978833333333,96.52978833333333,0.9861398333333332,0.9166666666666666
none,96.77176875,0.980668125,0.9375,96.52978833333333,96.52978833333333,0.9861398333333332,0.9166666666666666
f16,96.77176875,0.980668125,0.9375,96.52978833333333,96.52978833333333,0.9861398333333332,0.9166666666666666
i8,92.46265,0.945895,0.875,90.13082,90.13082,0.944726,0.8
