model,testScore,testavgFB,testG,default,trainScore,trainavgFB,trainG
original,96.80615625,0.981159375,0.9375,95.97803499999999,95.97803499999999,0.9854004999999998,0.9
none,96.80615625,0.981159375,0.9375,95.97803499999999,95.97803499999999,0.9854004999999998,0.9
f16,96.80615625,0.981159375,0.9375,95.979085,95.979085,0.9854154999999999,0.9
i8,90.71842500000001,0.9209775000000001,0.875,87.52191666666666,87.52191666666666,0.9217416666666665,0.7666666666666667
