model,testScore,testavgFB,testG,default,trainScore,trainavgFB,trainG
original,96.79880625,0.9810543749999999,0.9375,96.05879166666665,96.05879166666665,0.9865541666666665,0.9
none,96.79880625,0.9810543749999999,0.9375,96.05879166666665,96.05879166666665,0.9865541666666665,0.9
f16,96.79880625,0.9810543749999999,0.9375,96.05879166666665,96.05879166666665,0.9865541666666665,0.9
i8,88.60966875,0.917638125,0.8125,85.248265,85.248265,0.9106895,0.7166666666666667
