model,testScore,testavgFB,testG,default,trainScore,trainavgFB,trainG
original,96.813025,0.9812575,0.9375,96.07310666666666,96.07310666666666,0.9867586666666666,0.9
none,96.813025,0.9812575,0.9375,96.07310666666666,96.07310666666666,0.9867586666666666,0.9
f16,96.813025,0.9812575,0.9375,96.06887166666665,96.06887166666665,0.9866981666666665,0.9
i8,82.28380000000001,0.8808400000000001,0.6875,85.52400833333333,85.52400833333333,0.9074858333333332,0.7333333333333333
