dense1,dense2,o_score,testScore,testavgFB,testG,default,trainScore,trainavgFB,trainG
5,7,97.040568,96.7634125,0.98054875,0.9375,96.551745,96.551745,0.9864535,0.9166666666666666
