dense1,dense2,o_score,testScore,testavgFB,testG,default,trainScore,trainavgFB,trainG
5,7,97.040568,96.67840625000001,0.9793343750000001,0.9375,94.635455,94.635455,0.9805065,0.8666666666666667
