dense1,dense2,o_score,testScore,testavgFB,testG,default,trainScore,trainavgFB,trainG
5,7,97.040568,96.81140625,0.9812343750000001,0.9375,95.76025333333331,95.76025333333331,0.982289333333333,0.9
