dense1,dense2,o_score,testScore,testavgFB,testG,default,trainScore,trainavgFB,trainG
5,7,97.040568,96.77666875,0.980738125,0.9375,95.96064,95.96064,0.9851519999999999,0.9
