dense1,dense2,o_score,testScore,testavgFB,testG,default,trainScore,trainavgFB,trainG
5,7,97.040568,96.76735,0.980605,0.9375,96.489585,96.489585,0.9855655,0.9166666666666666
