dense1,dense2,o_score,testScore,testavgFB,testG,default,trainScore,trainavgFB,trainG
5,7,97.040568,96.62634374999999,0.9785906249999999,0.9375,96.45561166666667,96.45561166666667,0.9850801666666668,0.9166666666666666
