dense1,dense2,o_score,testScore,testavgFB,testG,default,trainScore,trainavgFB,trainG
5,7,97.040568,96.739875,0.9802125,0.9375,95.93990833333334,95.93990833333334,0.9848558333333334,0.9
