dense1,dense2,o_score,testScore,testavgFB,testG,default,trainScore,trainavgFB,trainG
5,7,97.040568,96.6902625,0.97950375,0.9375,95.772165,95.772165,0.9824594999999999,0.9
