dense1,dense2,o_score,testScore,testavgFB,testG,default,trainScore,trainavgFB,trainG
5,7,97.040568,96.786075,0.9808725,0.9375,95.9522866666667,95.9522866666667,0.985032666666667,0.9
