dense1,dense2,o_score,testScore,testavgFB,testG,default,trainScore,trainavgFB,trainG
5,7,97.040568,96.71218125,0.979816875,0.9375,95.80127333333333,95.80127333333333,0.9828753333333332,0.9
