dense1,dense2,o_score,testScore,testavgFB,testG,default,trainScore,trainavgFB,trainG
5,7,97.040568,96.77666875,0.980738125,0.9375,95.783505,95.783505,0.9826215000000001,0.9
