dense1,dense2,o_score,testScore,testavgFB,testG,default,trainScore,trainavgFB,trainG
5,7,97.040568,96.786075,0.9808725,0.9375,97.06949,97.06949,0.9867070000000001,0.9333333333333333
