dense1,dense2,o_score,testScore,testavgFB,testG,default,trainScore,trainavgFB,trainG
5,7,97.040568,96.786075,0.9808725,0.9375,96.01124999999999,96.01124999999999,0.9858749999999998,0.9
