dense1,dense2,o_score,testScore,testavgFB,testG,default,trainScore,trainavgFB,trainG
5,7,97.040568,96.76735,0.980605,0.9375,95.99246666666666,95.99246666666666,0.9856066666666666,0.9
