dense1,dense2,o_score,testScore,testavgFB,testG,default,trainScore,trainavgFB,trainG
5,7,97.040568,96.65968125,0.979066875,0.9375,95.88382666666668,95.88382666666668,0.9840546666666667,0.9
