dense1,dense2,o_score,testScore,testavgFB,testG,default,trainScore,trainavgFB,trainG
5,7,97.040568,96.786075,0.9808725,0.9375,95.48402,95.48402,0.985486,0.8833333333333333
