dense1,dense2,o_score,testScore,testavgFB,testG,default,trainScore,trainavgFB,trainG
5,7,97.040568,96.7791625,0.98077375,0.9375,96.06544166666666,96.06544166666666,0.9866491666666666,0.9
