model,testScore,testavgFB,testG,default,trainScore,trainavgFB,trainG
original,96.53840625,0.977334375,0.9375,95.68828166666665,95.68828166666665,0.9812611666666665,0.9
none,96.53840625,0.977334375,0.9375,95.68828166666665,95.68828166666665,0.9812611666666665,0.9
f16,96.53840625,0.977334375,0.9375,95.68828166666665,95.68828166666665,0.9812611666666665,0.9
i8,77.47356249999999,0.8656937499999999,0.5625,82.45041666666665,82.45041666666665,0.8992916666666666,0.65
