model,testScore,testavgFB,testG,default,trainScore,trainavgFB,trainG
original,96.68505625,0.9794293749999999,0.9375,95.96689333333333,95.96689333333333,0.9852413333333333,0.9
none,96.68505625,0.9794293749999999,0.9375,95.96689333333333,95.96689333333333,0.9852413333333333,0.9
f16,96.68505625,0.9794293749999999,0.9375,95.9668,95.9668,0.98524,0.9
i8,83.554125,0.8989875,0.6875,83.87728833333333,83.87728833333333,0.9053898333333333,0.6833333333333333
