model,testScore,testavgFB,testG,default,trainScore,trainavgFB,trainG
original,96.6655875,0.97915125,0.9375,96.62753166666666,96.62753166666666,0.9875361666666665,0.9166666666666666
none,96.6655875,0.97915125,0.9375,96.62753166666666,96.62753166666666,0.9875361666666665,0.9166666666666666
f16,96.67586875,0.979298125,0.9375,96.62683166666666,96.62683166666666,0.9875261666666666,0.9166666666666666
i8,75.9559625,0.8440137499999999,0.5625,81.45441333333333,81.45441333333333,0.8707773333333334,0.6833333333333333
