model,testScore,testavgFB,testG,default,trainScore,trainavgFB,trainG
original,96.79049375,0.980935625,0.9375,95.53057,95.53057,0.986151,0.8833333333333333
none,96.79049375,0.980935625,0.9375,95.53057,95.53057,0.986151,0.8833333333333333
f16,96.79049375,0.980935625,0.9375,95.53113,95.53113,0.986159,0.8833333333333333
i8,85.83333125000001,0.9047618750000002,0.75,85.32317666666667,85.32317666666667,0.9117596666666667,0.7166666666666667
