model,testScore,testavgFB,testG,default,trainScore,trainavgFB,trainG
original,96.62196875000001,0.9785281250000001,0.9375,97.276935,97.276935,0.9896705,0.9333333333333333
none,96.62196875000001,0.9785281250000001,0.9375,97.276935,97.276935,0.9896705,0.9333333333333333
f16,96.62196875000001,0.9785281250000001,0.9375,97.276935,97.276935,0.9896705,0.9333333333333333
i8,74.5446375,0.79706625,0.625,78.973355,78.973355,0.8424765000000001,0.6666666666666666
