model,testScore,testavgFB,testG,default,trainScore,trainavgFB,trainG
original,96.75505625000001,0.980429375,0.9375,96.129025,96.129025,0.9875575,0.9
none,96.75505625000001,0.980429375,0.9375,96.129025,96.129025,0.9875575,0.9
f16,96.75505625000001,0.980429375,0.9375,96.129025,96.129025,0.9875575,0.9
i8,69.8606125,0.81050875,0.4375,78.48458833333333,78.48458833333333,0.8497798333333334,0.6333333333333333
