model,testScore,testavgFB,testG,default,trainScore,trainavgFB,trainG
original,96.82505624999999,0.9814293749999999,0.9375,95.51907833333333,95.51907833333333,0.9859868333333333,0.8833333333333333
none,96.82505624999999,0.9814293749999999,0.9375,95.51907833333333,95.51907833333333,0.9859868333333333,0.8833333333333333
f16,96.82505624999999,0.9814293749999999,0.9375,95.51907833333333,95.51907833333333,0.9859868333333333,0.8833333333333333
i8,76.00421875,0.8447031250000001,0.5625,78.42055833333333,78.42055833333333,0.8631508333333334,0.6
