model,testScore,testavgFB,testG,default,trainScore,trainavgFB,trainG
original,96.72272500000001,0.9799675000000001,0.9375,95.32661333333333,95.32661333333333,0.9832373333333333,0.8833333333333333
none,96.72272500000001,0.9799675000000001,0.9375,95.32661333333333,95.32661333333333,0.9832373333333333,0.8833333333333333
f16,96.72272500000001,0.9799675000000001,0.9375,95.32810666666667,95.32810666666667,0.9832586666666667,0.8833333333333333
i8,60.62383125000001,0.7589118750000001,0.25,73.90039833333333,73.90039833333333,0.8128628333333333,0.5666666666666667
