model,testScore,testavgFB,testG,default,trainScore,trainavgFB,trainG
original,96.758775,0.9804825,0.9375,94.972995,94.972995,0.9853284999999999,0.8666666666666667
none,96.758775,0.9804825,0.9375,94.972995,94.972995,0.9853284999999999,0.8666666666666667
f16,96.758775,0.9804825,0.9375,94.972995,94.972995,0.9853284999999999,0.8666666666666667
i8,82.5397375,0.88449625,0.6875,83.15730333333335,83.15730333333335,0.8951043333333334,0.6833333333333333
