model,testScore,testavgFB,testG,default,trainScore,trainavgFB,trainG
original,96.40133750000001,0.9753762500000001,0.9375,95.46590166666667,95.46590166666667,0.9852271666666667,0.8833333333333333
none,96.40133750000001,0.9753762500000001,0.9375,95.46590166666667,95.46590166666667,0.9852271666666667,0.8833333333333333
f16,96.40133750000001,0.9753762500000001,0.9375,95.46590166666667,95.46590166666667,0.9852271666666667,0.8833333333333333
i8,74.16854375,0.872050625,0.4375,80.09121833333333,80.09121833333333,0.8655888333333334,0.65
