model,testScore,testavgFB,testG,default,trainScore,trainavgFB,trainG
original,96.57108749999999,0.97780125,0.9375,96.66031499999998,96.66031499999998,0.9880044999999998,0.9166666666666666
none,96.57108749999999,0.97780125,0.9375,96.66031499999998,96.66031499999998,0.9880044999999998,0.9166666666666666
f16,96.5733625,0.97783375,0.9375,96.66031499999998,96.66031499999998,0.9880044999999998,0.9166666666666666
i8,81.19529375,0.892075625,0.625,82.30095666666665,82.30095666666665,0.8900136666666665,0.6666666666666666
