model,testScore,testavgFB,testG,default,trainScore,trainavgFB,trainG
original,96.62634375,0.978590625,0.9375,95.49988666666665,95.49988666666665,0.9857126666666666,0.8833333333333333
none,96.62634375,0.978590625,0.9375,95.49988666666665,95.49988666666665,0.9857126666666666,0.8833333333333333
f16,96.62634375,0.978590625,0.9375,95.49988666666665,95.49988666666665,0.9857126666666666,0.8833333333333333
i8,91.09335625,0.953119375,0.8125,87.39496666666668,87.39496666666668,0.9413566666666668,0.7166666666666667
