model,testScore,testavgFB,testG,default,trainScore,trainavgFB,trainG
original,96.7929875,0.98097125,0.9375,95.98257333333333,95.98257333333333,0.9854653333333334,0.9
none,96.7929875,0.98097125,0.9375,95.98257333333333,95.98257333333333,0.9854653333333334,0.9
f16,96.7929875,0.98097125,0.9375,95.98257333333333,95.98257333333333,0.9854653333333334,0.9
i8,84.0821,0.9065299999999998,0.6875,84.26921833333334,84.26921833333334,0.9109888333333335,0.6833333333333333
