model,testScore,testavgFB,testG,default,trainScore,trainavgFB,trainG
original,96.35780625000001,0.9747543750000001,0.9375,96.259855,96.259855,0.9894265,0.9
none,96.35780625000001,0.9747543750000001,0.9375,96.259855,96.259855,0.9894265,0.9
f16,96.35780625000001,0.9747543750000001,0.9375,96.26089333333333,96.26089333333333,0.9894413333333333,0.9
i8,60.51370625,0.784124375,0.1875,78.04504666666668,78.04504666666668,0.8435006666666669,0.6333333333333333
