model,testScore,testavgFB,testG,default,trainScore,trainavgFB,trainG
original,96.65801875000001,0.9790431250000001,0.9375,95.47739333333334,95.47739333333334,0.9853913333333335,0.8833333333333333
none,96.65801875000001,0.9790431250000001,0.9375,95.47739333333334,95.47739333333334,0.9853913333333335,0.8833333333333333
f16,96.65801875000001,0.9790431250000001,0.9375,95.47739333333334,95.47739333333334,0.9853913333333335,0.8833333333333333
i8,78.47854375,0.880050625,0.5625,81.54051333333332,81.54051333333332,0.8720073333333331,0.6833333333333333
