model,testScore,testavgFB,testG,default,trainScore,trainavgFB,trainG
original,96.80375000000001,0.981125,0.9375,96.47185166666667,96.47185166666667,0.9853121666666667,0.9166666666666666
none,96.80375000000001,0.981125,0.9375,96.47185166666667,96.47185166666667,0.9853121666666667,0.9166666666666666
f16,96.80375000000001,0.981125,0.9375,96.47366000000001,96.47366000000001,0.985338,0.9166666666666666
i8,91.4111125,0.95765875,0.8125,91.14434,91.14434,0.952062,0.8166666666666667
