model,testScore,testavgFB,testG,default,trainScore,trainavgFB,trainG
original,96.67849375,0.979335625,0.9375,95.34306333333333,95.34306333333333,0.9834723333333333,0.8833333333333333
none,96.67849375,0.979335625,0.9375,95.34306333333333,95.34306333333333,0.9834723333333333,0.8833333333333333
f16,96.67849375,0.979335625,0.9375,95.34306333333333,95.34306333333333,0.9834723333333333,0.8833333333333333
i8,94.08844375000001,0.9691206250000001,0.875,92.40303500000002,92.40303500000002,0.9629005000000002,0.8333333333333334
