model,testScore,testavgFB,testG,default,trainScore,trainavgFB,trainG
original,96.74394375,0.9802706250000001,0.9375,96.14159,96.14159,0.987737,0.9
none,96.74394375,0.9802706250000001,0.9375,96.14159,96.14159,0.987737,0.9
f16,96.74394375,0.9802706250000001,0.9375,96.14159,96.14159,0.987737,0.9
i8,79.24626875,0.891018125,0.5625,84.92636000000002,84.92636000000002,0.8989480000000002,0.7333333333333333
