model,testScore,testavgFB,testG,default,trainScore,trainavgFB,trainG
original,96.4541875,0.97613125,0.9375,96.54638999999999,96.54638999999999,0.9863769999999998,0.9166666666666666
none,96.4541875,0.97613125,0.9375,96.54638999999999,96.54638999999999,0.9863769999999998,0.9166666666666666
f16,96.4541875,0.97613125,0.9375,96.54638999999999,96.54638999999999,0.9863769999999998,0.9166666666666666
i8,84.15503125000001,0.907571875,0.6875,83.53112666666668,83.53112666666668,0.9004446666666669,0.6833333333333333
