model,testScore,testavgFB,testG,default,trainScore,trainavgFB,trainG
original,96.35119999999999,0.97466,0.9375,96.68494333333334,96.68494333333334,0.9883563333333333,0.9166666666666666
none,96.35119999999999,0.97466,0.9375,96.68494333333334,96.68494333333334,0.9883563333333333,0.9166666666666666
f16,96.35119999999999,0.97466,0.9375,96.68567833333333,96.68567833333333,0.9883668333333333,0.9166666666666666
i8,81.39633124999999,0.8681618749999999,0.6875,80.88358666666666,80.88358666666666,0.8626226666666665,0.6833333333333333
