model,testScore,testavgFB,testG,default,trainScore,trainavgFB,trainG
original,96.69485625,0.9795693750000001,0.9375,96.16438666666666,96.16438666666666,0.9880626666666665,0.9
none,96.69485625,0.9795693750000001,0.9375,96.16438666666666,96.16438666666666,0.9880626666666665,0.9
f16,96.69485625,0.9795693750000001,0.9375,96.16438666666666,96.16438666666666,0.9880626666666665,0.9
i8,68.13935624999999,0.785919375,0.4375,75.13944833333335,75.13944833333335,0.8162778333333335,0.6
