model,testScore,testavgFB,testG,default,trainScore,trainavgFB,trainG
original,96.76735000000001,0.9806050000000001,0.9375,93.36025,93.36025,0.976575,0.8333333333333334
none,96.76735000000001,0.9806050000000001,0.9375,93.36025,93.36025,0.976575,0.8333333333333334
f16,96.76735000000001,0.9806050000000001,0.9375,93.34893333333333,93.34893333333333,0.9764133333333334,0.8333333333333334
i8,90.05831875,0.938333125,0.8125,90.26554666666667,90.26554666666667,0.9466506666666666,0.8
