model,testScore,testavgFB,testG,default,trainScore,trainavgFB,trainG
original,96.62651875,0.9785931250000001,0.9375,96.38562333333333,96.38562333333333,0.9840803333333333,0.9166666666666666
none,96.62651875,0.9785931250000001,0.9375,96.38562333333333,96.38562333333333,0.9840803333333333,0.9166666666666666
f16,96.62651875,0.9785931250000001,0.9375,96.38562333333333,96.38562333333333,0.9840803333333333,0.9166666666666666
i8,75.95609374999998,0.8440156249999998,0.5625,81.02836833333333,81.02836833333333,0.8718338333333334,0.6666666666666666
