model,testScore,testavgFB,testG,default,trainScore,trainavgFB,trainG
original,96.58968125000001,0.9780668750000001,0.9375,97.33393833333334,97.33393833333334,0.9904848333333334,0.9333333333333333
none,96.58968125000001,0.9780668750000001,0.9375,97.33393833333334,97.33393833333334,0.9904848333333334,0.9333333333333333
f16,96.58968125000001,0.9780668750000001,0.9375,97.33813833333333,97.33813833333333,0.9905448333333333,0.9333333333333333
i8,77.95231874999999,0.8725331249999999,0.5625,83.30528166666667,83.30528166666667,0.9043611666666668,0.6666666666666666
