model,testScore,testavgFB,testG,default,trainScore,trainavgFB,trainG
original,96.39018125000001,0.9752168750000001,0.9375,95.06244499999998,95.06244499999998,0.9794634999999997,0.8833333333333333
none,96.39018125000001,0.9752168750000001,0.9375,95.06244499999998,95.06244499999998,0.9794634999999997,0.8833333333333333
f16,96.39018125000001,0.9752168750000001,0.9375,95.06244499999998,95.06244499999998,0.9794634999999997,0.8833333333333333
i8,72.58213125,0.8226018749999999,0.5,75.90825833333336,75.90825833333336,0.8272608333333338,0.6
