model,testScore,testavgFB,testG,default,trainScore,trainavgFB,trainG
original,96.84426250000001,0.9817037500000001,0.9375,94.64163833333333,94.64163833333333,0.9805948333333334,0.8666666666666667
none,96.84426250000001,0.9817037500000001,0.9375,94.64163833333333,94.64163833333333,0.9805948333333334,0.8666666666666667
f16,96.84426250000001,0.9817037500000001,0.9375,94.64049500000002,94.64049500000002,0.9805785000000001,0.8666666666666667
i8,89.28425,0.927275,0.8125,88.26802333333333,88.26802333333333,0.9324003333333333,0.7666666666666667
