model,testScore,testavgFB,testG,default,trainScore,trainavgFB,trainG
original,96.34835625000001,0.9746193750000001,0.9375,95.95238000000002,95.95238000000002,0.9850340000000002,0.9
none,96.34835625000001,0.9746193750000001,0.9375,95.95238000000002,95.95238000000002,0.9850340000000002,0.9
f16,96.34835625000001,0.9746193750000001,0.9375,95.95238000000002,95.95238000000002,0.9850340000000002,0.9
i8,58.70330625000001,0.6779043750000001,0.375,71.80353666666667,71.80353666666667,0.7829076666666667,0.5666666666666667
