model,testScore,testavgFB,testG,default,trainScore,trainavgFB,trainG
original,96.50358125,0.976836875,0.9375,95.81018666666665,95.81018666666665,0.9830026666666665,0.9
none,96.50358125,0.976836875,0.9375,95.81018666666665,95.81018666666665,0.9830026666666665,0.9
f16,96.50358125,0.976836875,0.9375,95.80680333333333,95.80680333333333,0.9829543333333333,0.9
i8,49.96613750000001,0.6870162500000001,0.0625,70.002035,70.002035,0.7786005000000001,0.5166666666666667
