model,testScore,testavgFB,testG,default,trainScore,trainavgFB,trainG
original,96.85231250000001,0.9818187500000001,0.9375,96.60517833333333,96.60517833333333,0.9872168333333332,0.9166666666666666
none,96.85231250000001,0.9818187500000001,0.9375,96.60517833333333,96.60517833333333,0.9872168333333332,0.9166666666666666
f16,96.85231250000001,0.9818187500000001,0.9375,96.60454833333333,96.60454833333333,0.9872078333333332,0.9166666666666666
i8,84.29240625,0.909534375,0.6875,84.03582666666667,84.03582666666667,0.9076546666666666,0.6833333333333333
