model,testScore,testavgFB,testG,default,trainScore,trainavgFB,trainG
original,96.694375,0.9795625,0.9375,96.77958333333333,96.77958333333333,0.9897083333333333,0.9166666666666666
none,96.694375,0.9795625,0.9375,96.77958333333333,96.77958333333333,0.9897083333333333,0.9166666666666666
f16,96.694375,0.9795625,0.9375,96.77958333333333,96.77958333333333,0.9897083333333333,0.9166666666666666
i8,63.778650000000006,0.7771950000000001,0.3125,76.41978666666665,76.41978666666665,0.8202826666666666,0.6333333333333333
