model,testScore,testavgFB,testG,default,trainScore,trainavgFB,trainG
original,96.50139375,0.976805625,0.9375,96.71435499999998,96.71435499999998,0.9887764999999998,0.9166666666666666
none,96.50139375,0.976805625,0.9375,96.71435499999998,96.71435499999998,0.9887764999999998,0.9166666666666666
f16,96.50139375,0.976805625,0.9375,96.71435499999998,96.71435499999998,0.9887764999999998,0.9166666666666666
i8,76.5909,0.8798699999999999,0.5,80.78694666666667,80.78694666666667,0.8826706666666666,0.6333333333333333
