model,testScore,testavgFB,testG,default,trainScore,trainavgFB,trainG
original,96.4258375,0.97572625,0.9375,94.80846,94.80846,0.9829779999999999,0.8666666666666667
none,96.4258375,0.97572625,0.9375,94.80846,94.80846,0.9829779999999999,0.8666666666666667
f16,96.4258375,0.97572625,0.9375,94.81221666666667,94.81221666666667,0.9830316666666667,0.8666666666666667
i8,77.21508750000001,0.86200125,0.5625,82.30912333333333,82.30912333333333,0.8901303333333334,0.6666666666666666
