model,testScore,testavgFB,testG,default,trainScore,trainavgFB,trainG
original,96.79443125,0.980991875,0.9375,96.57548666666666,96.57548666666666,0.9867926666666667,0.9166666666666666
none,96.79443125,0.980991875,0.9375,96.57548666666666,96.57548666666666,0.9867926666666667,0.9166666666666666
f16,96.79443125,0.980991875,0.9375,96.57548666666666,96.57548666666666,0.9867926666666667,0.9166666666666666
i8,72.73245,0.851535,0.4375,77.99677833333335,77.99677833333335,0.8570968333333336,0.6
