model,testScore,testavgFB,testG,default,trainScore,trainavgFB,trainG
original,96.70443750000001,0.9797062500000001,0.9375,95.53084999999999,95.53084999999999,0.9861549999999999,0.8833333333333333
none,96.70443750000001,0.9797062500000001,0.9375,95.53084999999999,95.53084999999999,0.9861549999999999,0.8833333333333333
f16,96.70443750000001,0.9797062500000001,0.9375,95.53084999999999,95.53084999999999,0.9861549999999999,0.8833333333333333
i8,63.916025,0.7791575,0.3125,75.36895333333337,75.36895333333337,0.8266993333333337,0.5833333333333334
