model,testScore,testavgFB,testG,default,trainScore,trainavgFB,trainG
original,96.367125,0.9748875,0.9375,96.11348499999998,96.11348499999998,0.9873354999999998,0.9
none,96.367125,0.9748875,0.9375,96.11348499999998,96.11348499999998,0.9873354999999998,0.9
f16,96.367125,0.9748875,0.9375,96.11348499999998,96.11348499999998,0.9873354999999998,0.9
i8,73.72733124999999,0.838961875,0.5,76.88308,76.88308,0.834044,0.6166666666666667
