model,testScore,testavgFB,testG,default,trainScore,trainavgFB,trainG
original,96.51696875,0.977028125,0.9375,96.15854166666668,96.15854166666668,0.9879791666666667,0.9
none,96.51696875,0.977028125,0.9375,96.15854166666668,96.15854166666668,0.9879791666666667,0.9
f16,96.51696875,0.977028125,0.9375,96.15995333333333,96.15995333333333,0.9879993333333333,0.9
i8,80.09130625,0.876304375,0.625,83.32299333333333,83.32299333333333,0.8974713333333333,0.6833333333333333
