model,testScore,testavgFB,testG,default,trainScore,trainavgFB,trainG
original,96.60818750000001,0.9783312500000001,0.9375,97.11174666666666,97.11174666666666,0.9873106666666666,0.9333333333333333
none,96.60818750000001,0.9783312500000001,0.9375,97.11174666666666,97.11174666666666,0.9873106666666666,0.9333333333333333
f16,96.60818750000001,0.9783312500000001,0.9375,97.11174666666666,97.11174666666666,0.9873106666666666,0.9333333333333333
i8,69.13694375,0.800170625,0.4375,77.04302000000001,77.04302000000001,0.8291860000000002,0.6333333333333333
