model,testScore,testavgFB,testG,default,trainScore,trainavgFB,trainG
original,96.583425,0.9779775,0.9375,96.23830666666667,96.23830666666667,0.9891186666666668,0.9
none,96.583425,0.9779775,0.9375,96.23830666666667,96.23830666666667,0.9891186666666668,0.9
f16,96.583425,0.9779775,0.9375,96.23901833333335,96.23901833333335,0.9891288333333336,0.9
i8,72.81474374999999,0.8527106249999999,0.4375,80.10027500000001,80.10027500000001,0.8514325,0.6833333333333333
