model,testScore,testavgFB,testG,default,trainScore,trainavgFB,trainG
original,96.467575,0.9763225,0.9375,97.24776833333333,97.24776833333333,0.9892538333333333,0.9333333333333333
none,96.467575,0.9763225,0.9375,97.24776833333333,97.24776833333333,0.9892538333333333,0.9333333333333333
f16,96.467575,0.9763225,0.9375,97.24776833333333,97.24776833333333,0.9892538333333333,0.9333333333333333
i8,61.364037499999995,0.7694862499999999,0.25,74.48528333333333,74.48528333333333,0.8212183333333333,0.5666666666666667
