model,testScore,testavgFB,testG,default,trainScore,trainavgFB,trainG
original,96.79241875000001,0.980963125,0.9375,96.15736333333334,96.15736333333334,0.9879623333333334,0.9
none,96.79241875000001,0.980963125,0.9375,96.15736333333334,96.15736333333334,0.9879623333333334,0.9
f16,96.79241875000001,0.980963125,0.9375,96.15736333333334,96.15736333333334,0.9879623333333334,0.9
i8,74.9167625,0.8559537500000001,0.5,82.33090666666666,82.33090666666666,0.8832986666666667,0.6833333333333333
