model,testScore,testavgFB,testG,default,trainScore,trainavgFB,trainG
original,96.4902375,0.97664625,0.9375,96.07609333333333,96.07609333333333,0.9868013333333333,0.9
none,96.4902375,0.97664625,0.9375,96.07609333333333,96.07609333333333,0.9868013333333333,0.9
f16,96.4902375,0.97664625,0.9375,96.07609333333333,96.07609333333333,0.9868013333333333,0.9
i8,84.72246874999999,0.9156781249999999,0.6875,83.75100833333335,83.75100833333335,0.9035858333333336,0.6833333333333333
