model,testScore,testavgFB,testG,default,trainScore,trainavgFB,trainG
original,96.53149375000001,0.977235625,0.9375,96.085205,96.085205,0.9869315000000001,0.9
none,96.53149375000001,0.977235625,0.9375,96.085205,96.085205,0.9869315000000001,0.9
f16,96.53149375000001,0.977235625,0.9375,96.085205,96.085205,0.9869315000000001,0.9
i8,71.11212499999999,0.8283874999999999,0.4375,75.88134166666666,75.88134166666666,0.8340191666666664,0.5833333333333334
