model,testScore,testavgFB,testG,default,trainScore,trainavgFB,trainG
original,96.675475,0.9792925000000001,0.9375,95.97594666666666,95.97594666666666,0.9853706666666666,0.9
none,96.675475,0.9792925000000001,0.9375,95.97594666666666,95.97594666666666,0.9853706666666666,0.9
f16,96.66615625,0.979159375,0.9375,95.97375333333333,95.97375333333333,0.9853393333333333,0.9
i8,85.9475625,0.90639375,0.75,86.704115,86.704115,0.9243445,0.7333333333333333
