model,testScore,testavgFB,testG,default,trainScore,trainavgFB,trainG
original,96.33825,0.974475,0.9375,96.46796666666665,96.46796666666665,0.9852566666666666,0.9166666666666666
none,96.33825,0.974475,0.9375,96.46796666666665,96.46796666666665,0.9852566666666666,0.9166666666666666
f16,96.33825,0.974475,0.9375,96.46601833333334,96.46601833333334,0.9852288333333333,0.9166666666666666
i8,80.79038750000001,0.88629125,0.625,83.60720666666667,83.60720666666667,0.8943886666666667,0.7
