model,testScore,testavgFB,testG,default,trainScore,trainavgFB,trainG
original,96.64489375,0.9788556249999999,0.9375,96.67871333333333,96.67871333333333,0.9882673333333333,0.9166666666666666
none,96.64489375,0.9788556249999999,0.9375,96.67871333333333,96.67871333333333,0.9882673333333333,0.9166666666666666
f16,96.64489375,0.9788556249999999,0.9375,96.67871333333333,96.67871333333333,0.9882673333333333,0.9166666666666666
i8,81.95943125000001,0.9029918750000001,0.625,83.20264,83.20264,0.895752,0.6833333333333333
