model,testScore,testavgFB,testG,default,trainScore,trainavgFB,trainG
original,96.81744375000001,0.9813206250000001,0.9375,96.64661833333332,96.64661833333332,0.9878088333333331,0.9166666666666666
none,96.81744375000001,0.9813206250000001,0.9375,96.64661833333332,96.64661833333332,0.9878088333333331,0.9166666666666666
f16,96.81744375000001,0.9813206250000001,0.9375,96.64729499999999,96.64729499999999,0.9878184999999998,0.9166666666666666
i8,82.52880000000002,0.8843400000000001,0.6875,83.25288833333332,83.25288833333332,0.8964698333333332,0.6833333333333333
