model,testScore,testavgFB,testG,default,trainScore,trainavgFB,trainG
original,96.5411625,0.9773737499999999,0.9375,95.57859000000002,95.57859000000002,0.9868370000000003,0.8833333333333333
none,96.5411625,0.9773737499999999,0.9375,95.57859000000002,95.57859000000002,0.9868370000000003,0.8833333333333333
f16,96.5411625,0.9773737499999999,0.9375,95.57859000000002,95.57859000000002,0.9868370000000003,0.8833333333333333
i8,55.15826875,0.707618125,0.1875,72.86385999999999,72.86385999999999,0.805198,0.55
