model,testScore,testavgFB,testG,default,trainScore,trainavgFB,trainG
original,96.30749374999999,0.974035625,0.9375,97.27481166666666,97.27481166666666,0.9896401666666667,0.9333333333333333
none,96.30749374999999,0.974035625,0.9375,97.27481166666666,97.27481166666666,0.9896401666666667,0.9333333333333333
f16,96.30749374999999,0.974035625,0.9375,97.27481166666666,97.27481166666666,0.9896401666666667,0.9333333333333333
i8,77.46118125,0.865516875,0.5625,83.91289499999999,83.91289499999999,0.9058984999999999,0.6833333333333333
