model,testScore,testavgFB,testG,default,trainScore,trainavgFB,trainG
original,96.6722375,0.97924625,0.9375,94.47319499999999,94.47319499999999,0.9781884999999999,0.8666666666666667
none,96.6722375,0.97924625,0.9375,94.47319499999999,94.47319499999999,0.9781884999999999,0.8666666666666667
f16,96.6722375,0.97924625,0.9375,94.47319499999999,94.47319499999999,0.9781884999999999,0.8666666666666667
i8,87.9332,0.9347599999999999,0.75,90.13161500000001,90.13161500000001,0.9375945000000001,0.8166666666666667
