model,testScore,testavgFB,testG,default,trainScore,trainavgFB,trainG
original,96.6934125,0.97954875,0.9375,96.65801666666665,96.65801666666665,0.9879716666666665,0.9166666666666666
none,96.6934125,0.97954875,0.9375,96.65801666666665,96.65801666666665,0.9879716666666665,0.9166666666666666
f16,96.6934125,0.97954875,0.9375,96.65801666666665,96.65801666666665,0.9879716666666665,0.9166666666666666
i8,71.0108,0.82694,0.4375,78.05119499999998,78.05119499999998,0.8435884999999997,0.6333333333333333
