model,testScore,testavgFB,testG,default,trainScore,trainavgFB,trainG
original,96.7287625,0.9800537500000001,0.9375,97.05623666666665,97.05623666666665,0.9865176666666665,0.9333333333333333
none,96.7287625,0.9800537500000001,0.9375,97.05623666666665,97.05623666666665,0.9865176666666665,0.9333333333333333
f16,96.7287625,0.9800537500000001,0.9375,97.05896666666666,97.05896666666666,0.9865566666666666,0.9333333333333333
i8,77.33903125,0.863771875,0.5625,81.13553666666667,81.13553666666667,0.8805076666666668,0.65
