model,testScore,testavgFB,testG,default,trainScore,trainavgFB,trainG
original,96.49010625,0.976644375,0.9375,96.629235,96.629235,0.9875605,0.9166666666666666
none,96.49010625,0.976644375,0.9375,96.629235,96.629235,0.9875605,0.9166666666666666
f16,96.49010625,0.976644375,0.9375,96.629235,96.629235,0.9875605,0.9166666666666666
i8,64.41796875,0.7863281249999999,0.3125,76.43979333333334,76.43979333333334,0.8277113333333335,0.6166666666666667
