model,testScore,testavgFB,testG,default,trainScore,trainavgFB,trainG
original,96.74158125,0.980236875,0.9375,95.89094333333333,95.89094333333333,0.9841563333333332,0.9
none,96.74158125,0.980236875,0.9375,95.89094333333333,95.89094333333333,0.9841563333333332,0.9
f16,96.74158125,0.980236875,0.9375,95.88949666666664,95.88949666666664,0.9841356666666664,0.9
i8,86.7571125,0.91795875,0.75,87.94026000000001,87.94026000000001,0.9277180000000002,0.7666666666666667
