model,testScore,testavgFB,testG,default,trainScore,trainavgFB,trainG
original,96.41695625,0.975599375,0.9375,95.52806166666667,95.52806166666667,0.9861151666666668,0.8833333333333333
none,96.41695625,0.975599375,0.9375,95.52806166666667,95.52806166666667,0.9861151666666668,0.8833333333333333
f16,96.41695625,0.975599375,0.9375,95.53126999999999,95.53126999999999,0.986161,0.8833333333333333
i8,73.3851625,0.8340737500000001,0.5,80.18322500000001,80.18322500000001,0.8526175000000001,0.6833333333333333
