model,testScore,testavgFB,testG,default,trainScore,trainavgFB,trainG
original,96.5752875,0.97786125,0.9375,97.20733166666666,97.20733166666666,0.9886761666666667,0.9333333333333333
none,96.5752875,0.97786125,0.9375,97.20733166666666,97.20733166666666,0.9886761666666667,0.9333333333333333
f16,96.5752875,0.97786125,0.9375,97.20879000000001,97.20879000000001,0.988697,0.9333333333333333
i8,70.890525,0.8520075,0.375,78.82050666666666,78.82050666666666,0.8545786666666666,0.6333333333333333
