model,testScore,testavgFB,testG,default,trainScore,trainavgFB,trainG
original,96.41004375,0.975500625,0.9375,96.62232833333331,96.62232833333331,0.9874618333333331,0.9166666666666666
none,96.41004375,0.975500625,0.9375,96.62232833333331,96.62232833333331,0.9874618333333331,0.9166666666666666
f16,96.41004375,0.975500625,0.9375,96.62253833333334,96.62253833333334,0.9874648333333333,0.9166666666666666
i8,80.65034374999999,0.884290625,0.625,86.31348166666666,86.31348166666666,0.9116211666666667,0.75
