model,testScore,testavgFB,testG,default,trainScore,trainavgFB,trainG
original,96.5801,0.9779300000000001,0.9375,95.53407,95.53407,0.986201,0.8833333333333333
none,96.5801,0.9779300000000001,0.9375,95.53407,95.53407,0.986201,0.8833333333333333
f16,96.5801,0.9779300000000001,0.9375,95.53407,95.53407,0.986201,0.8833333333333333
i8,68.9144625,0.85056375,0.3125,78.16389666666669,78.16389666666669,0.838055666666667,0.65
