model,testScore,testavgFB,testG,default,trainScore,trainavgFB,trainG
original,96.64445625,0.978849375,0.9375,97.70961833333334,97.70961833333334,0.9887088333333334,0.95
none,96.64445625,0.978849375,0.9375,97.70961833333334,97.70961833333334,0.9887088333333334,0.95
f16,96.64445625,0.978849375,0.9375,97.709875,97.709875,0.9887125,0.95
i8,78.86341250000001,0.88554875,0.5625,78.59123333333335,78.59123333333335,0.8513033333333335,0.6333333333333333
