model,testScore,testavgFB,testG,default,trainScore,trainavgFB,trainG
original,96.35211875,0.974673125,0.9375,96.41264333333334,96.41264333333334,0.9844663333333333,0.9166666666666666
none,96.35211875,0.974673125,0.9375,96.41264333333334,96.41264333333334,0.9844663333333333,0.9166666666666666
f16,96.35211875,0.974673125,0.9375,96.42079833333334,96.42079833333334,0.9845828333333333,0.9166666666666666
i8,77.25949374999999,0.8626356249999998,0.5625,82.12007833333331,82.12007833333331,0.8802868333333331,0.6833333333333333
