model,testScore,testavgFB,testG,default,trainScore,trainavgFB,trainG
original,96.79434375000001,0.9809906250000001,0.9375,94.90550333333334,94.90550333333334,0.9843643333333334,0.8666666666666667
none,96.79434375000001,0.9809906250000001,0.9375,94.90550333333334,94.90550333333334,0.9843643333333334,0.8666666666666667
f16,96.79434375000001,0.9809906250000001,0.9375,94.90550333333334,94.90550333333334,0.9843643333333334,0.8666666666666667
i8,80.80919999999999,0.8865599999999999,0.625,82.87745666666666,82.87745666666666,0.8839636666666666,0.7
