model,testScore,testavgFB,testG,default,trainScore,trainavgFB,trainG
original,96.98316875,0.983688125,0.9375,96.18455833333334,96.18455833333334,0.9883508333333334,0.9
none,96.98316875,0.983688125,0.9375,96.18455833333334,96.18455833333334,0.9883508333333334,0.9
f16,96.98316875,0.983688125,0.9375,96.18455833333334,96.18455833333334,0.9883508333333334,0.9
i8,86.27087500000002,0.9110125000000001,0.75,84.29991499999998,84.29991499999998,0.9042844999999998,0.7
