model,testScore,testavgFB,testG,default,trainScore,trainavgFB,trainG
original,96.56085000000002,0.9776550000000002,0.9375,95.41929333333333,95.41929333333333,0.9845613333333333,0.8833333333333333
none,96.56085000000002,0.9776550000000002,0.9375,95.41929333333333,95.41929333333333,0.9845613333333333,0.8833333333333333
f16,96.56085000000002,0.9776550000000002,0.9375,95.42355166666665,95.42355166666665,0.9846221666666665,0.8833333333333333
i8,85.80305,0.931115,0.6875,84.71080166666668,84.71080166666668,0.9172971666666668,0.6833333333333333
