model,testScore,testavgFB,testG,default,trainScore,trainavgFB,trainG
original,96.63470000000001,0.9787100000000001,0.9375,95.56587333333334,95.56587333333334,0.9866553333333334,0.8833333333333333
none,96.63470000000001,0.9787100000000001,0.9375,95.56587333333334,95.56587333333334,0.9866553333333334,0.8833333333333333
f16,96.63470000000001,0.9787100000000001,0.9375,95.56587333333334,95.56587333333334,0.9866553333333334,0.8833333333333333
i8,68.22010624999999,0.8406443749999999,0.3125,77.890425,77.890425,0.8555775,0.6
