model,testScore,testavgFB,testG,default,trainScore,trainavgFB,trainG
original,96.8171375,0.98131625,0.9375,96.16185499999999,96.16185499999999,0.9880264999999999,0.9
none,96.8171375,0.98131625,0.9375,96.16185499999999,96.16185499999999,0.9880264999999999,0.9
f16,96.8171375,0.98131625,0.9375,96.16185499999999,96.16185499999999,0.9880264999999999,0.9
i8,81.50801874999999,0.8965431249999999,0.625,84.98424833333334,84.98424833333334,0.9069178333333333,0.7166666666666667
