model,testScore,testavgFB,testG,default,trainScore,trainavgFB,trainG
original,96.78900625,0.980914375,0.9375,95.4479,95.4479,0.98497,0.8833333333333333
none,96.78900625,0.980914375,0.9375,95.4479,95.4479,0.98497,0.8833333333333333
f16,96.78900625,0.980914375,0.9375,95.4479,95.4479,0.98497,0.8833333333333333
i8,87.9513125,0.93501875,0.75,89.96025166666665,89.96025166666665,0.9494321666666665,0.7833333333333333
