model,testScore,testavgFB,testG,default,trainScore,trainavgFB,trainG
original,96.34039375,0.974505625,0.9375,96.66940333333334,96.66940333333334,0.9881343333333333,0.9166666666666666
none,96.34039375,0.974505625,0.9375,96.66940333333334,96.66940333333334,0.9881343333333333,0.9166666666666666
f16,96.34039375,0.974505625,0.9375,96.66786333333333,96.66786333333333,0.9881123333333334,0.9166666666666666
i8,87.34384375,0.9263406250000001,0.75,85.357895,85.357895,0.9193984999999999,0.7
