model,testScore,testavgFB,testG,default,trainScore,trainavgFB,trainG
original,96.54199374999999,0.9773856249999999,0.9375,95.94289500000001,95.94289500000001,0.9848985,0.9
none,96.54199374999999,0.9773856249999999,0.9375,95.94289500000001,95.94289500000001,0.9848985,0.9
f16,96.54199374999999,0.9773856249999999,0.9375,95.94360666666667,95.94360666666667,0.9849086666666668,0.9
i8,67.12801875,0.8250431249999999,0.3125,75.82017333333332,75.82017333333332,0.8331453333333332,0.5833333333333334
