model,testScore,testavgFB,testG,default,trainScore,trainavgFB,trainG
original,96.32044375000001,0.9742206250000001,0.9375,96.76420666666667,96.76420666666667,0.9894886666666667,0.9166666666666666
none,96.32044375000001,0.9742206250000001,0.9375,96.76420666666667,96.76420666666667,0.9894886666666667,0.9166666666666666
f16,96.32044375000001,0.9742206250000001,0.9375,96.76420666666667,96.76420666666667,0.9894886666666667,0.9166666666666666
i8,60.90213125000001,0.7361018750000001,0.3125,75.37769500000002,75.37769500000002,0.8125385000000002,0.6166666666666667
