model,testScore,testavgFB,testG,default,trainScore,trainavgFB,trainG
original,96.83993125,0.9816418750000001,0.9375,96.522205,96.522205,0.9860315,0.9166666666666666
none,96.83993125,0.9816418750000001,0.9375,96.522205,96.522205,0.9860315,0.9166666666666666
f16,96.83993125,0.9816418750000001,0.9375,96.52117833333334,96.52117833333334,0.9860168333333335,0.9166666666666666
i8,88.5096125,0.91620875,0.8125,88.885575,88.885575,0.9412225000000001,0.7666666666666667
