model,testScore,testavgFB,testG,default,trainScore,trainavgFB,trainG
original,96.76494375,0.9805706249999999,0.9375,94.63913,94.63913,0.9805589999999998,0.8666666666666667
none,96.76494375,0.9805706249999999,0.9375,94.63913,94.63913,0.9805589999999998,0.8666666666666667
f16,96.76494375,0.9805706249999999,0.9375,94.64012166666666,94.64012166666666,0.9805731666666665,0.8666666666666667
i8,89.41436250000001,0.9291337500000001,0.8125,90.61550000000001,90.61550000000001,0.9516500000000002,0.8
