model,testScore,testavgFB,testG,default,trainScore,trainavgFB,trainG
original,96.79784375000001,0.9810406250000001,0.9375,95.72118166666665,95.72118166666665,0.9817311666666665,0.9
none,96.79784375000001,0.9810406250000001,0.9375,95.72118166666665,95.72118166666665,0.9817311666666665,0.9
f16,96.79784375000001,0.9810406250000001,0.9375,95.72325833333333,95.72325833333333,0.9817608333333333,0.9
i8,87.660075,0.9040725000000001,0.8125,84.56690666666668,84.56690666666668,0.9080986666666668,0.7
