model,testScore,testavgFB,testG,default,trainScore,trainavgFB,trainG
original,96.59016249999999,0.97807375,0.9375,96.71133333333333,96.71133333333333,0.9887333333333334,0.9166666666666666
none,96.59016249999999,0.97807375,0.9375,96.71133333333333,96.71133333333333,0.9887333333333334,0.9166666666666666
f16,96.59016249999999,0.97807375,0.9375,96.71133333333333,96.71133333333333,0.9887333333333334,0.9166666666666666
i8,70.89905625,0.852129375,0.375,79.08628499999999,79.08628499999999,0.8583754999999998,0.6333333333333333
