model,testScore,testavgFB,testG,default,trainScore,trainavgFB,trainG
original,96.76735000000001,0.9806050000000001,0.9375,96.74814166666665,96.74814166666665,0.9892591666666666,0.9166666666666666
none,96.76735000000001,0.9806050000000001,0.9375,96.74814166666665,96.74814166666665,0.9892591666666666,0.9166666666666666
f16,96.76735000000001,0.9806050000000001,0.9375,96.750895,96.750895,0.9892985,0.9166666666666666
i8,71.05648125,0.800806875,0.5,78.61624666666667,78.61624666666667,0.8516606666666667,0.6333333333333333
