model,testScore,testavgFB,testG,default,trainScore,trainavgFB,trainG
original,96.64681875,0.978883125,0.9375,96.65807499999998,96.65807499999998,0.9879724999999998,0.9166666666666666
none,96.64681875,0.978883125,0.9375,96.65807499999998,96.65807499999998,0.9879724999999998,0.9166666666666666
f16,96.64681875,0.978883125,0.9375,96.65807499999998,96.65807499999998,0.9879724999999998,0.9166666666666666
i8,79.4343125,0.8669187500000001,0.625,82.40634333333334,82.40634333333334,0.8843763333333334,0.6833333333333333
