model,testScore,testavgFB,testG,default,trainScore,trainavgFB,trainG
original,96.6545625,0.97899375,0.9375,96.08193833333333,96.08193833333333,0.9868848333333332,0.9
none,96.6545625,0.97899375,0.9375,96.08193833333333,96.08193833333333,0.9868848333333332,0.9
f16,96.6545625,0.97899375,0.9375,96.08193833333333,96.08193833333333,0.9868848333333332,0.9
i8,70.38595624999999,0.844799375,0.375,79.15786166666668,79.15786166666668,0.8522551666666668,0.65
