model,testScore,testavgFB,testG,default,trainScore,trainavgFB,trainG
original,94.35260625,0.972894375,0.875,94.128375,94.128375,0.9732625000000001,0.8666666666666667
none,94.35260625,0.972894375,0.875,94.128375,94.128375,0.9732625000000001,0.8666666666666667
f16,94.35260625,0.972894375,0.875,94.12734833333334,94.12734833333334,0.9732478333333334,0.8666666666666667
i8,78.08046250000001,0.87436375,0.5625,83.32619,83.32619,0.897517,0.6833333333333333
