model,testScore,testavgFB,testG,default,trainScore,trainavgFB,trainG
original,96.407725,0.9754675,0.9375,95.61221333333333,95.61221333333333,0.9873173333333333,0.8833333333333333
none,96.407725,0.9754675,0.9375,95.61221333333333,95.61221333333333,0.9873173333333333,0.8833333333333333
f16,96.407725,0.9754675,0.9375,95.61221333333333,95.61221333333333,0.9873173333333333,0.8833333333333333
i8,85.85555,0.9318649999999999,0.6875,85.56228666666667,85.56228666666667,0.9080326666666667,0.7333333333333333
