model,testScore,testavgFB,testG,default,trainScore,trainavgFB,trainG
original,96.37723125,0.975031875,0.9375,94.92154500000001,94.92154500000001,0.9845935000000001,0.8666666666666667
none,96.37723125,0.975031875,0.9375,94.92154500000001,94.92154500000001,0.9845935000000001,0.8666666666666667
f16,96.37723125,0.975031875,0.9375,94.91923500000001,94.91923500000001,0.9845605000000002,0.8666666666666667
i8,81.67015625000002,0.8988593750000001,0.625,84.82790166666666,84.82790166666666,0.9118271666666667,0.7
