model,testScore,testavgFB,testG,default,trainScore,trainavgFB,trainG
original,96.58075625,0.9779393749999999,0.9375,96.10930833333333,96.10930833333333,0.9872758333333332,0.9
none,96.58075625,0.9779393749999999,0.9375,96.10930833333333,96.10930833333333,0.9872758333333332,0.9
f16,96.58075625,0.9779393749999999,0.9375,96.10930833333333,96.10930833333333,0.9872758333333332,0.9
i8,71.73963125,0.837351875,0.4375,76.68246666666667,76.68246666666667,0.8526066666666667,0.5666666666666667
