model,testScore,testavgFB,testG,default,trainScore,trainavgFB,trainG
original,96.65793125,0.9790418750000001,0.9375,96.23736333333333,96.23736333333333,0.9819623333333334,0.9166666666666666
none,96.65793125,0.9790418750000001,0.9375,96.23736333333333,96.23736333333333,0.9819623333333334,0.9166666666666666
f16,96.65793125,0.9790418750000001,0.9375,96.23736333333333,96.23736333333333,0.9819623333333334,0.9166666666666666
i8,74.43735000000001,0.849105,0.5,79.26976833333333,79.26976833333333,0.8538538333333334,0.65
