model,testScore,testavgFB,testG,default,trainScore,trainavgFB,trainG
original,96.64161250000001,0.9788087500000001,0.9375,95.44603333333333,95.44603333333333,0.9849433333333334,0.8833333333333333
none,96.64161250000001,0.9788087500000001,0.9375,95.44603333333333,95.44603333333333,0.9849433333333334,0.8833333333333333
f16,96.64161250000001,0.9788087500000001,0.9375,95.44312833333335,95.44312833333335,0.9849018333333335,0.8833333333333333
i8,88.6714,0.91852,0.8125,87.82749833333332,87.82749833333332,0.9403928333333332,0.7333333333333333
