model,testScore,testavgFB,testG,default,trainScore,trainavgFB,trainG
original,96.598825,0.9781975,0.9375,96.66310333333332,96.66310333333332,0.9880443333333332,0.9166666666666666
none,96.598825,0.9781975,0.9375,96.66310333333332,96.66310333333332,0.9880443333333332,0.9166666666666666
f16,96.598825,0.9781975,0.9375,96.66310333333332,96.66310333333332,0.9880443333333332,0.9166666666666666
i8,74.57853125,0.851121875,0.5,80.83268333333334,80.83268333333334,0.8690383333333332,0.6666666666666666
