model,testScore,testavgFB,testG,default,trainScore,trainavgFB,trainG
original,96.63531250000001,0.9787187500000001,0.9375,96.06528999999999,96.06528999999999,0.9866469999999999,0.9
none,96.63531250000001,0.9787187500000001,0.9375,96.06528999999999,96.06528999999999,0.9866469999999999,0.9
f16,96.63531250000001,0.9787187500000001,0.9375,96.06757666666667,96.06757666666667,0.9866796666666667,0.9
i8,80.69308749999999,0.88490125,0.625,81.99206833333335,81.99206833333335,0.8927438333333335,0.65
