model,testScore,testavgFB,testG,default,trainScore,trainavgFB,trainG
original,96.5892,0.97806,0.9375,96.09732666666667,96.09732666666667,0.9871046666666667,0.9
none,96.5892,0.97806,0.9375,96.09732666666667,96.09732666666667,0.9871046666666667,0.9
f16,96.5892,0.97806,0.9375,96.09732666666667,96.09732666666667,0.9871046666666667,0.9
i8,75.42829375,0.836475625,0.5625,79.468965,79.468965,0.8566995000000001,0.65
