model,testScore,testavgFB,testG,default,trainScore,trainavgFB,trainG
original,96.52633125,0.9771618750000001,0.9375,95.64626833333332,95.64626833333332,0.9878038333333332,0.8833333333333333
none,96.52633125,0.9771618750000001,0.9375,95.64626833333332,95.64626833333332,0.9878038333333332,0.8833333333333333
f16,96.52633125,0.9771618750000001,0.9375,95.64626833333332,95.64626833333332,0.9878038333333332,0.8833333333333333
i8,79.56651875,0.895593125,0.5625,82.41951666666668,82.41951666666668,0.8774216666666668,0.7
