model,testScore,testavgFB,testG,default,trainScore,trainavgFB,trainG
original,96.8306125,0.98150875,0.9375,97.67415166666666,97.67415166666666,0.9882021666666666,0.95
none,96.8306125,0.98150875,0.9375,97.67415166666666,97.67415166666666,0.9882021666666666,0.95
f16,96.8306125,0.98150875,0.9375,97.67415166666666,97.67415166666666,0.9882021666666666,0.95
i8,86.23255,0.910465,0.75,85.907945,85.907945,0.9201135,0.7166666666666667
