model,testScore,testavgFB,testG,default,trainScore,trainavgFB,trainG
original,96.5899875,0.9780712500000001,0.9375,95.75710333333332,95.75710333333332,0.9822443333333332,0.9
none,96.5899875,0.9780712500000001,0.9375,95.75710333333332,95.75710333333332,0.9822443333333332,0.9
f16,96.5899875,0.9780712500000001,0.9375,95.75710333333332,95.75710333333332,0.9822443333333332,0.9
i8,76.207875,0.8476124999999999,0.5625,80.40626333333333,80.40626333333333,0.8772323333333332,0.6333333333333333
