model,testScore,testavgFB,testG,default,trainScore,trainavgFB,trainG
original,96.68050625000001,0.9793643750000001,0.9375,96.10304333333333,96.10304333333333,0.9871863333333333,0.9
none,96.68050625000001,0.9793643750000001,0.9375,96.10304333333333,96.10304333333333,0.9871863333333333,0.9
f16,96.68050625000001,0.9793643750000001,0.9375,96.10304333333333,96.10304333333333,0.9871863333333333,0.9
i8,80.4171125,0.88095875,0.625,81.57097166666667,81.57097166666667,0.8867281666666667,0.65
