model,testScore,testavgFB,testG,default,trainScore,trainavgFB,trainG
original,96.61164375,0.978380625,0.9375,96.60922666666666,96.60922666666666,0.9872746666666665,0.9166666666666666
none,96.61164375,0.978380625,0.9375,96.60922666666666,96.60922666666666,0.9872746666666665,0.9166666666666666
f16,96.61164375,0.978380625,0.9375,96.60983333333333,96.60983333333333,0.9872833333333332,0.9166666666666666
i8,74.809225,0.8544174999999999,0.5,80.97693833333335,80.97693833333335,0.8853848333333336,0.6333333333333333
