model,testScore,testavgFB,testG,default,trainScore,trainavgFB,trainG
original,96.24095,0.973085,0.9375,95.59281166666666,95.59281166666666,0.9870401666666666,0.8833333333333333
none,96.24095,0.973085,0.9375,95.59281166666666,95.59281166666666,0.9870401666666666,0.8833333333333333
f16,96.24095,0.973085,0.9375,95.59032666666667,95.59032666666667,0.9870046666666666,0.8833333333333333
i8,78.14070625,0.875224375,0.5625,82.39024333333333,82.39024333333333,0.8841463333333334,0.6833333333333333
