model,testScore,testavgFB,testG,default,trainScore,trainavgFB,trainG
original,96.86613750000001,0.98201625,0.9375,96.083175,96.083175,0.9869024999999999,0.9
none,96.86613750000001,0.98201625,0.9375,96.083175,96.083175,0.9869024999999999,0.9
f16,96.86613750000001,0.98201625,0.9375,96.08371166666666,96.08371166666666,0.9869101666666666,0.9
i8,85.26515,0.896645,0.75,84.90274500000001,84.90274500000001,0.9057535000000001,0.7166666666666667
