model,testScore,testavgFB,testG,default,trainScore,trainavgFB,trainG
original,96.49369374999999,0.976695625,0.9375,94.829425,94.829425,0.9832775,0.8666666666666667
none,96.49369374999999,0.976695625,0.9375,94.829425,94.829425,0.9832775,0.8666666666666667
f16,96.49369374999999,0.976695625,0.9375,94.829425,94.829425,0.9832775,0.8666666666666667
i8,89.03465625,0.923709375,0.8125,88.48750833333334,88.48750833333334,0.9355358333333335,0.7666666666666667
