model,testScore,testavgFB,testG,default,trainScore,trainavgFB,trainG
original,96.69363125000001,0.9795518750000001,0.9375,93.03915999999998,93.03915999999998,0.9719879999999997,0.8333333333333334
none,96.69363125000001,0.9795518750000001,0.9375,93.03915999999998,93.03915999999998,0.9719879999999997,0.8333333333333334
f16,96.69363125000001,0.9795518750000001,0.9375,93.04362833333333,93.04362833333333,0.9720518333333332,0.8333333333333334
i8,75.44885000000001,0.8635550000000001,0.5,83.19175666666666,83.19175666666666,0.8884536666666667,0.7
