model,testScore,testavgFB,testG,default,trainScore,trainavgFB,trainG
original,96.52278749999999,0.97711125,0.9375,95.060985,95.060985,0.9865855,0.8666666666666667
none,96.52278749999999,0.97711125,0.9375,95.060985,95.060985,0.9865855,0.8666666666666667
f16,96.52278749999999,0.97711125,0.9375,95.06032,95.06032,0.986576,0.8666666666666667
i8,80.57378125,0.883196875,0.625,82.35665333333333,82.35665333333333,0.8908093333333332,0.6666666666666666
