model,testScore,testavgFB,testG,default,trainScore,trainavgFB,trainG
original,96.2868875,0.97374125,0.9375,97.20764666666665,97.20764666666665,0.9886806666666664,0.9333333333333333
none,96.2868875,0.97374125,0.9375,97.20764666666665,97.20764666666665,0.9886806666666664,0.9333333333333333
f16,96.2868875,0.97374125,0.9375,97.20764666666665,97.20764666666665,0.9886806666666664,0.9333333333333333
i8,70.03623124999999,0.7862318749999999,0.5,77.30306999999999,77.30306999999999,0.8329009999999999,0.6333333333333333
