model,testScore,testavgFB,testG,default,trainScore,trainavgFB,trainG
original,96.45370625,0.976124375,0.9375,96.41783499999998,96.41783499999998,0.9845404999999998,0.9166666666666666
none,96.45370625,0.976124375,0.9375,96.41783499999998,96.41783499999998,0.9845404999999998,0.9166666666666666
f16,96.45370625,0.976124375,0.9375,96.41986499999999,96.41986499999999,0.9845694999999998,0.9166666666666666
i8,56.42439375,0.725705625,0.1875,73.71397666666667,73.71397666666667,0.8101996666666668,0.5666666666666667
