model,testScore,testavgFB,testG,default,trainScore,trainavgFB,trainG
original,96.78992500000001,0.9809275000000001,0.9375,94.67434,94.67434,0.9810620000000001,0.8666666666666667
none,96.78992500000001,0.9809275000000001,0.9375,94.67434,94.67434,0.9810620000000001,0.8666666666666667
f16,96.78992500000001,0.9809275000000001,0.9375,94.67434,94.67434,0.9810620000000001,0.8666666666666667
i8,90.55094375,0.945370625,0.8125,90.31982,90.31982,0.9474260000000001,0.8
