model,testScore,testavgFB,testG,default,trainScore,trainavgFB,trainG
original,96.32845,0.9743350000000001,0.9375,96.09546,96.09546,0.987078,0.9
none,96.32845,0.9743350000000001,0.9375,96.09546,96.09546,0.987078,0.9
f16,96.32845,0.9743350000000001,0.9375,96.09323166666667,96.09323166666667,0.9870461666666667,0.9
i8,77.6751125,0.89535875,0.5,81.67012833333335,81.67012833333335,0.8810018333333336,0.6666666666666666
