model,testScore,testavgFB,testG,default,trainScore,trainavgFB,trainG
original,96.61374375000001,0.9784106250000001,0.9375,96.75840833333334,96.75840833333334,0.9894058333333333,0.9166666666666666
none,96.61374375000001,0.9784106250000001,0.9375,96.75840833333334,96.75840833333334,0.9894058333333333,0.9166666666666666
f16,96.61374375000001,0.9784106250000001,0.9375,96.75840833333334,96.75840833333334,0.9894058333333333,0.9166666666666666
i8,58.8063625,0.75973375,0.1875,74.93801166666665,74.93801166666665,0.8134001666666665,0.6
