model,testScore,testavgFB,testG,default,trainScore,trainavgFB,trainG
original,96.58968125000001,0.9780668750000001,0.9375,94.65696833333332,94.65696833333332,0.9808138333333332,0.8666666666666667
none,96.58968125000001,0.9780668750000001,0.9375,94.65696833333332,94.65696833333332,0.9808138333333332,0.8666666666666667
f16,96.58968125000001,0.9780668750000001,0.9375,94.65696833333332,94.65696833333332,0.9808138333333332,0.8666666666666667
i8,77.1123125,0.8873187499999999,0.5,81.28409166666668,81.28409166666668,0.8683441666666668,0.6833333333333333
