model,testScore,testavgFB,testG,default,trainScore,trainavgFB,trainG
original,96.786075,0.9808725,0.9375,95.45147,95.45147,0.9850209999999999,0.8833333333333333
none,96.786075,0.9808725,0.9375,95.45147,95.45147,0.9850209999999999,0.8833333333333333
f16,96.786075,0.9808725,0.9375,95.45381499999999,95.45381499999999,0.9850544999999999,0.8833333333333333
i8,90.87828125,0.9500468750000001,0.8125,88.71962666666668,88.71962666666668,0.9459946666666669,0.75
