model,testScore,testavgFB,testG,default,trainScore,trainavgFB,trainG
original,96.47046250000001,0.9763637500000001,0.9375,94.61656666666666,94.61656666666666,0.9802366666666665,0.8666666666666667
none,96.47046250000001,0.9763637500000001,0.9375,94.61656666666666,94.61656666666666,0.9802366666666665,0.8666666666666667
f16,96.47046250000001,0.9763637500000001,0.9375,94.61656666666666,94.61656666666666,0.9802366666666665,0.8666666666666667
i8,75.12225624999999,0.858889375,0.5,78.90306166666667,78.90306166666667,0.8486151666666667,0.65
