model,testScore,testavgFB,testG,default,trainScore,trainavgFB,trainG
original,96.61916875,0.978488125,0.9375,97.06005166666667,97.06005166666667,0.9865721666666666,0.9333333333333333
none,96.61916875,0.978488125,0.9375,97.06005166666667,97.06005166666667,0.9865721666666666,0.9333333333333333
f16,96.61916875,0.978488125,0.9375,97.06005166666667,97.06005166666667,0.9865721666666666,0.9333333333333333
i8,78.755875,0.8840125000000001,0.5625,82.41204666666668,82.41204666666668,0.8916006666666669,0.6666666666666666
