model,testScore,testavgFB,testG,default,trainScore,trainavgFB,trainG
original,96.51705625,0.977029375,0.9375,95.742485,95.742485,0.9820355,0.9
none,96.51705625,0.977029375,0.9375,95.742485,95.742485,0.9820355,0.9
f16,96.51705625,0.977029375,0.9375,95.742485,95.742485,0.9820355,0.9
i8,71.93440625000002,0.8401343750000002,0.4375,80.72622333333334,80.72622333333334,0.8746603333333334,0.65
