model,testScore,testavgFB,testG,default,trainScore,trainavgFB,trainG
original,96.59913125000001,0.9782018750000001,0.9375,96.56732000000001,96.56732000000001,0.9866760000000002,0.9166666666666666
none,96.59913125000001,0.9782018750000001,0.9375,96.56732000000001,96.56732000000001,0.9866760000000002,0.9166666666666666
f16,96.59913125000001,0.9782018750000001,0.9375,96.56670166666669,96.56670166666669,0.9866671666666669,0.9166666666666666
i8,72.23598125000001,0.8176568750000002,0.5,80.23581666666666,80.23581666666666,0.8605116666666667,0.6666666666666666
