model,testScore,testavgFB,testG,default,trainScore,trainavgFB,trainG
original,94.36249375,0.9730356250000001,0.875,96.12516333333333,96.12516333333333,0.9875023333333333,0.9
none,94.36249375,0.9730356250000001,0.875,96.12516333333333,96.12516333333333,0.9875023333333333,0.9
f16,94.36249375,0.9730356250000001,0.875,96.13096166666666,96.13096166666666,0.9875851666666666,0.9
i8,81.31683749999999,0.86702625,0.6875,81.26845999999998,81.26845999999998,0.8609779999999998,0.7
