model,testScore,testavgFB,testG,default,trainScore,trainavgFB,trainG
original,96.57139375,0.977805625,0.9375,97.35793666666666,97.35793666666666,0.9908276666666667,0.9333333333333333
none,96.57139375,0.977805625,0.9375,97.35793666666666,97.35793666666666,0.9908276666666667,0.9333333333333333
f16,96.57139375,0.977805625,0.9375,97.35867166666667,97.35867166666667,0.9908381666666666,0.9333333333333333
i8,78.46218125,0.879816875,0.5625,85.13392999999999,85.13392999999999,0.916199,0.7
