model,testScore,testavgFB,testG,default,trainScore,trainavgFB,trainG
original,96.78992500000001,0.9809275000000001,0.9375,96.43565000000001,96.43565000000001,0.9847950000000001,0.9166666666666666
none,96.78992500000001,0.9809275000000001,0.9375,96.43565000000001,96.43565000000001,0.9847950000000001,0.9166666666666666
f16,96.78992500000001,0.9809275000000001,0.9375,96.43565000000001,96.43565000000001,0.9847950000000001,0.9166666666666666
i8,90.34138125000001,0.9423768750000001,0.8125,91.467845,91.467845,0.9566834999999999,0.8166666666666667
