model,testScore,testavgFB,testG,default,trainScore,trainavgFB,trainG
original,96.56754375,0.977750625,0.9375,97.26365833333332,97.26365833333332,0.9894808333333331,0.9333333333333333
none,96.56754375,0.977750625,0.9375,97.26365833333332,97.26365833333332,0.9894808333333331,0.9333333333333333
f16,96.56754375,0.977750625,0.9375,97.26469666666665,97.26469666666665,0.9894956666666664,0.9333333333333333
i8,67.97494375000001,0.7835706250000001,0.4375,78.22589166666668,78.22589166666668,0.846084166666667,0.6333333333333333
