model,testScore,testavgFB,testG,default,trainScore,trainavgFB,trainG
original,94.34009375,0.972715625,0.875,95.46797833333333,95.46797833333333,0.9852568333333334,0.8833333333333333
none,94.34009375,0.972715625,0.875,95.46797833333333,95.46797833333333,0.9852568333333334,0.8833333333333333
f16,94.34009375,0.972715625,0.875,95.46797833333333,95.46797833333333,0.9852568333333334,0.8833333333333333
i8,74.74171875000002,0.8534531250000001,0.5,80.92899166666666,80.92899166666666,0.8704141666666666,0.6666666666666666
