model,testScore,testavgFB,testG,default,trainScore,trainavgFB,trainG
original,96.60827499999999,0.9783324999999999,0.9375,95.620485,95.620485,0.9874355000000001,0.8833333333333333
none,96.60827499999999,0.9783324999999999,0.9375,95.620485,95.620485,0.9874355000000001,0.8833333333333333
f16,96.60827499999999,0.9783324999999999,0.9375,95.620485,95.620485,0.9874355000000001,0.8833333333333333
i8,64.19125000000001,0.8098750000000001,0.25,75.30781833333334,75.30781833333334,0.8329688333333335,0.5666666666666667
