model,testScore,testavgFB,testG,default,trainScore,trainavgFB,trainG
original,96.81744375000001,0.9813206250000001,0.9375,95.995185,95.995185,0.9856455000000002,0.9
none,96.81744375000001,0.9813206250000001,0.9375,95.995185,95.995185,0.9856455000000002,0.9
f16,96.81744375000001,0.9813206250000001,0.9375,95.99225666666668,95.99225666666668,0.9856036666666668,0.9
i8,74.9486625,0.82962375,0.5625,80.44815833333332,80.44815833333332,0.8778308333333332,0.6333333333333333
