model,testScore,testavgFB,testG,default,trainScore,trainavgFB,trainG
original,96.78953125000001,0.980921875,0.9375,95.96440833333334,95.96440833333334,0.9852058333333333,0.9
none,96.78953125000001,0.980921875,0.9375,95.96440833333334,95.96440833333334,0.9852058333333333,0.9
f16,96.78953125000001,0.980921875,0.9375,95.96545833333333,95.96545833333333,0.9852208333333333,0.9
i8,56.84369375,0.731695625,0.1875,73.51901666666669,73.51901666666669,0.8002716666666668,0.5833333333333334
