model,testScore,testavgFB,testG,default,trainScore,trainavgFB,trainG
original,96.64813125,0.978901875,0.9375,95.99218666666665,95.99218666666665,0.9856026666666664,0.9
none,96.64813125,0.978901875,0.9375,95.99218666666665,95.99218666666665,0.9856026666666664,0.9
f16,96.64813125,0.978901875,0.9375,95.99218666666665,95.99218666666665,0.9856026666666664,0.9
i8,60.02655000000001,0.7771650000000001,0.1875,75.273125,75.273125,0.8181875,0.6
