model,testScore,testavgFB,testG,default,trainScore,trainavgFB,trainG
original,96.6269125,0.97859875,0.9375,96.65920666666666,96.65920666666666,0.9879886666666666,0.9166666666666666
none,96.6269125,0.97859875,0.9375,96.65920666666666,96.65920666666666,0.9879886666666666,0.9166666666666666
f16,96.6269125,0.97859875,0.9375,96.65920666666666,96.65920666666666,0.9879886666666666,0.9166666666666666
i8,82.067675,0.8777524999999999,0.6875,83.76049499999999,83.76049499999999,0.8965785,0.7
