model,testScore,testavgFB,testG,default,trainScore,trainavgFB,trainG
original,96.6398625,0.9787837500000001,0.9375,96.84943166666667,96.84943166666667,0.9907061666666668,0.9166666666666666
none,96.6398625,0.9787837500000001,0.9375,96.84943166666667,96.84943166666667,0.9907061666666668,0.9166666666666666
f16,96.6398625,0.9787837500000001,0.9375,96.84688833333334,96.84688833333334,0.9906698333333334,0.9166666666666666
i8,71.8116,0.8383799999999999,0.4375,78.04047166666668,78.04047166666668,0.8505781666666667,0.6166666666666667
