model,testScore,testavgFB,testG,default,trainScore,trainavgFB,trainG
original,96.58810625,0.978044375,0.9375,96.66889,96.66889,0.9881270000000001,0.9166666666666666
none,96.58810625,0.978044375,0.9375,96.66889,96.66889,0.9881270000000001,0.9166666666666666
f16,96.58810625,0.978044375,0.9375,96.66889,96.66889,0.9881270000000001,0.9166666666666666
i8,69.92610624999999,0.8114443749999999,0.4375,75.93783166666667,75.93783166666667,0.8348261666666666,0.5833333333333334
