model,testScore,testavgFB,testG,default,trainScore,trainavgFB,trainG
original,96.7537,0.98041,0.9375,97.68550333333332,97.68550333333332,0.9883643333333331,0.95
none,96.7537,0.98041,0.9375,97.68550333333332,97.68550333333332,0.9883643333333331,0.95
f16,96.7537,0.98041,0.9375,97.68343833333333,97.68343833333333,0.9883348333333332,0.95
i8,69.246625,0.8017375,0.4375,77.70364500000001,77.70364500000001,0.8386235000000001,0.6333333333333333
