model,testScore,testavgFB,testG,default,trainScore,trainavgFB,trainG
original,96.71681875,0.979883125,0.9375,94.54017333333333,94.54017333333333,0.9791453333333332,0.8666666666666667
none,96.71681875,0.979883125,0.9375,94.54017333333333,94.54017333333333,0.9791453333333332,0.8666666666666667
f16,96.71681875,0.979883125,0.9375,94.54457166666666,94.54457166666666,0.9792081666666665,0.8666666666666667
i8,71.51804374999999,0.8074006249999999,0.5,76.63685333333333,76.63685333333333,0.8376693333333333,0.6
