model,testScore,testavgFB,testG,default,trainScore,trainavgFB,trainG
original,96.78926875,0.9809181250000001,0.9375,96.52071166666667,96.52071166666667,0.9860101666666667,0.9166666666666666
none,96.78926875,0.9809181250000001,0.9375,96.52071166666667,96.52071166666667,0.9860101666666667,0.9166666666666666
f16,96.78926875,0.9809181250000001,0.9375,96.52324333333334,96.52324333333334,0.9860463333333335,0.9166666666666666
i8,82.07790624999998,0.9046843749999999,0.625,84.26059833333332,84.26059833333332,0.9037228333333333,0.7
