model,testScore,testavgFB,testG,default,trainScore,trainavgFB,trainG
original,96.7803,0.98079,0.9375,96.108515,96.108515,0.9872645,0.9
none,96.7803,0.98079,0.9375,96.108515,96.108515,0.9872645,0.9
f16,96.7803,0.98079,0.9375,96.10982166666666,96.10982166666666,0.9872831666666666,0.9
i8,80.71176875,0.885168125,0.625,82.41209333333333,82.41209333333333,0.8916013333333332,0.6666666666666666
