model,testScore,testavgFB,testG,default,trainScore,trainavgFB,trainG
original,96.4445625,0.97599375,0.9375,96.68351999999999,96.68351999999999,0.9883359999999999,0.9166666666666666
none,96.4445625,0.97599375,0.9375,96.68351999999999,96.68351999999999,0.9883359999999999,0.9166666666666666
f16,96.4445625,0.97599375,0.9375,96.68455833333333,96.68455833333333,0.9883508333333332,0.9166666666666666
i8,79.54425625,0.868489375,0.625,82.86178666666667,82.86178666666667,0.8908826666666668,0.6833333333333333
