model,testScore,testavgFB,testG,default,trainScore,trainavgFB,trainG
original,96.2895125,0.9737787499999999,0.9375,95.43385333333333,95.43385333333333,0.9847693333333333,0.8833333333333333
none,96.2895125,0.9737787499999999,0.9375,95.43385333333333,95.43385333333333,0.9847693333333333,0.8833333333333333
f16,96.2895125,0.9737787499999999,0.9375,95.43476333333334,95.43476333333334,0.9847823333333333,0.8833333333333333
i8,80.10810000000001,0.90333,0.5625,84.39435499999999,84.39435499999999,0.9127764999999999,0.6833333333333333
