model,testScore,testavgFB,testG,default,trainScore,trainavgFB,trainG
original,96.8437375,0.98169625,0.9375,96.17139833333334,96.17139833333334,0.9881628333333334,0.9
none,96.8437375,0.98169625,0.9375,96.17139833333334,96.17139833333334,0.9881628333333334,0.9
f16,96.8437375,0.98169625,0.9375,96.17139833333334,96.17139833333334,0.9881628333333334,0.9
i8,81.70498125,0.899356875,0.625,82.53668166666668,82.53668166666668,0.8933811666666668,0.6666666666666666
