model,testScore,testavgFB,testG,default,trainScore,trainavgFB,trainG
original,96.40024375,0.9753606250000001,0.9375,96.01845999999999,96.01845999999999,0.9859779999999999,0.9
none,96.40024375,0.9753606250000001,0.9375,96.01845999999999,96.01845999999999,0.9859779999999999,0.9
f16,96.40024375,0.9753606250000001,0.9375,96.02110833333333,96.02110833333333,0.9860158333333333,0.9
i8,72.233575,0.8176224999999999,0.5,79.01668333333333,79.01668333333333,0.8502383333333334,0.65
