model,testScore,testavgFB,testG,default,trainScore,trainavgFB,trainG
original,96.6626125,0.97910875,0.9375,95.97158333333334,95.97158333333334,0.9853083333333335,0.9
none,96.6626125,0.97910875,0.9375,95.97158333333334,95.97158333333334,0.9853083333333335,0.9
f16,96.6626125,0.97910875,0.9375,95.97158333333334,95.97158333333334,0.9853083333333335,0.9
i8,88.43295625,0.941899375,0.75,89.24708833333334,89.24708833333334,0.9535298333333333,0.75
