model,testScore,testavgFB,testG,default,trainScore,trainavgFB,trainG
original,96.58569999999999,0.9780099999999999,0.9375,95.06904833333333,95.06904833333333,0.9795578333333333,0.8833333333333333
none,96.58569999999999,0.9780099999999999,0.9375,95.06904833333333,95.06904833333333,0.9795578333333333,0.8833333333333333
f16,96.58569999999999,0.9780099999999999,0.9375,95.06980666666666,95.06980666666666,0.9795686666666666,0.8833333333333333
i8,78.31689374999999,0.850955625,0.625,80.16960833333331,80.16960833333331,0.8595658333333331,0.6666666666666666
