model,testScore,testavgFB,testG,default,trainScore,trainavgFB,trainG
original,96.54313125,0.977401875,0.9375,96.08259166666667,96.08259166666667,0.9868941666666667,0.9
none,96.54313125,0.977401875,0.9375,96.08259166666667,96.08259166666667,0.9868941666666667,0.9
f16,96.54313125,0.977401875,0.9375,96.08247499999999,96.08247499999999,0.9868924999999997,0.9
i8,78.76650624999999,0.8841643749999999,0.5625,82.83444,82.83444,0.8904920000000001,0.6833333333333333
