model,testScore,testavgFB,testG,default,trainScore,trainavgFB,trainG
original,96.5847375,0.9779962500000001,0.9375,95.45607999999999,95.45607999999999,0.9779439999999998,0.9
none,96.5847375,0.9779962500000001,0.9375,95.45607999999999,95.45607999999999,0.9779439999999998,0.9
f16,96.5847375,0.9779962500000001,0.9375,95.45607999999999,95.45607999999999,0.9779439999999998,0.9
i8,81.97947500000001,0.8764925,0.6875,82.55050833333334,82.55050833333334,0.8864358333333334,0.6833333333333333
