model,testScore,testavgFB,testG,default,trainScore,trainavgFB,trainG
original,96.63001875,0.9786431250000001,0.9375,95.94344333333333,95.94344333333333,0.9849063333333333,0.9
none,96.63001875,0.9786431250000001,0.9375,95.94344333333333,95.94344333333333,0.9849063333333333,0.9
f16,96.63001875,0.9786431250000001,0.9375,95.94200833333333,95.94200833333333,0.9848858333333333,0.9
i8,78.4967,0.8803100000000001,0.5625,81.02178500000001,81.02178500000001,0.8860255000000001,0.6333333333333333
