model,testScore,testavgFB,testG,default,trainScore,trainavgFB,trainG
original,96.81306875,0.981258125,0.9375,95.39090833333334,95.39090833333334,0.9841558333333336,0.8833333333333333
none,96.81306875,0.981258125,0.9375,95.39090833333334,95.39090833333334,0.9841558333333336,0.8833333333333333
f16,96.81306875,0.981258125,0.9375,95.39149166666668,95.39149166666668,0.9841641666666668,0.8833333333333333
i8,87.77635624999999,0.9325193749999999,0.75,90.15128166666668,90.15128166666668,0.9521611666666667,0.7833333333333333
