model,testScore,testavgFB,testG,default,trainScore,trainavgFB,trainG
original,96.51972500000001,0.9770675000000001,0.9375,93.65636166666668,93.65636166666668,0.9808051666666668,0.8333333333333334
none,96.51972500000001,0.9770675000000001,0.9375,93.65636166666668,93.65636166666668,0.9808051666666668,0.8333333333333334
f16,96.51972500000001,0.9770675000000001,0.9375,93.65576666666668,93.65576666666668,0.9807966666666668,0.8333333333333334
i8,87.39756875,0.9271081250000002,0.75,86.85814666666666,86.85814666666666,0.9408306666666665,0.7
