model,testScore,testavgFB,testG,default,trainScore,trainavgFB,trainG
original,96.77666875,0.980738125,0.9375,94.88618333333334,94.88618333333334,0.9840883333333335,0.8666666666666667
none,96.77666875,0.980738125,0.9375,94.88618333333334,94.88618333333334,0.9840883333333335,0.8666666666666667
f16,96.77666875,0.980738125,0.9375,94.88618333333334,94.88618333333334,0.9840883333333335,0.8666666666666667
i8,90.6272,0.94646,0.8125,89.81991166666666,89.81991166666666,0.9545701666666666,0.7666666666666667
