model,testScore,testavgFB,testG,default,trainScore,trainavgFB,trainG
original,96.20945,0.9726350000000001,0.9375,94.81774666666666,94.81774666666666,0.9831106666666667,0.8666666666666667
none,96.20945,0.9726350000000001,0.9375,94.81774666666666,94.81774666666666,0.9831106666666667,0.8666666666666667
f16,96.20945,0.9726350000000001,0.9375,94.81774666666666,94.81774666666666,0.9831106666666667,0.8666666666666667
i8,77.72569375,0.869295625,0.5625,81.08247833333334,81.08247833333334,0.8726068333333333,0.6666666666666666
