model,testScore,testavgFB,testG,default,trainScore,trainavgFB,trainG
original,96.47234375000001,0.9763906250000001,0.9375,96.226815,96.226815,0.9889545000000001,0.9
none,96.47234375000001,0.9763906250000001,0.9375,96.226815,96.226815,0.9889545000000001,0.9
f16,96.47234375000001,0.9763906250000001,0.9375,96.229335,96.229335,0.9889905,0.9
i8,79.710425,0.8440775,0.6875,78.73199,78.73199,0.8604569999999998,0.6166666666666667
