model,testScore,testavgFB,testG,default,trainScore,trainavgFB,trainG
original,96.675825,0.9792975,0.9375,96.37872833333333,96.37872833333333,0.9839818333333332,0.9166666666666666
none,96.675825,0.9792975,0.9375,96.37872833333333,96.37872833333333,0.9839818333333332,0.9166666666666666
f16,96.675825,0.9792975,0.9375,96.37872833333333,96.37872833333333,0.9839818333333332,0.9166666666666666
i8,93.33296874999999,0.958328125,0.875,90.54652666666667,90.54652666666667,0.9506646666666666,0.8
