model,testScore,testavgFB,testG,default,trainScore,trainavgFB,trainG
original,96.6130875,0.97840125,0.9375,94.90536333333333,94.90536333333333,0.9843623333333332,0.8666666666666667
none,96.6130875,0.97840125,0.9375,94.90536333333333,94.90536333333333,0.9843623333333332,0.8666666666666667
f16,96.6130875,0.97840125,0.9375,94.90448833333332,94.90448833333332,0.9843498333333331,0.8666666666666667
i8,82.87166875,0.8892381250000001,0.6875,86.12682499999998,86.12682499999998,0.9160974999999998,0.7333333333333333
