model,testScore,testavgFB,testG,default,trainScore,trainavgFB,trainG
original,96.62686875,0.9785981250000001,0.9375,96.63149833333334,96.63149833333334,0.9875928333333335,0.9166666666666666
none,96.62686875,0.9785981250000001,0.9375,96.63149833333334,96.63149833333334,0.9875928333333335,0.9166666666666666
f16,96.62686875,0.9785981250000001,0.9375,96.62830166666667,96.62830166666667,0.9875471666666668,0.9166666666666666
i8,73.18995625,0.8044993749999999,0.5625,79.148075,79.148075,0.8449725000000001,0.6666666666666666
