model,testScore,testavgFB,testG,default,trainScore,trainavgFB,trainG
original,96.87361875,0.982123125,0.9375,96.61384666666666,96.61384666666666,0.9873406666666666,0.9166666666666666
none,96.87361875,0.982123125,0.9375,96.61384666666666,96.61384666666666,0.9873406666666666,0.9166666666666666
f16,96.87361875,0.982123125,0.9375,96.61677499999999,96.61677499999999,0.9873824999999999,0.9166666666666666
i8,89.5674,0.93132,0.8125,88.5844,88.5844,0.9369200000000001,0.7666666666666667
