model,testScore,testavgFB,testG,default,trainScore,trainavgFB,trainG
original,96.48756875000001,0.976608125,0.9375,94.47322833333332,94.47322833333332,0.9853318333333333,0.85
none,96.48756875000001,0.976608125,0.9375,94.47322833333332,94.47322833333332,0.9853318333333333,0.85
f16,96.48756875000001,0.976608125,0.9375,94.47322833333332,94.47322833333332,0.9853318333333333,0.85
i8,86.02460625,0.907494375,0.75,85.47220666666666,85.47220666666666,0.9138886666666667,0.7166666666666667
