model,testScore,testavgFB,testG,default,trainScore,trainavgFB,trainG
original,96.5619875,0.9776712500000001,0.9375,95.03430333333334,95.03430333333334,0.9862043333333333,0.8666666666666667
none,96.5619875,0.9776712500000001,0.9375,95.03430333333334,95.03430333333334,0.9862043333333333,0.8666666666666667
f16,96.5619875,0.9776712500000001,0.9375,95.032705,95.032705,0.9861815000000002,0.8666666666666667
i8,59.298818749999995,0.739983125,0.25,76.08116,76.08116,0.822588,0.6166666666666667
