model,testScore,testavgFB,testG,default,trainScore,trainavgFB,trainG
original,96.54488125,0.977426875,0.9375,96.01756166666667,96.01756166666667,0.9859651666666666,0.9
none,96.54488125,0.977426875,0.9375,96.01756166666667,96.01756166666667,0.9859651666666666,0.9
f16,96.54488125,0.977426875,0.9375,96.01666333333333,96.01666333333333,0.9859523333333332,0.9
i8,69.31552500000001,0.8295075000000001,0.375,78.23953833333334,78.23953833333334,0.8605648333333333,0.6
