model,testScore,testavgFB,testG,default,trainScore,trainavgFB,trainG
original,96.53508125,0.9772868750000001,0.9375,95.46377833333332,95.46377833333332,0.9851968333333332,0.8833333333333333
none,96.53508125,0.9772868750000001,0.9375,95.46377833333332,95.46377833333332,0.9851968333333332,0.8833333333333333
f16,96.53508125,0.9772868750000001,0.9375,95.46696333333333,95.46696333333333,0.9852423333333332,0.8833333333333333
i8,81.08416875,0.8904881250000002,0.625,80.26742833333333,80.26742833333333,0.8823918333333334,0.6166666666666667
