model,testScore,testavgFB,testG,default,trainScore,trainavgFB,trainG
original,96.58679375,0.978025625,0.9375,96.10129333333333,96.10129333333333,0.9871613333333332,0.9
none,96.58679375,0.978025625,0.9375,96.10129333333333,96.10129333333333,0.9871613333333332,0.9
f16,96.58679375,0.978025625,0.9375,96.10129333333333,96.10129333333333,0.9871613333333332,0.9
i8,75.38685625,0.8626693749999998,0.5,80.50836,80.50836,0.871548,0.65
