model,testScore,testavgFB,testG,default,trainScore,trainavgFB,trainG
original,96.74849375000001,0.9803356250000002,0.9375,96.67905166666667,96.67905166666667,0.9882721666666666,0.9166666666666666
none,96.74849375000001,0.9803356250000002,0.9375,96.67905166666667,96.67905166666667,0.9882721666666666,0.9166666666666666
f16,96.74849375000001,0.9803356250000002,0.9375,96.67905166666667,96.67905166666667,0.9882721666666666,0.9166666666666666
i8,71.85898125,0.839056875,0.4375,77.07657166666667,77.07657166666667,0.8368081666666668,0.6166666666666667
