model,testScore,testavgFB,testG,default,trainScore,trainavgFB,trainG
original,96.62249375,0.978535625,0.9375,95.69260833333334,95.69260833333334,0.9884658333333335,0.8833333333333333
none,96.62249375,0.978535625,0.9375,95.69260833333334,95.69260833333334,0.9884658333333335,0.8833333333333333
f16,96.62249375,0.978535625,0.9375,95.69260833333334,95.69260833333334,0.9884658333333335,0.8833333333333333
i8,59.721312499999996,0.74601875,0.25,73.11379833333334,73.11379833333334,0.7944828333333335,0.5833333333333334
