model,testScore,testavgFB,testG,default,trainScore,trainavgFB,trainG
original,96.29765,0.9738950000000001,0.9375,95.89713833333333,95.89713833333333,0.9842448333333333,0.9
none,96.29765,0.9738950000000001,0.9375,95.89713833333333,95.89713833333333,0.9842448333333333,0.9
f16,96.29765,0.9738950000000001,0.9375,95.90138499999999,95.90138499999999,0.9843054999999999,0.9
i8,82.20303125000001,0.906471875,0.625,84.61693166666669,84.61693166666669,0.9159561666666669,0.6833333333333333
