model,testScore,testavgFB,testG,default,trainScore,trainavgFB,trainG
original,96.67831874999999,0.9793331249999999,0.9375,96.10846833333332,96.10846833333332,0.9872638333333332,0.9
none,96.67831874999999,0.9793331249999999,0.9375,96.10846833333332,96.10846833333332,0.9872638333333332,0.9
f16,96.687725,0.9794674999999999,0.9375,96.10846833333332,96.10846833333332,0.9872638333333332,0.9
i8,85.67898124999999,0.902556875,0.75,83.72761666666668,83.72761666666668,0.9032516666666667,0.6833333333333333
