model,testScore,testavgFB,testG,default,trainScore,trainavgFB,trainG
original,96.83118125,0.9815168750000001,0.9375,95.93119333333333,95.93119333333333,0.9847313333333333,0.9
none,96.83118125,0.9815168750000001,0.9375,95.93119333333333,95.93119333333333,0.9847313333333333,0.9
f16,96.821775,0.9813825,0.9375,95.93119333333333,95.93119333333333,0.9847313333333333,0.9
i8,91.03131875,0.952233125,0.8125,90.86481666666667,90.86481666666667,0.9552116666666667,0.8
