model,testScore,testavgFB,testG,default,trainScore,trainavgFB,trainG
original,96.84185624999999,0.981669375,0.9375,95.96290333333333,95.96290333333333,0.9851843333333333,0.9
none,96.84185624999999,0.981669375,0.9375,95.96290333333333,95.96290333333333,0.9851843333333333,0.9
f16,96.84185624999999,0.981669375,0.9375,95.95828333333333,95.95828333333333,0.9851183333333332,0.9
i8,82.86339375,0.9159056250000001,0.625,86.47290666666666,86.47290666666666,0.9138986666666666,0.75
