model,testScore,testavgFB,testG,default,trainScore,trainavgFB,trainG
original,96.37548125,0.975006875,0.9375,96.20626999999999,96.20626999999999,0.9886609999999999,0.9
none,96.37548125,0.975006875,0.9375,96.20626999999999,96.20626999999999,0.9886609999999999,0.9
f16,96.37548125,0.975006875,0.9375,96.20525499999998,96.20525499999998,0.9886464999999998,0.9
i8,76.7757875,0.88251125,0.5,81.80728,81.80728,0.8901040000000001,0.65
