model,testScore,testavgFB,testG,default,trainScore,trainavgFB,trainG
original,96.70093750000001,0.9796562500000001,0.9375,95.55846500000001,95.55846500000001,0.9865495000000001,0.8833333333333333
none,96.70093750000001,0.9796562500000001,0.9375,95.55846500000001,95.55846500000001,0.9865495000000001,0.8833333333333333
f16,96.70093750000001,0.9796562500000001,0.9375,95.56174333333333,95.56174333333333,0.9865963333333333,0.8833333333333333
i8,63.09544999999999,0.7674349999999999,0.3125,74.25320166666667,74.25320166666667,0.8036171666666667,0.6
