model,testScore,testavgFB,testG,default,trainScore,trainavgFB,trainG
original,96.5985625,0.97819375,0.9375,96.69953833333332,96.69953833333332,0.9885648333333332,0.9166666666666666
none,96.5985625,0.97819375,0.9375,96.69953833333332,96.69953833333332,0.9885648333333332,0.9166666666666666
f16,96.5985625,0.97819375,0.9375,96.69953833333332,96.69953833333332,0.9885648333333332,0.9166666666666666
i8,74.44526875,0.8492181249999999,0.5,81.69006833333333,81.69006833333333,0.8741438333333333,0.6833333333333333
