model,testScore,testavgFB,testG,default,trainScore,trainavgFB,trainG
original,94.51513750000001,0.9752162500000001,0.875,96.58812166666667,96.58812166666667,0.9869731666666667,0.9166666666666666
none,94.51513750000001,0.9752162500000001,0.875,96.58812166666667,96.58812166666667,0.9869731666666667,0.9166666666666666
f16,94.51513750000001,0.9752162500000001,0.875,96.58812166666667,96.58812166666667,0.9869731666666667,0.9166666666666666
i8,68.81336875,0.795548125,0.4375,78.745855,78.745855,0.8392265,0.6666666666666666
