model,testScore,testavgFB,testG,default,trainScore,trainavgFB,trainG
original,96.87545625000001,0.9821493750000001,0.9375,96.0560616666667,96.0560616666667,0.9865151666666669,0.9
none,96.87545625000001,0.9821493750000001,0.9375,96.0560616666667,96.0560616666667,0.9865151666666669,0.9
f16,96.87545625000001,0.9821493750000001,0.9375,96.0560616666667,96.0560616666667,0.9865151666666669,0.9
i8,82.3517875,0.8818112499999999,0.6875,85.587275,85.587275,0.9155325000000001,0.7166666666666667
