model,testScore,testavgFB,testG,default,trainScore,trainavgFB,trainG
original,96.56951249999999,0.9777787499999999,0.9375,96.10663666666669,96.10663666666669,0.9872376666666669,0.9
none,96.56951249999999,0.9777787499999999,0.9375,96.10663666666669,96.10663666666669,0.9872376666666669,0.9
f16,96.56951249999999,0.9777787499999999,0.9375,96.10724333333334,96.10724333333334,0.9872463333333334,0.9
i8,74.73778125000001,0.853396875,0.5,81.052425,81.052425,0.8721775,0.6666666666666666
