model,testScore,testavgFB,testG,default,trainScore,trainavgFB,trainG
original,96.82628125000001,0.981446875,0.9375,97.13086833333332,97.13086833333332,0.9875838333333332,0.9333333333333333
none,96.82628125000001,0.981446875,0.9375,97.13086833333332,97.13086833333332,0.9875838333333332,0.9333333333333333
f16,96.82628125000001,0.981446875,0.9375,97.13086833333332,97.13086833333332,0.9875838333333332,0.9333333333333333
i8,83.01845,0.8913349999999999,0.6875,85.85133833333335,85.85133833333335,0.9193048333333335,0.7166666666666667
