model,testScore,testavgFB,testG,default,trainScore,trainavgFB,trainG
original,96.5488625,0.97748375,0.9375,96.70362166666665,96.70362166666665,0.9886231666666665,0.9166666666666666
none,96.5488625,0.97748375,0.9375,96.70362166666665,96.70362166666665,0.9886231666666665,0.9166666666666666
f16,96.5488625,0.97748375,0.9375,96.70362166666665,96.70362166666665,0.9886231666666665,0.9166666666666666
i8,69.01163749999999,0.8251662499999999,0.375,80.32496999999998,80.32496999999998,0.8760709999999997,0.6333333333333333
