model,testScore,testavgFB,testG,default,trainScore,trainavgFB,trainG
original,96.57130625,0.9778043750000001,0.9375,95.91309833333332,95.91309833333332,0.9844728333333332,0.9
none,96.57130625,0.9778043750000001,0.9375,95.91309833333332,95.91309833333332,0.9844728333333332,0.9
f16,96.57130625,0.9778043750000001,0.9375,95.91473166666667,95.91473166666667,0.9844961666666666,0.9
i8,55.97508125,0.719286875,0.1875,70.92465833333335,70.92465833333335,0.7917808333333336,0.5166666666666667
