model,testScore,testavgFB,testG,default,trainScore,trainavgFB,trainG
original,96.59208749999999,0.9781012499999999,0.9375,96.11272666666666,96.11272666666666,0.9873246666666666,0.9
none,96.59208749999999,0.9781012499999999,0.9375,96.11272666666666,96.11272666666666,0.9873246666666666,0.9
f16,96.59208749999999,0.9781012499999999,0.9375,96.11197999999999,96.11197999999999,0.9873139999999999,0.9
i8,82.1650625,0.87914375,0.6875,81.88193666666666,81.88193666666666,0.8840276666666667,0.6666666666666666
