model,testScore,testavgFB,testG,default,trainScore,trainavgFB,trainG
original,96.7310375,0.98008625,0.9375,97.15007166666666,97.15007166666666,0.9878581666666666,0.9333333333333333
none,96.7310375,0.98008625,0.9375,97.15007166666666,97.15007166666666,0.9878581666666666,0.9333333333333333
f16,96.7310375,0.98008625,0.9375,97.15007166666666,97.15007166666666,0.9878581666666666,0.9333333333333333
i8,85.28164375,0.8968806250000001,0.75,86.307995,86.307995,0.9258285000000002,0.7166666666666667
