model,testScore,testavgFB,testG,default,trainScore,trainavgFB,trainG
original,96.8306125,0.98150875,0.9375,97.252435,97.252435,0.9893205,0.9333333333333333
none,96.8306125,0.98150875,0.9375,97.252435,97.252435,0.9893205,0.9333333333333333
f16,96.8036625,0.9811237500000001,0.9375,97.252435,97.252435,0.9893205,0.9333333333333333
i8,71.44121874999999,0.806303125,0.5,78.61941999999999,78.61941999999999,0.851706,0.6333333333333333
