model,testScore,testavgFB,testG,default,trainScore,trainavgFB,trainG
original,96.80865,0.981195,0.9375,95.31814333333332,95.31814333333332,0.9831163333333333,0.8833333333333333
none,96.80865,0.981195,0.9375,95.31814333333332,95.31814333333332,0.9831163333333333,0.8833333333333333
f16,96.80865,0.981195,0.9375,95.31592666666666,95.31592666666666,0.9830846666666666,0.8833333333333333
i8,90.8652875,0.94986125,0.8125,91.04230166666667,91.04230166666667,0.9577471666666667,0.8
