model,testScore,testavgFB,testG,default,trainScore,trainavgFB,trainG
original,96.7803,0.98079,0.9375,96.14998999999999,96.14998999999999,0.9878569999999999,0.9
none,96.7803,0.98079,0.9375,96.14998999999999,96.14998999999999,0.9878569999999999,0.9
f16,96.7803,0.98079,0.9375,96.14998999999999,96.14998999999999,0.9878569999999999,0.9
i8,70.82350625,0.8242643749999999,0.4375,79.172235,79.172235,0.8524605,0.65
