model,testScore,testavgFB,testG,default,trainScore,trainavgFB,trainG
original,96.61374375,0.978410625,0.9375,96.65808666666665,96.65808666666665,0.9879726666666665,0.9166666666666666
none,96.61374375,0.978410625,0.9375,96.65808666666665,96.65808666666665,0.9879726666666665,0.9166666666666666
f16,96.61374375,0.978410625,0.9375,96.66185499999999,96.66185499999999,0.9880264999999999,0.9166666666666666
i8,75.86386250000001,0.86948375,0.5,80.32974166666668,80.32974166666668,0.8761391666666668,0.6333333333333333
