model,testScore,testavgFB,testG,default,trainScore,trainavgFB,trainG
original,96.44460624999999,0.975994375,0.9375,95.82191166666667,95.82191166666667,0.9831701666666667,0.9
none,96.44460624999999,0.975994375,0.9375,95.82191166666667,95.82191166666667,0.9831701666666667,0.9
f16,96.44460624999999,0.975994375,0.9375,95.82258833333333,95.82258833333333,0.9831798333333333,0.9
i8,79.28285,0.8647549999999999,0.625,82.73443333333333,82.73443333333333,0.8890633333333332,0.6833333333333333
