model,testScore,testavgFB,testG,default,trainScore,trainavgFB,trainG
original,96.84500625,0.981714375,0.9375,95.506105,95.506105,0.9858015000000001,0.8833333333333333
none,96.84500625,0.981714375,0.9375,95.506105,95.506105,0.9858015000000001,0.8833333333333333
f16,96.84500625,0.981714375,0.9375,95.50111166666667,95.50111166666667,0.9857301666666668,0.8833333333333333
i8,87.067475,0.9223925000000001,0.75,88.00078500000001,88.00078500000001,0.9357255000000001,0.75
