model,testScore,testavgFB,testG,default,trainScore,trainavgFB,trainG
original,96.7436375,0.9802662500000001,0.9375,95.15533666666667,95.15533666666667,0.9736476666666667,0.9
none,96.7436375,0.9802662500000001,0.9375,95.15533666666667,95.15533666666667,0.9736476666666667,0.9
f16,96.7436375,0.9802662500000001,0.9375,95.155815,95.155815,0.9736545,0.9
i8,81.58991875000001,0.897713125,0.625,83.99317333333332,83.99317333333332,0.907045333333333,0.6833333333333333
