model,testScore,testavgFB,testG,default,trainScore,trainavgFB,trainG
original,96.7999,0.98107,0.9375,97.24175999999999,97.24175999999999,0.9891679999999998,0.9333333333333333
none,96.7999,0.98107,0.9375,97.24175999999999,97.24175999999999,0.9891679999999998,0.9333333333333333
f16,96.7999,0.98107,0.9375,97.24079166666667,97.24079166666667,0.9891541666666667,0.9333333333333333
i8,67.92322499999999,0.8096174999999999,0.375,77.41258166666667,77.41258166666667,0.8487511666666667,0.6
