model,testScore,testavgFB,testG,default,trainScore,trainavgFB,trainG
original,96.80878125,0.981196875,0.9375,96.91757833333332,96.91757833333332,0.9845368333333332,0.9333333333333333
none,96.80878125,0.981196875,0.9375,96.91757833333332,96.91757833333332,0.9845368333333332,0.9333333333333333
f16,96.80878125,0.981196875,0.9375,96.91620166666667,96.91620166666667,0.9845171666666666,0.9333333333333333
i8,75.86049374999999,0.8694356249999999,0.5,79.01801333333334,79.01801333333334,0.8502573333333334,0.65
