model,testScore,testavgFB,testG,default,trainScore,trainavgFB,trainG
original,96.42413125,0.9757018749999999,0.9375,95.98337833333332,95.98337833333332,0.9854768333333332,0.9
none,96.42413125,0.9757018749999999,0.9375,95.98337833333332,95.98337833333332,0.9854768333333332,0.9
f16,96.42413125,0.9757018749999999,0.9375,95.98337833333332,95.98337833333332,0.9854768333333332,0.9
i8,79.829025,0.8725575,0.625,80.05784,80.05784,0.865112,0.65
