model,testScore,testavgFB,testG,default,trainScore,trainavgFB,trainG
original,96.53131875,0.977233125,0.9375,96.60769833333332,96.60769833333332,0.9872528333333331,0.9166666666666666
none,96.53131875,0.977233125,0.9375,96.60769833333332,96.60769833333332,0.9872528333333331,0.9166666666666666
f16,96.53131875,0.977233125,0.9375,96.60769833333332,96.60769833333332,0.9872528333333331,0.9166666666666666
i8,73.79242500000001,0.8666775,0.4375,81.16545166666667,81.16545166666667,0.8737921666666667,0.6666666666666666
