model,testScore,testavgFB,testG,default,trainScore,trainavgFB,trainG
original,96.564525,0.9777075,0.9375,95.60535333333333,95.60535333333333,0.9872193333333332,0.8833333333333333
none,96.564525,0.9777075,0.9375,95.60535333333333,95.60535333333333,0.9872193333333332,0.8833333333333333
f16,96.564525,0.9777075,0.9375,95.60216833333332,95.60216833333332,0.9871738333333332,0.8833333333333333
i8,80.58834999999999,0.883405,0.625,83.10018333333335,83.10018333333335,0.8942883333333335,0.6833333333333333
