model,testScore,testavgFB,testG,default,trainScore,trainavgFB,trainG
original,96.79924374999999,0.9810606249999999,0.9375,95.92610666666666,95.92610666666666,0.9846586666666666,0.9
none,96.79924374999999,0.9810606249999999,0.9375,95.92610666666666,95.92610666666666,0.9846586666666666,0.9
f16,96.79924374999999,0.9810606249999999,0.9375,95.92610666666666,95.92610666666666,0.9846586666666666,0.9
i8,93.018975,0.9538424999999999,0.875,92.39294333333332,92.39294333333332,0.9627563333333332,0.8333333333333334
