model,testScore,testavgFB,testG,default,trainScore,trainavgFB,trainG
original,96.808125,0.9811875000000001,0.9375,97.05669166666667,97.05669166666667,0.9865241666666666,0.9333333333333333
none,96.808125,0.9811875000000001,0.9375,97.05669166666667,97.05669166666667,0.9865241666666666,0.9333333333333333
f16,96.808125,0.9811875000000001,0.9375,97.05669166666667,97.05669166666667,0.9865241666666666,0.9333333333333333
i8,83.14090625,0.8930843749999999,0.6875,86.38182499999996,86.38182499999996,0.9125974999999996,0.75
