model,testScore,testavgFB,testG,default,trainScore,trainavgFB,trainG
original,96.60875625,0.978339375,0.9375,96.68483833333332,96.68483833333332,0.9883548333333331,0.9166666666666666
none,96.60875625,0.978339375,0.9375,96.68483833333332,96.68483833333332,0.9883548333333331,0.9166666666666666
f16,96.60875625,0.978339375,0.9375,96.68483833333332,96.68483833333332,0.9883548333333331,0.9166666666666666
i8,84.80800625,0.890114375,0.75,84.85760499999998,84.85760499999998,0.9122514999999997,0.7
