model,testScore,testavgFB,testG,default,trainScore,trainavgFB,trainG
original,96.9266,0.98288,0.9375,95.43365500000002,95.43365500000002,0.9847665000000002,0.8833333333333333
none,96.9266,0.98288,0.9375,95.43365500000002,95.43365500000002,0.9847665000000002,0.8833333333333333
f16,96.94865,0.983195,0.9375,95.43122833333334,95.43122833333334,0.9847318333333335,0.8833333333333333
i8,86.85961875,0.9194231249999999,0.75,88.17319666666667,88.17319666666667,0.9310456666666667,0.7666666666666667
