model,testScore,testavgFB,testG,default,trainScore,trainavgFB,trainG
original,96.74919375,0.980345625,0.9375,97.10424499999999,97.10424499999999,0.9872034999999998,0.9333333333333333
none,96.74919375,0.980345625,0.9375,97.10424499999999,97.10424499999999,0.9872034999999998,0.9333333333333333
f16,96.74919375,0.980345625,0.9375,97.10424499999999,97.10424499999999,0.9872034999999998,0.9333333333333333
i8,91.78365,0.936195,0.875,86.61867000000001,86.61867000000001,0.915981,0.75
