model,testScore,testavgFB,testG,default,trainScore,trainavgFB,trainG
original,96.7999,0.98107,0.9375,95.37109833333334,95.37109833333334,0.9838728333333333,0.8833333333333333
none,96.7999,0.98107,0.9375,95.37109833333334,95.37109833333334,0.9838728333333333,0.8833333333333333
f16,96.7999,0.98107,0.9375,95.37182166666668,95.37182166666668,0.9838831666666668,0.8833333333333333
i8,91.03084375,0.925440625,0.875,89.90630833333334,89.90630833333334,0.9343758333333335,0.8166666666666667
