model,testScore,testavgFB,testG,default,trainScore,trainavgFB,trainG
original,96.78559375,0.9808656250000001,0.9375,96.69626000000001,96.69626000000001,0.9885180000000001,0.9166666666666666
none,96.78559375,0.9808656250000001,0.9375,96.69626000000001,96.69626000000001,0.9885180000000001,0.9166666666666666
f16,96.78559375,0.9808656250000001,0.9375,96.69626000000001,96.69626000000001,0.9885180000000001,0.9166666666666666
i8,87.933425,0.9079775,0.8125,83.36092499999998,83.36092499999998,0.8837274999999998,0.7166666666666667
