model,testScore,testavgFB,testG,default,trainScore,trainavgFB,trainG
original,96.7999,0.98107,0.9375,95.35209499999999,95.35209499999999,0.9764584999999999,0.9
none,96.7999,0.98107,0.9375,95.35209499999999,95.35209499999999,0.9764584999999999,0.9
f16,96.7999,0.98107,0.9375,95.350695,95.350695,0.9764385,0.9
i8,91.71780625000001,0.9352543750000001,0.875,89.658505,89.658505,0.9451215000000001,0.7833333333333333
