model,testScore,testavgFB,testG,default,trainScore,trainavgFB,trainG
original,96.78358125,0.9808368749999999,0.9375,95.24744333333334,95.24744333333334,0.9821063333333334,0.8833333333333333
none,96.78358125,0.9808368749999999,0.9375,95.24744333333334,95.24744333333334,0.9821063333333334,0.8833333333333333
f16,96.78358125,0.9808368749999999,0.9375,95.24886666666667,95.24886666666667,0.9821266666666667,0.8833333333333333
i8,82.70647500000001,0.8600925,0.75,82.56745,82.56745,0.879535,0.7
