model,testScore,testavgFB,testG,default,trainScore,trainavgFB,trainG
original,96.77977499999999,0.9807824999999999,0.9375,97.07922,97.07922,0.986846,0.9333333333333333
none,96.77977499999999,0.9807824999999999,0.9375,97.07922,97.07922,0.986846,0.9333333333333333
f16,96.77977499999999,0.9807824999999999,0.9375,97.07922,97.07922,0.986846,0.9333333333333333
i8,88.30691249999998,0.9400987499999998,0.75,86.31963999999998,86.31963999999998,0.9188519999999998,0.7333333333333333
