model,testScore,testavgFB,testG,default,trainScore,trainavgFB,trainG
original,96.7949125,0.98099875,0.9375,96.64907999999998,96.64907999999998,0.9878439999999998,0.9166666666666666
none,96.7949125,0.98099875,0.9375,96.64907999999998,96.64907999999998,0.9878439999999998,0.9166666666666666
f16,96.7949125,0.98099875,0.9375,96.64907999999998,96.64907999999998,0.9878439999999998,0.9166666666666666
i8,91.10600625000001,0.926514375,0.875,89.47248333333334,89.47248333333334,0.9281783333333335,0.8166666666666667
