model,testScore,testavgFB,testG,default,trainScore,trainavgFB,trainG
original,96.73348750000001,0.98012125,0.9375,94.36779833333334,94.36779833333334,0.9766828333333335,0.8666666666666667
none,96.73348750000001,0.98012125,0.9375,94.36779833333334,94.36779833333334,0.9766828333333335,0.8666666666666667
f16,96.73348750000001,0.98012125,0.9375,94.36719166666668,94.36719166666668,0.976674166666667,0.8666666666666667
i8,62.63721874999999,0.7341031249999999,0.375,77.03724833333332,77.03724833333332,0.8148178333333332,0.6666666666666666
