model,testScore,testavgFB,testG,default,trainScore,trainavgFB,trainG
original,96.79049375,0.980935625,0.9375,96.03114166666667,96.03114166666667,0.9861591666666667,0.9
none,96.79049375,0.980935625,0.9375,96.03114166666667,96.03114166666667,0.9861591666666667,0.9
f16,96.79049375,0.980935625,0.9375,96.03159666666666,96.03159666666666,0.9861656666666666,0.9
i8,92.02663749999999,0.9396662499999999,0.875,89.19350499999999,89.19350499999999,0.9456214999999998,0.7666666666666667
