model,testScore,testavgFB,testG,default,trainScore,trainavgFB,trainG
original,96.5905125,0.97807875,0.9375,95.41380000000001,95.41380000000001,0.9773400000000002,0.9
none,96.5905125,0.97807875,0.9375,95.41380000000001,95.41380000000001,0.9773400000000002,0.9
f16,96.5905125,0.97807875,0.9375,95.41380000000001,95.41380000000001,0.9773400000000002,0.9
i8,92.9798625,0.9532837499999999,0.875,91.00031666666666,91.00031666666666,0.9428616666666667,0.8333333333333334
