model,testScore,testavgFB,testG,default,trainScore,trainavgFB,trainG
original,96.69826875,0.979618125,0.9375,96.40905000000001,96.40905000000001,0.9844150000000002,0.9166666666666666
none,96.69826875,0.979618125,0.9375,96.40905000000001,96.40905000000001,0.9844150000000002,0.9166666666666666
f16,96.69826875,0.979618125,0.9375,96.40905000000001,96.40905000000001,0.9844150000000002,0.9166666666666666
i8,89.34116875000001,0.928088125,0.8125,86.54966,86.54966,0.9221380000000001,0.7333333333333333
