model,testScore,testavgFB,testG,default,trainScore,trainavgFB,trainG
original,96.80865,0.9811949999999999,0.9375,94.10835499999999,94.10835499999999,0.9729764999999999,0.8666666666666667
none,96.80865,0.9811949999999999,0.9375,94.10835499999999,94.10835499999999,0.9729764999999999,0.8666666666666667
f16,96.80865,0.9811949999999999,0.9375,94.10835499999999,94.10835499999999,0.9729764999999999,0.8666666666666667
i8,91.72931249999999,0.93541875,0.875,91.35393333333333,91.35393333333333,0.9479133333333333,0.8333333333333334
