model,testScore,testavgFB,testG,default,trainScore,trainavgFB,trainG
original,96.78060624999999,0.9807943749999999,0.9375,95.90331,95.90331,0.984333,0.9
none,96.78060624999999,0.9807943749999999,0.9375,95.90331,95.90331,0.984333,0.9
f16,96.78060624999999,0.9807943749999999,0.9375,95.90419666666666,95.90419666666666,0.9843456666666667,0.9
i8,77.17445000000001,0.8346350000000001,0.625,83.00307166666667,83.00307166666667,0.8857581666666667,0.7
