model,testScore,testavgFB,testG,default,trainScore,trainavgFB,trainG
original,96.822475,0.9813925,0.9375,96.67982166666667,96.67982166666667,0.9882831666666667,0.9166666666666666
none,96.822475,0.9813925,0.9375,96.67982166666667,96.67982166666667,0.9882831666666667,0.9166666666666666
f16,96.822475,0.9813925,0.9375,96.685935,96.685935,0.9883705,0.9166666666666666
i8,77.6016625,0.8675237499999999,0.5625,80.415715,80.415715,0.8702245000000002,0.65
