model,testScore,testavgFB,testG,default,trainScore,trainavgFB,trainG
original,96.874625,0.9821374999999999,0.9375,96.38665,96.38665,0.984095,0.9166666666666666
none,96.874625,0.9821374999999999,0.9375,96.38665,96.38665,0.984095,0.9166666666666666
f16,96.874625,0.9821374999999999,0.9375,96.389065,96.389065,0.9841295,0.9166666666666666
i8,90.8739125,0.92319875,0.875,90.00356166666668,90.00356166666668,0.9357651666666669,0.8166666666666667
