model,testScore,testavgFB,testG,default,trainScore,trainavgFB,trainG
original,96.77185625,0.980669375,0.9375,97.07538166666666,97.07538166666666,0.9867911666666666,0.9333333333333333
none,96.77185625,0.980669375,0.9375,97.07538166666666,97.07538166666666,0.9867911666666666,0.9333333333333333
f16,96.77185625,0.980669375,0.9375,97.07445999999999,97.07445999999999,0.9867779999999998,0.9333333333333333
i8,89.5562875,0.9311612499999999,0.8125,89.38514333333333,89.38514333333333,0.9412163333333333,0.7833333333333333
