model,testScore,testavgFB,testG,default,trainScore,trainavgFB,trainG
original,96.81744375000001,0.9813206250000001,0.9375,94.892985,94.892985,0.9841854999999999,0.8666666666666667
none,96.81744375000001,0.9813206250000001,0.9375,94.892985,94.892985,0.9841854999999999,0.8666666666666667
f16,96.81744375000001,0.9813206250000001,0.9375,94.89220333333333,94.89220333333333,0.9841743333333333,0.8666666666666667
i8,89.806625,0.9347375,0.8125,86.42398499999999,86.42398499999999,0.9274854999999999,0.7166666666666667
