model,testScore,testavgFB,testG,default,trainScore,trainavgFB,trainG
original,96.766475,0.9805925,0.9375,96.65948666666667,96.65948666666667,0.9879926666666667,0.9166666666666666
none,96.766475,0.9805925,0.9375,96.65948666666667,96.65948666666667,0.9879926666666667,0.9166666666666666
f16,96.766475,0.9805925,0.9375,96.65948666666667,96.65948666666667,0.9879926666666667,0.9166666666666666
i8,70.32602499999999,0.8171574999999999,0.4375,76.534055,76.534055,0.8504865,0.5666666666666667
