model,testScore,testavgFB,testG,default,trainScore,trainavgFB,trainG
original,96.76783125,0.980611875,0.9375,95.27704166666665,95.27704166666665,0.9825291666666665,0.8833333333333333
none,96.76783125,0.980611875,0.9375,95.27704166666665,95.27704166666665,0.9825291666666665,0.8833333333333333
f16,96.76783125,0.980611875,0.9375,95.27704166666665,95.27704166666665,0.9825291666666665,0.8833333333333333
i8,80.31294375,0.8794706250000001,0.625,83.50082000000003,83.50082000000003,0.8857260000000003,0.7166666666666667
