model,testScore,testavgFB,testG,default,trainScore,trainavgFB,trainG
original,96.78498125,0.980856875,0.9375,97.07435499999998,97.07435499999998,0.9867764999999998,0.9333333333333333
none,96.78498125,0.980856875,0.9375,97.07435499999998,97.07435499999998,0.9867764999999998,0.9333333333333333
f16,96.78498125,0.980856875,0.9375,97.07861333333332,97.07861333333332,0.9868373333333332,0.9333333333333333
i8,65.86766874999999,0.8070381249999999,0.3125,77.01675500000002,77.01675500000002,0.8430965000000001,0.6
