model,testScore,testavgFB,testG,default,trainScore,trainavgFB,trainG
original,96.82628125000001,0.981446875,0.9375,97.20317833333333,97.20317833333333,0.9886168333333333,0.9333333333333333
none,96.82628125000001,0.981446875,0.9375,97.20317833333333,97.20317833333333,0.9886168333333333,0.9333333333333333
f16,96.82628125000001,0.981446875,0.9375,97.20167333333332,97.20167333333332,0.9885953333333332,0.9333333333333333
i8,51.324325,0.6528475,0.1875,73.52373666666665,73.52373666666665,0.8217676666666666,0.5333333333333333
