model,testScore,testavgFB,testG,default,trainScore,trainavgFB,trainG
original,96.47164375,0.976380625,0.9375,94.469005,94.469005,0.9852714999999999,0.85
none,96.47164375,0.976380625,0.9375,94.469005,94.469005,0.9852714999999999,0.85
f16,96.47164375,0.976380625,0.9375,94.47426666666667,94.47426666666667,0.9853466666666666,0.85
i8,65.21798749999999,0.77097125,0.375,78.17791666666669,78.17791666666669,0.852541666666667,0.6166666666666667
