model,testScore,testavgFB,testG,default,trainScore,trainavgFB,trainG
original,96.781175,0.9808025,0.9375,96.66590333333333,96.66590333333333,0.9880843333333333,0.9166666666666666
none,96.781175,0.9808025,0.9375,96.66590333333333,96.66590333333333,0.9880843333333333,0.9166666666666666
f16,96.781175,0.9808025,0.9375,96.66737333333333,96.66737333333333,0.9881053333333334,0.9166666666666666
i8,84.00234375000001,0.9053906250000001,0.6875,85.59237333333334,85.59237333333334,0.9156053333333334,0.7166666666666667
