model,testScore,testavgFB,testG,default,trainScore,trainavgFB,trainG
original,96.786075,0.9808724999999999,0.9375,95.93516000000001,95.93516000000001,0.9847880000000001,0.9
none,96.786075,0.9808724999999999,0.9375,95.93516000000001,95.93516000000001,0.9847880000000001,0.9
f16,96.786075,0.9808724999999999,0.9375,95.93423833333334,95.93423833333334,0.9847748333333334,0.9
i8,89.3331625,0.9279737499999999,0.8125,87.10299166666667,87.10299166666667,0.9086141666666667,0.7833333333333333
