model,testScore,testavgFB,testG,default,trainScore,trainavgFB,trainG
original,96.62686875,0.9785981250000001,0.9375,96.69988833333332,96.69988833333332,0.9885698333333331,0.9166666666666666
none,96.62686875,0.9785981250000001,0.9375,96.69988833333332,96.69988833333332,0.9885698333333331,0.9166666666666666
f16,96.62686875,0.9785981250000001,0.9375,96.69989999999999,96.69989999999999,0.9885699999999997,0.9166666666666666
i8,88.87811875,0.9214731249999999,0.8125,84.54350166666667,84.54350166666667,0.9149071666666668,0.6833333333333333
