model,testScore,testavgFB,testG,default,trainScore,trainavgFB,trainG
original,96.79189375,0.980955625,0.9375,97.05418333333334,97.05418333333334,0.9864883333333334,0.9333333333333333
none,96.79189375,0.980955625,0.9375,97.05418333333334,97.05418333333334,0.9864883333333334,0.9333333333333333
f16,96.79189375,0.980955625,0.9375,97.05418333333334,97.05418333333334,0.9864883333333334,0.9333333333333333
i8,91.949725,0.9385675,0.875,88.61420833333332,88.61420833333332,0.9373458333333332,0.7666666666666667
