model,testScore,testavgFB,testG,default,trainScore,trainavgFB,trainG
original,96.8155625,0.98129375,0.9375,97.10596000000001,97.10596000000001,0.9872280000000001,0.9333333333333333
none,96.8155625,0.98129375,0.9375,97.10596000000001,97.10596000000001,0.9872280000000001,0.9333333333333333
f16,96.8155625,0.98129375,0.9375,97.10596000000001,97.10596000000001,0.9872280000000001,0.9333333333333333
i8,88.08601875,0.936943125,0.75,87.47382166666668,87.47382166666668,0.9424831666666668,0.7166666666666667
