model,testScore,testavgFB,testG,default,trainScore,trainavgFB,trainG
original,96.80375000000001,0.981125,0.9375,96.54826833333334,96.54826833333334,0.9864038333333334,0.9166666666666666
none,96.80375000000001,0.981125,0.9375,96.54826833333334,96.54826833333334,0.9864038333333334,0.9166666666666666
f16,96.80375000000001,0.981125,0.9375,96.55081166666666,96.55081166666666,0.9864401666666667,0.9166666666666666
i8,85.97691875000001,0.906813125,0.75,87.03497166666668,87.03497166666668,0.9219281666666668,0.75
