model,testScore,testavgFB,testG,default,trainScore,trainavgFB,trainG
original,96.5905125,0.97807875,0.9375,97.00517166666667,97.00517166666667,0.9857881666666667,0.9333333333333333
none,96.5905125,0.97807875,0.9375,97.00517166666667,97.00517166666667,0.9857881666666667,0.9333333333333333
f16,96.5905125,0.97807875,0.9375,97.01781833333332,97.01781833333332,0.9859688333333332,0.9333333333333333
i8,85.964925,0.9334274999999999,0.6875,90.55802000000001,90.55802000000001,0.9436860000000001,0.8166666666666667
