model,testScore,testavgFB,testG,default,trainScore,trainavgFB,trainG
original,96.8356,0.98158,0.9375,97.20555833333331,97.20555833333331,0.9886508333333331,0.9333333333333333
none,96.8356,0.98158,0.9375,97.20555833333331,97.20555833333331,0.9886508333333331,0.9333333333333333
f16,96.8356,0.98158,0.9375,97.20460166666666,97.20460166666666,0.9886371666666666,0.9333333333333333
i8,70.35385,0.817555,0.4375,77.36072166666665,77.36072166666665,0.8551531666666665,0.5833333333333334
