model,testScore,testavgFB,testG,default,trainScore,trainavgFB,trainG
original,96.8155625,0.98129375,0.9375,97.575755,97.575755,0.9867965,0.95
none,96.8155625,0.98129375,0.9375,97.575755,97.575755,0.9867965,0.95
f16,96.8155625,0.98129375,0.9375,97.575755,97.575755,0.9867965,0.95
i8,94.2475625,0.9713937500000001,0.875,91.27607833333333,91.27607833333333,0.9610868333333333,0.8
