model,testScore,testavgFB,testG,default,trainScore,trainavgFB,trainG
original,96.7772375,0.98074625,0.9375,94.9099483333333,94.9099483333333,0.984427833333333,0.8666666666666667
none,96.7772375,0.98074625,0.9375,94.9099483333333,94.9099483333333,0.984427833333333,0.8666666666666667
f16,96.7772375,0.98074625,0.9375,94.91379833333332,94.91379833333332,0.9844828333333331,0.8666666666666667
i8,81.28056875,0.866508125,0.6875,83.22500666666667,83.22500666666667,0.8889286666666667,0.7
