model,testScore,testavgFB,testG,default,trainScore,trainavgFB,trainG
original,96.7712,0.9806599999999999,0.9375,95.92607166666667,95.92607166666667,0.9846581666666668,0.9
none,96.7712,0.9806599999999999,0.9375,95.92607166666667,95.92607166666667,0.9846581666666668,0.9
f16,96.7712,0.9806599999999999,0.9375,95.93061000000002,95.93061000000002,0.9847230000000001,0.9
i8,94.07256249999999,0.9688937499999999,0.875,93.65297000000001,93.65297000000001,0.9664710000000001,0.8666666666666667
