model,testScore,testavgFB,testG,default,trainScore,trainavgFB,trainG
original,96.7943,0.98099,0.9375,97.21889333333333,97.21889333333333,0.9888413333333332,0.9333333333333333
none,96.7943,0.98099,0.9375,97.21889333333333,97.21889333333333,0.9888413333333332,0.9333333333333333
f16,96.7943,0.98099,0.9375,97.21889333333333,97.21889333333333,0.9888413333333332,0.9333333333333333
i8,84.45564375000001,0.8850806250000001,0.75,83.60075666666665,83.60075666666665,0.8871536666666666,0.7166666666666667
