model,testScore,testavgFB,testG,default,trainScore,trainavgFB,trainG
original,96.79924374999999,0.9810606249999999,0.9375,95.33727666666667,95.33727666666667,0.9833896666666667,0.8833333333333333
none,96.79924374999999,0.9810606249999999,0.9375,95.33727666666667,95.33727666666667,0.9833896666666667,0.8833333333333333
f16,96.79924374999999,0.9810606249999999,0.9375,95.33825666666667,95.33825666666667,0.9834036666666666,0.8833333333333333
i8,89.7801125,0.93435875,0.8125,86.27102666666667,86.27102666666667,0.9110146666666668,0.75
