model,testScore,testavgFB,testG,default,trainScore,trainavgFB,trainG
original,96.694025,0.9795575,0.9375,95.977895,95.977895,0.9853985000000001,0.9
none,96.694025,0.9795575,0.9375,95.977895,95.977895,0.9853985000000001,0.9
f16,96.694025,0.9795575,0.9375,95.97843166666668,95.97843166666668,0.9854061666666668,0.9
i8,89.2620625,0.9537437499999999,0.75,86.078245,86.078245,0.9154034999999999,0.7333333333333333
