model,testScore,testavgFB,testG,default,trainScore,trainavgFB,trainG
original,96.7999,0.98107,0.9375,96.567985,96.567985,0.9866855,0.9166666666666666
none,96.7999,0.98107,0.9375,96.567985,96.567985,0.9866855,0.9166666666666666
f16,96.7999,0.98107,0.9375,96.560495,96.560495,0.9865785,0.9166666666666666
i8,88.72980624999998,0.9193543749999998,0.8125,87.68359166666666,87.68359166666666,0.9311941666666665,0.75
