model,testScore,testavgFB,testG,default,trainScore,trainavgFB,trainG
original,96.80865,0.9811949999999999,0.9375,94.63858166666668,94.63858166666668,0.9805511666666669,0.8666666666666667
none,96.80865,0.9811949999999999,0.9375,94.63858166666668,94.63858166666668,0.9805511666666669,0.8666666666666667
f16,96.80865,0.9811949999999999,0.9375,94.13652833333335,94.13652833333335,0.9805218333333335,0.85
i8,91.3293,0.95649,0.8125,90.22889833333333,90.22889833333333,0.9604128333333333,0.7666666666666667
