model,testScore,testavgFB,testG,default,trainScore,trainavgFB,trainG
original,93.96585625,0.967369375,0.875,95.05501333333333,95.05501333333333,0.9793573333333334,0.8833333333333333
none,93.96585625,0.967369375,0.875,95.05501333333333,95.05501333333333,0.9793573333333334,0.8833333333333333
f16,93.96585625,0.967369375,0.875,95.05427833333334,95.05427833333334,0.9793468333333334,0.8833333333333333
i8,78.81424375,0.858060625,0.625,85.29168833333333,85.29168833333333,0.9113098333333334,0.7166666666666667
