model,testScore,testavgFB,testG,default,trainScore,trainavgFB,trainG
original,96.79880625,0.981054375,0.9375,96.54715999999999,96.54715999999999,0.9863879999999999,0.9166666666666666
none,96.79880625,0.981054375,0.9375,96.54715999999999,96.54715999999999,0.9863879999999999,0.9166666666666666
f16,96.79880625,0.981054375,0.9375,96.54715999999999,96.54715999999999,0.9863879999999999,0.9166666666666666
i8,91.22933125,0.9550618750000001,0.8125,88.190685,88.190685,0.9312954999999999,0.7666666666666667
