model,testScore,testavgFB,testG,default,trainScore,trainavgFB,trainG
original,96.8306125,0.98150875,0.9375,97.21645499999998,97.21645499999998,0.9888064999999997,0.9333333333333333
none,96.8306125,0.98150875,0.9375,97.21645499999998,97.21645499999998,0.9888064999999997,0.9333333333333333
f16,96.8306125,0.98150875,0.9375,97.21645499999998,97.21645499999998,0.9888064999999997,0.9333333333333333
i8,78.20952499999999,0.8762074999999999,0.5625,80.32529666666667,80.32529666666667,0.8760756666666668,0.6333333333333333
