model,testScore,testavgFB,testG,default,trainScore,trainavgFB,trainG
original,96.77570625,0.980724375,0.9375,95.92369166666666,95.92369166666666,0.9846241666666664,0.9
none,96.77570625,0.980724375,0.9375,95.92369166666666,95.92369166666666,0.9846241666666664,0.9
f16,96.77570625,0.980724375,0.9375,95.92119499999998,95.92119499999998,0.9845884999999998,0.9
i8,93.16575625,0.955939375,0.875,89.032635,89.032635,0.9361805000000001,0.7833333333333333
