model,testScore,testavgFB,testG,default,trainScore,trainavgFB,trainG
original,96.8306125,0.98150875,0.9375,95.49701666666665,95.49701666666665,0.9856716666666665,0.8833333333333333
none,96.8306125,0.98150875,0.9375,95.49701666666665,95.49701666666665,0.9856716666666665,0.8833333333333333
f16,96.8306125,0.98150875,0.9375,95.49701666666665,95.49701666666665,0.9856716666666665,0.8833333333333333
i8,90.36409375,0.915915625,0.875,88.70683333333334,88.70683333333334,0.9243833333333334,0.8
