model,testScore,testavgFB,testG,default,trainScore,trainavgFB,trainG
original,96.786075,0.9808724999999999,0.9375,94.84386833333332,94.84386833333332,0.9834838333333332,0.8666666666666667
none,96.786075,0.9808724999999999,0.9375,94.84386833333332,94.84386833333332,0.9834838333333332,0.8666666666666667
f16,96.786075,0.9808724999999999,0.9375,94.84368166666667,94.84368166666667,0.9834811666666667,0.8666666666666667
i8,93.68926875,0.9634181249999999,0.875,91.91367500000001,91.91367500000001,0.9630525000000001,0.8166666666666667
