model,testScore,testavgFB,testG,default,trainScore,trainavgFB,trainG
original,96.61068125,0.9783668750000001,0.9375,96.01899833333334,96.01899833333334,0.9788428333333334,0.9166666666666666
none,96.61068125,0.9783668750000001,0.9375,96.01899833333334,96.01899833333334,0.9788428333333334,0.9166666666666666
f16,96.61068125,0.9783668750000001,0.9375,96.01899833333334,96.01899833333334,0.9788428333333334,0.9166666666666666
i8,80.49271875,0.855253125,0.6875,83.92173,83.92173,0.891739,0.7166666666666667
