model,testScore,testavgFB,testG,default,trainScore,trainavgFB,trainG
original,96.75908125000001,0.9804868750000001,0.9375,95.91042666666667,95.91042666666667,0.9844346666666666,0.9
none,96.75908125000001,0.9804868750000001,0.9375,95.91042666666667,95.91042666666667,0.9844346666666666,0.9
f16,96.75908125000001,0.9804868750000001,0.9375,95.91369333333333,95.91369333333333,0.9844813333333332,0.9
i8,87.09968125,0.896066875,0.8125,84.97525499999998,84.97525499999998,0.8996464999999998,0.7333333333333333
