model,testScore,testavgFB,testG,default,trainScore,trainavgFB,trainG
original,96.73725,0.980175,0.9375,96.55659833333334,96.55659833333334,0.9865228333333333,0.9166666666666666
none,96.73725,0.980175,0.9375,96.55659833333334,96.55659833333334,0.9865228333333333,0.9166666666666666
f16,96.73725,0.980175,0.9375,96.55659833333334,96.55659833333334,0.9865228333333333,0.9166666666666666
i8,91.48383125,0.931911875,0.875,90.84349333333333,90.84349333333333,0.9406213333333332,0.8333333333333334
