model,testScore,testavgFB,testG,default,trainScore,trainavgFB,trainG
original,96.58955,0.9780650000000001,0.9375,96.10572666666665,96.10572666666665,0.9872246666666664,0.9
none,96.58955,0.9780650000000001,0.9375,96.10572666666665,96.10572666666665,0.9872246666666664,0.9
f16,96.58955,0.9780650000000001,0.9375,96.10572666666665,96.10572666666665,0.9872246666666664,0.9
i8,60.40586250000001,0.7825837500000001,0.1875,77.98042666666666,77.98042666666666,0.8354346666666665,0.65
