model,testScore,testavgFB,testG,default,trainScore,trainavgFB,trainG
original,96.80615625,0.981159375,0.9375,97.04206166666667,97.04206166666667,0.9863151666666666,0.9333333333333333
none,96.80615625,0.981159375,0.9375,97.04206166666667,97.04206166666667,0.9863151666666666,0.9333333333333333
f16,96.80615625,0.981159375,0.9375,97.04206166666667,97.04206166666667,0.9863151666666666,0.9333333333333333
i8,73.79151250000001,0.83987875,0.5,81.80527666666664,81.80527666666664,0.8757896666666664,0.6833333333333333
