model,testScore,testavgFB,testG,default,trainScore,trainavgFB,trainG
original,96.786075,0.9808724999999999,0.9375,95.21755333333334,95.21755333333334,0.9816793333333335,0.8833333333333333
none,96.786075,0.9808724999999999,0.9375,95.21755333333334,95.21755333333334,0.9816793333333335,0.8833333333333333
f16,96.786075,0.9808724999999999,0.9375,95.224565,95.224565,0.9817794999999999,0.8833333333333333
i8,96.42623125,0.975731875,0.9375,93.52016666666667,93.52016666666667,0.9717166666666667,0.85
