model,testScore,testavgFB,testG,default,trainScore,trainavgFB,trainG
original,96.808125,0.9811875000000001,0.9375,97.01435333333333,97.01435333333333,0.9859193333333333,0.9333333333333333
none,96.808125,0.9811875000000001,0.9375,97.01435333333333,97.01435333333333,0.9859193333333333,0.9333333333333333
f16,96.808125,0.9811875000000001,0.9375,97.01435333333333,97.01435333333333,0.9859193333333333,0.9333333333333333
i8,80.04559375,0.8488656250000001,0.6875,80.13100499999999,80.13100499999999,0.8518714999999999,0.6833333333333333
