model,testScore,testavgFB,testG,default,trainScore,trainavgFB,trainG
original,96.822475,0.9813925,0.9375,96.03649666666666,96.03649666666666,0.9862356666666666,0.9
none,96.822475,0.9813925,0.9375,96.03649666666666,96.03649666666666,0.9862356666666666,0.9
f16,96.822475,0.9813925,0.9375,96.03649666666666,96.03649666666666,0.9862356666666666,0.9
i8,89.69650625,0.9331643749999999,0.8125,86.39711666666668,86.39711666666668,0.9271016666666667,0.7166666666666667
