model,testScore,testavgFB,testG,default,trainScore,trainavgFB,trainG
original,96.80865,0.9811949999999999,0.9375,94.156105,94.156105,0.9808014999999999,0.85
none,96.80865,0.9811949999999999,0.9375,94.156105,94.156105,0.9808014999999999,0.85
f16,96.80865,0.9811949999999999,0.9375,94.156105,94.156105,0.9808014999999999,0.85
i8,91.35848125,0.9569068749999999,0.8125,91.06952166666667,91.06952166666667,0.9509931666666667,0.8166666666666667
