model,testScore,testavgFB,testG,default,trainScore,trainavgFB,trainG
original,96.6269125,0.97859875,0.9375,97.02366333333335,97.02366333333335,0.9860523333333334,0.9333333333333333
none,96.6269125,0.97859875,0.9375,97.02366333333335,97.02366333333335,0.9860523333333334,0.9333333333333333
f16,96.6269125,0.97859875,0.9375,97.02366333333335,97.02366333333335,0.9860523333333334,0.9333333333333333
i8,85.73296875,0.903328125,0.75,86.06088666666665,86.06088666666665,0.9080126666666665,0.75
