model,testScore,testavgFB,testG,default,trainScore,trainavgFB,trainG
original,96.83118125,0.981516875,0.9375,96.07065666666665,96.07065666666665,0.9867236666666664,0.9
none,96.83118125,0.981516875,0.9375,96.07065666666665,96.07065666666665,0.9867236666666664,0.9
f16,96.83118125,0.981516875,0.9375,96.07011999999999,96.07011999999999,0.9867159999999999,0.9
i8,88.3918375,0.91452625,0.8125,85.86016,85.86016,0.9122879999999999,0.7333333333333333
