model,testScore,testavgFB,testG,default,trainScore,trainavgFB,trainG
original,96.786075,0.9808724999999999,0.9375,95.88498166666666,95.88498166666666,0.9840711666666666,0.9
none,96.786075,0.9808724999999999,0.9375,95.88498166666666,95.88498166666666,0.9840711666666666,0.9
f16,96.7634125,0.98054875,0.9375,95.88586833333333,95.88586833333333,0.9840838333333333,0.9
i8,93.339225,0.9584174999999999,0.875,92.38633000000002,92.38633000000002,0.9555190000000001,0.85
