model,testScore,testavgFB,testG,default,trainScore,trainavgFB,trainG
original,96.7634125,0.98054875,0.9375,95.44857666666667,95.44857666666667,0.9849796666666666,0.8833333333333333
none,96.7634125,0.98054875,0.9375,95.44857666666667,95.44857666666667,0.9849796666666666,0.8833333333333333
f16,96.7634125,0.98054875,0.9375,95.44857666666667,95.44857666666667,0.9849796666666666,0.8833333333333333
i8,88.72910625,0.919344375,0.8125,88.98228166666667,88.98228166666667,0.9354611666666666,0.7833333333333333
