model,testScore,testavgFB,testG,default,trainScore,trainavgFB,trainG
original,96.77666875,0.9807381249999999,0.9375,94.69182833333333,94.69182833333333,0.9813118333333334,0.8666666666666667
none,96.77666875,0.9807381249999999,0.9375,94.69182833333333,94.69182833333333,0.9813118333333334,0.8666666666666667
f16,96.77666875,0.9807381249999999,0.9375,94.69329833333333,94.69329833333333,0.9813328333333333,0.8666666666666667
i8,78.8183125,0.85811875,0.625,82.90175833333333,82.90175833333333,0.8843108333333333,0.7
