model,testScore,testavgFB,testG,default,trainScore,trainavgFB,trainG
original,96.73952499999999,0.9802074999999999,0.9375,94.09014166666667,94.09014166666667,0.9798591666666666,0.85
none,96.73952499999999,0.9802074999999999,0.9375,94.09014166666667,94.09014166666667,0.9798591666666666,0.85
f16,96.73952499999999,0.9802074999999999,0.9375,94.08720166666666,94.08720166666666,0.9798171666666666,0.85
i8,93.41084375,0.9594406249999999,0.875,92.57570166666666,92.57570166666666,0.9653671666666667,0.8333333333333334
