model,testScore,testavgFB,testG,default,trainScore,trainavgFB,trainG
original,96.78559375,0.9808656250000001,0.9375,96.58100499999999,96.58100499999999,0.9868714999999999,0.9166666666666666
none,96.78559375,0.9808656250000001,0.9375,96.58100499999999,96.58100499999999,0.9868714999999999,0.9166666666666666
f16,96.78559375,0.9808656250000001,0.9375,96.57848499999999,96.57848499999999,0.9868354999999999,0.9166666666666666
i8,91.39344375,0.930620625,0.875,88.24847166666666,88.24847166666666,0.9249781666666667,0.7833333333333333
