model,testScore,testavgFB,testG,default,trainScore,trainavgFB,trainG
original,96.808125,0.9811875000000001,0.9375,96.54825666666666,96.54825666666666,0.9864036666666666,0.9166666666666666
none,96.808125,0.9811875000000001,0.9375,96.54825666666666,96.54825666666666,0.9864036666666666,0.9166666666666666
f16,96.808125,0.9811875000000001,0.9375,96.54825666666666,96.54825666666666,0.9864036666666666,0.9166666666666666
i8,82.48868125000001,0.8837668750000001,0.6875,81.49443833333332,81.49443833333332,0.8856348333333331,0.65
