model,testScore,testavgFB,testG,default,trainScore,trainavgFB,trainG
original,96.80865,0.9811949999999999,0.9375,94.27529166666667,94.27529166666667,0.9825041666666667,0.85
none,96.80865,0.9811949999999999,0.9375,94.27529166666667,94.27529166666667,0.9825041666666667,0.85
f16,96.80865,0.9811949999999999,0.9375,94.27529166666667,94.27529166666667,0.9825041666666667,0.85
i8,92.29276875,0.943468125,0.875,91.16555000000001,91.16555000000001,0.9523650000000002,0.8166666666666667
