model,testScore,testavgFB,testG,default,trainScore,trainavgFB,trainG
original,96.75400625,0.980414375,0.9375,94.03121333333333,94.03121333333333,0.9790173333333333,0.85
none,96.75400625,0.980414375,0.9375,94.03121333333333,94.03121333333333,0.9790173333333333,0.85
f16,96.75400625,0.980414375,0.9375,94.02641833333332,94.02641833333332,0.9789488333333333,0.85
i8,93.87525,0.9660749999999999,0.875,91.18625833333333,91.18625833333333,0.9526608333333333,0.8166666666666667
