model,testScore,testavgFB,testG,default,trainScore,trainavgFB,trainG
original,96.822475,0.9813925,0.9375,96.58197333333332,96.58197333333332,0.9868853333333332,0.9166666666666666
none,96.822475,0.9813925,0.9375,96.58197333333332,96.58197333333332,0.9868853333333332,0.9166666666666666
f16,96.822475,0.9813925,0.9375,96.58197333333332,96.58197333333332,0.9868853333333332,0.9166666666666666
i8,58.77683749999999,0.7325262499999999,0.25,66.78519999999999,66.78519999999999,0.8183599999999999,0.31666666666666665
