model,testScore,testavgFB,testG,default,trainScore,trainavgFB,trainG
original,96.79880625,0.981054375,0.9375,97.09244999999999,97.09244999999999,0.9870349999999999,0.9333333333333333
none,96.79880625,0.981054375,0.9375,97.09244999999999,97.09244999999999,0.9870349999999999,0.9333333333333333
f16,96.79880625,0.981054375,0.9375,97.08998833333332,97.08998833333332,0.9869998333333332,0.9333333333333333
i8,80.97028750000001,0.8888612500000002,0.625,82.89600499999999,82.89600499999999,0.8913714999999999,0.6833333333333333
