model,testScore,testavgFB,testG,default,trainScore,trainavgFB,trainG
original,96.86040625,0.981934375,0.9375,93.91942333333333,93.91942333333333,0.9774203333333332,0.85
none,96.86040625,0.981934375,0.9375,93.91942333333333,93.91942333333333,0.9774203333333332,0.85
f16,96.86040625,0.981934375,0.9375,93.913555,93.913555,0.9773364999999999,0.85
i8,93.7117125,0.96373875,0.875,92.95399333333333,92.95399333333333,0.9707713333333333,0.8333333333333334
