model,testScore,testavgFB,testG,default,trainScore,trainavgFB,trainG
original,96.78625,0.9808749999999999,0.9375,97.09558833333332,97.09558833333332,0.9870798333333333,0.9333333333333333
none,96.78625,0.9808749999999999,0.9375,97.09558833333332,97.09558833333332,0.9870798333333333,0.9333333333333333
f16,96.78625,0.9808749999999999,0.9375,97.09662666666667,97.09662666666667,0.9870946666666666,0.9333333333333333
i8,92.5978375,0.94782625,0.875,90.75544166666667,90.75544166666667,0.9536491666666668,0.8
