model,testScore,testavgFB,testG,default,trainScore,trainavgFB,trainG
original,96.80987499999999,0.9812124999999999,0.9375,96.51078333333332,96.51078333333332,0.9858683333333332,0.9166666666666666
none,96.80987499999999,0.9812124999999999,0.9375,96.51078333333332,96.51078333333332,0.9858683333333332,0.9166666666666666
f16,96.80987499999999,0.9812124999999999,0.9375,96.51078333333332,96.51078333333332,0.9858683333333332,0.9166666666666666
i8,83.10910000000001,0.89263,0.6875,86.710745,86.710745,0.9101535,0.7666666666666667
