model,testScore,testavgFB,testG,default,trainScore,trainavgFB,trainG
original,96.80865,0.9811949999999999,0.9375,95.90552666666666,95.90552666666666,0.9843646666666666,0.9
none,96.80865,0.9811949999999999,0.9375,95.90552666666666,95.90552666666666,0.9843646666666666,0.9
f16,96.80865,0.9811949999999999,0.9375,95.90344999999999,95.90344999999999,0.984335,0.9
i8,93.63869375,0.9626956249999999,0.875,91.98951000000001,91.98951000000001,0.9569930000000001,0.8333333333333334
