model,testScore,testavgFB,testG,default,trainScore,trainavgFB,trainG
original,96.7999,0.98107,0.9375,95.34139499999999,95.34139499999999,0.9834485,0.8833333333333333
none,96.7999,0.98107,0.9375,95.34139499999999,95.34139499999999,0.9834485,0.8833333333333333
f16,96.7999,0.98107,0.9375,95.34139499999999,95.34139499999999,0.9834485,0.8833333333333333
i8,86.68571250000001,0.91693875,0.75,89.42740166666667,89.42740166666667,0.9346771666666667,0.8
