model,testScore,testavgFB,testG,default,trainScore,trainavgFB,trainG
original,96.82628125000001,0.981446875,0.9375,96.63348166666667,96.63348166666667,0.9876211666666667,0.9166666666666666
none,96.82628125000001,0.981446875,0.9375,96.63348166666667,96.63348166666667,0.9876211666666667,0.9166666666666666
f16,96.82628125000001,0.981446875,0.9375,96.63348166666667,96.63348166666667,0.9876211666666667,0.9166666666666666
i8,88.3435375,0.9138362499999999,0.8125,87.53949833333333,87.53949833333333,0.9219928333333332,0.7666666666666667
