model,testScore,testavgFB,testG,default,trainScore,trainavgFB,trainG
original,96.79049375,0.980935625,0.9375,96.55587499999999,96.55587499999999,0.9865124999999999,0.9166666666666666
none,96.79049375,0.980935625,0.9375,96.55587499999999,96.55587499999999,0.9865124999999999,0.9166666666666666
f16,96.79049375,0.980935625,0.9375,96.55587499999999,96.55587499999999,0.9865124999999999,0.9166666666666666
i8,83.32369374999999,0.895695625,0.6875,84.95827833333331,84.95827833333331,0.9065468333333331,0.7166666666666667
