model,testScore,testavgFB,testG,default,trainScore,trainavgFB,trainG
original,96.79924374999999,0.9810606249999999,0.9375,96.636235,96.636235,0.9876604999999999,0.9166666666666666
none,96.79924374999999,0.9810606249999999,0.9375,96.636235,96.636235,0.9876604999999999,0.9166666666666666
f16,96.79924374999999,0.9810606249999999,0.9375,96.636235,96.636235,0.9876604999999999,0.9166666666666666
i8,88.013575,0.9091225000000001,0.8125,86.76442333333334,86.76442333333334,0.9109203333333334,0.7666666666666667
