model,testScore,testavgFB,testG,default,trainScore,trainavgFB,trainG
original,96.7949125,0.98099875,0.9375,96.57437833333333,96.57437833333333,0.9867768333333333,0.9166666666666666
none,96.7949125,0.98099875,0.9375,96.57437833333333,96.57437833333333,0.9867768333333333,0.9166666666666666
f16,96.7949125,0.98099875,0.9375,96.57541666666667,96.57541666666667,0.9867916666666666,0.9166666666666666
i8,90.76458124999999,0.9216368749999999,0.875,88.631455,88.631455,0.9233065,0.8
