model,testScore,testavgFB,testG,default,trainScore,trainavgFB,trainG
original,96.789925,0.9809275,0.9375,95.45893666666666,95.45893666666666,0.9851276666666666,0.8833333333333333
none,96.789925,0.9809275,0.9375,95.45893666666666,95.45893666666666,0.9851276666666666,0.8833333333333333
f16,96.789925,0.9809275,0.9375,95.45996333333333,95.45996333333333,0.9851423333333333,0.8833333333333333
i8,92.6550625,0.94864375,0.875,89.84883833333335,89.84883833333335,0.9335548333333334,0.8166666666666667
