model,testScore,testavgFB,testG,default,trainScore,trainavgFB,trainG
original,96.77666875,0.9807381249999999,0.9375,96.54374166666666,96.54374166666666,0.9863391666666667,0.9166666666666666
none,96.77666875,0.9807381249999999,0.9375,96.54374166666666,96.54374166666666,0.9863391666666667,0.9166666666666666
f16,96.77666875,0.9807381249999999,0.9375,96.54374166666666,96.54374166666666,0.9863391666666667,0.9166666666666666
i8,82.7114125,0.8869487500000001,0.6875,86.49074666666667,86.49074666666667,0.9070106666666666,0.7666666666666667
