model,testScore,testavgFB,testG,default,trainScore,trainavgFB,trainG
original,96.7707625,0.98065375,0.9375,94.38816833333333,94.38816833333333,0.9769738333333332,0.8666666666666667
none,96.7707625,0.98065375,0.9375,94.38816833333333,94.38816833333333,0.9769738333333332,0.8666666666666667
f16,96.7707625,0.98065375,0.9375,94.38884499999999,94.38884499999999,0.9769834999999998,0.8666666666666667
i8,82.98887500000001,0.8909125000000001,0.6875,81.47152500000001,81.47152500000001,0.8853075000000001,0.65
