model,testScore,testavgFB,testG,default,trainScore,trainavgFB,trainG
original,96.78060624999999,0.9807943749999999,0.9375,95.79905666666664,95.79905666666664,0.9828436666666663,0.9
none,96.78060624999999,0.9807943749999999,0.9375,95.79905666666664,95.79905666666664,0.9828436666666663,0.9
f16,96.78060624999999,0.9807943749999999,0.9375,95.80008333333332,95.80008333333332,0.9828583333333331,0.9
i8,93.4773875,0.96039125,0.875,90.37505833333333,90.37505833333333,0.9625008333333334,0.7666666666666667
