model,testScore,testavgFB,testG,default,trainScore,trainavgFB,trainG
original,96.71191875,0.979813125,0.9375,95.36502,95.36502,0.9837859999999999,0.8833333333333333
none,96.71191875,0.979813125,0.9375,95.36502,95.36502,0.9837859999999999,0.8833333333333333
f16,96.71191875,0.979813125,0.9375,95.37312833333333,95.37312833333333,0.9839018333333333,0.8833333333333333
i8,93.48718750000002,0.9605312500000002,0.875,91.58241000000001,91.58241000000001,0.9654630000000001,0.8
