model,testScore,testavgFB,testG,default,trainScore,trainavgFB,trainG
original,96.79924374999999,0.9810606249999999,0.9375,95.22997833333334,95.22997833333334,0.9818568333333334,0.8833333333333333
none,96.79924374999999,0.9810606249999999,0.9375,95.22997833333334,95.22997833333334,0.9818568333333334,0.8833333333333333
f16,96.79924374999999,0.9810606249999999,0.9375,95.22784333333334,95.22784333333334,0.9818263333333335,0.8833333333333333
i8,93.5669875,0.9616712499999999,0.875,91.26899666666667,91.26899666666667,0.9609856666666666,0.8
