model,testScore,testavgFB,testG,default,trainScore,trainavgFB,trainG
original,96.74875625,0.9803393749999999,0.9375,95.98133666666666,95.98133666666666,0.9854476666666666,0.9
none,96.74875625,0.9803393749999999,0.9375,95.98133666666666,95.98133666666666,0.9854476666666666,0.9
f16,96.74875625,0.9803393749999999,0.9375,95.98234,95.98234,0.985462,0.9
i8,90.45959375,0.9440656249999999,0.8125,90.84103000000002,90.84103000000002,0.9477290000000002,0.8166666666666667
