model,testScore,testavgFB,testG,default,trainScore,trainavgFB,trainG
original,96.79049375,0.980935625,0.9375,96.506525,96.506525,0.9858075,0.9166666666666666
none,96.79049375,0.980935625,0.9375,96.506525,96.506525,0.9858075,0.9166666666666666
f16,96.79049375,0.980935625,0.9375,96.506525,96.506525,0.9858075,0.9166666666666666
i8,92.2693625,0.94313375,0.875,90.83814833333335,90.83814833333335,0.9476878333333335,0.8166666666666667
