model,testScore,testavgFB,testG,default,trainScore,trainavgFB,trainG
original,96.80375000000001,0.981125,0.9375,96.45506333333333,96.45506333333333,0.9850723333333332,0.9166666666666666
none,96.80375000000001,0.981125,0.9375,96.45506333333333,96.45506333333333,0.9850723333333332,0.9166666666666666
f16,96.80375000000001,0.981125,0.9375,96.45416499999999,96.45416499999999,0.9850594999999999,0.9166666666666666
i8,92.22723125,0.942531875,0.875,91.17551333333334,91.17551333333334,0.9525073333333335,0.8166666666666667
