model,testScore,testavgFB,testG,default,trainScore,trainavgFB,trainG
original,96.77133124999999,0.9806618749999999,0.9375,95.85856833333334,95.85856833333334,0.9836938333333335,0.9
none,96.77133124999999,0.9806618749999999,0.9375,95.85856833333334,95.85856833333334,0.9836938333333335,0.9
f16,96.77133124999999,0.9806618749999999,0.9375,95.85342333333334,95.85342333333334,0.9836203333333334,0.9
i8,78.12662499999999,0.8482375,0.625,81.943645,81.943645,0.8706235,0.7
