model,testScore,testavgFB,testG,default,trainScore,trainavgFB,trainG
original,96.789925,0.9809275,0.9375,96.05371666666667,96.05371666666667,0.9864816666666667,0.9
none,96.789925,0.9809275,0.9375,96.05371666666667,96.05371666666667,0.9864816666666667,0.9
f16,96.789925,0.9809275,0.9375,96.05371666666667,96.05371666666667,0.9864816666666667,0.9
i8,92.02790625,0.939684375,0.875,89.72579833333334,89.72579833333334,0.9460828333333334,0.7833333333333333
