model,testScore,testavgFB,testG,default,trainScore,trainavgFB,trainG
original,96.90577499999999,0.9825824999999999,0.9375,94.60326666666667,94.60326666666667,0.9800466666666667,0.8666666666666667
none,96.90577499999999,0.9825824999999999,0.9375,94.60326666666667,94.60326666666667,0.9800466666666667,0.8666666666666667
f16,96.90577499999999,0.9825824999999999,0.9375,94.60621833333335,94.60621833333335,0.9800888333333334,0.8666666666666667
i8,94.02920625,0.968274375,0.875,91.04414333333331,91.04414333333331,0.964916333333333,0.7833333333333333
