model,testScore,testavgFB,testG,default,trainScore,trainavgFB,trainG
original,96.786075,0.9808724999999999,0.9375,95.53649666666666,95.53649666666666,0.9862356666666667,0.8833333333333333
none,96.786075,0.9808724999999999,0.9375,95.53649666666666,95.53649666666666,0.9862356666666667,0.8833333333333333
f16,96.786075,0.9808724999999999,0.9375,95.53649666666666,95.53649666666666,0.9862356666666667,0.8833333333333333
i8,90.8821375,0.92331625,0.875,88.73774833333334,88.73774833333334,0.9319678333333334,0.7833333333333333
