model,testScore,testavgFB,testG,default,trainScore,trainavgFB,trainG
original,96.822475,0.9813925,0.9375,95.97550333333334,95.97550333333334,0.9853643333333334,0.9
none,96.822475,0.9813925,0.9375,95.97550333333334,95.97550333333334,0.9853643333333334,0.9
f16,96.822475,0.9813925,0.9375,95.97845500000001,95.97845500000001,0.9854065000000001,0.9
i8,89.03439375,0.9237056250000001,0.8125,88.625935,88.625935,0.9303705,0.7833333333333333
