model,testScore,testavgFB,testG,default,trainScore,trainavgFB,trainG
original,96.78261875,0.980823125,0.9375,97.01321,97.01321,0.9859030000000001,0.9333333333333333
none,96.78261875,0.980823125,0.9375,97.01321,97.01321,0.9859030000000001,0.9333333333333333
f16,96.78261875,0.980823125,0.9375,97.01694333333334,97.01694333333334,0.9859563333333334,0.9333333333333333
i8,85.87996875,0.905428125,0.75,85.11584,85.11584,0.8945120000000001,0.75
