model,testScore,testavgFB,testG,default,trainScore,trainavgFB,trainG
original,96.76140000000001,0.9805200000000001,0.9375,96.06501,96.06501,0.986643,0.9
none,96.76140000000001,0.9805200000000001,0.9375,96.06501,96.06501,0.986643,0.9
f16,96.76140000000001,0.9805200000000001,0.9375,96.06501,96.06501,0.986643,0.9
i8,88.44621875,0.915303125,0.8125,86.91521500000002,86.91521500000002,0.9130745000000001,0.7666666666666667
