model,testScore,testavgFB,testG,default,trainScore,trainavgFB,trainG
original,96.48546875,0.976578125,0.9375,93.97531833333333,93.97531833333333,0.9782188333333334,0.85
none,96.48546875,0.976578125,0.9375,93.97531833333333,93.97531833333333,0.9782188333333334,0.85
f16,96.48546875,0.976578125,0.9375,93.983275,93.983275,0.9783325000000002,0.85
i8,76.81621874999999,0.8563031249999999,0.5625,83.89534166666668,83.89534166666668,0.8842191666666669,0.7333333333333333
