model,testScore,testavgFB,testG,default,trainScore,trainavgFB,trainG
original,96.81744375000001,0.9813206250000001,0.9375,96.04508333333332,96.04508333333332,0.9863583333333332,0.9
none,96.81744375000001,0.9813206250000001,0.9375,96.04508333333332,96.04508333333332,0.9863583333333332,0.9
f16,96.81744375000001,0.9813206250000001,0.9375,96.04747499999999,96.04747499999999,0.9863924999999999,0.9
i8,93.0013875,0.95359125,0.875,92.39171666666665,92.39171666666665,0.9698816666666665,0.8166666666666667
