model,testScore,testavgFB,testG,default,trainScore,trainavgFB,trainG
original,96.78358125,0.9808368749999999,0.9375,95.40767333333334,95.40767333333334,0.9843953333333333,0.8833333333333333
none,96.78358125,0.9808368749999999,0.9375,95.40767333333334,95.40767333333334,0.9843953333333333,0.8833333333333333
f16,96.78358125,0.9808368749999999,0.9375,95.40767333333334,95.40767333333334,0.9843953333333333,0.8833333333333333
i8,90.686225,0.9205175,0.875,87.68855500000001,87.68855500000001,0.9098365000000002,0.8
