model,testScore,testavgFB,testG,default,trainScore,trainavgFB,trainG
original,96.81201875,0.981243125,0.9375,96.14552166666667,96.14552166666667,0.9877931666666666,0.9
none,96.81201875,0.981243125,0.9375,96.14552166666667,96.14552166666667,0.9877931666666666,0.9
f16,96.81201875,0.981243125,0.9375,96.14552166666667,96.14552166666667,0.9877931666666666,0.9
i8,89.0333375,0.95047625,0.75,88.58564666666666,88.58564666666666,0.9440806666666667,0.75
