model,testScore,testavgFB,testG,default,trainScore,trainavgFB,trainG
original,96.55704374999999,0.9776006249999999,0.9375,93.43254833333333,93.43254833333333,0.9776078333333333,0.8333333333333334
none,96.55704374999999,0.9776006249999999,0.9375,93.43254833333333,93.43254833333333,0.9776078333333333,0.8333333333333334
f16,96.55704374999999,0.9776006249999999,0.9375,93.405785,93.405785,0.9772255,0.8333333333333334
i8,86.19448750000001,0.90992125,0.75,86.85451166666667,86.85451166666667,0.9193501666666667,0.75
