model,testScore,testavgFB,testG,default,trainScore,trainavgFB,trainG
original,96.81306875,0.981258125,0.9375,97.17856166666667,97.17856166666667,0.9882651666666666,0.9333333333333333
none,96.81306875,0.981258125,0.9375,97.17856166666667,97.17856166666667,0.9882651666666666,0.9333333333333333
f16,96.81306875,0.981258125,0.9375,97.181105,97.181105,0.9883014999999999,0.9333333333333333
i8,83.18780625,0.893754375,0.6875,82.99490499999999,82.99490499999999,0.8856414999999999,0.7
