model,testScore,testavgFB,testG,default,trainScore,trainavgFB,trainG
original,96.80361875,0.981123125,0.9375,96.58139,96.58139,0.9868769999999999,0.9166666666666666
none,96.80361875,0.981123125,0.9375,96.58139,96.58139,0.9868769999999999,0.9166666666666666
f16,96.80361875,0.981123125,0.9375,96.58528666666666,96.58528666666666,0.9869326666666666,0.9166666666666666
i8,86.923675,0.8935525,0.8125,87.22002833333333,87.22002833333333,0.9245718333333333,0.75
