model,testScore,testavgFB,testG,default,trainScore,trainavgFB,trainG
original,96.77977499999999,0.9807824999999999,0.9375,96.50841499999999,96.50841499999999,0.9858344999999997,0.9166666666666666
none,96.77977499999999,0.9807824999999999,0.9375,96.50841499999999,96.50841499999999,0.9858344999999997,0.9166666666666666
f16,96.77977499999999,0.9807824999999999,0.9375,96.50567333333333,96.50567333333333,0.9857953333333332,0.9166666666666666
i8,88.84465,0.9209950000000001,0.8125,88.06613333333334,88.06613333333334,0.9223733333333334,0.7833333333333333
