model,testScore,testavgFB,testG,default,trainScore,trainavgFB,trainG
original,96.80375000000001,0.981125,0.9375,96.06260666666667,96.06260666666667,0.9866086666666666,0.9
none,96.80375000000001,0.981125,0.9375,96.06260666666667,96.06260666666667,0.9866086666666666,0.9
f16,96.80375000000001,0.981125,0.9375,96.06260666666667,96.06260666666667,0.9866086666666666,0.9
i8,84.71056875000001,0.915508125,0.6875,81.98309499999999,81.98309499999999,0.8997584999999998,0.6333333333333333
