model,testScore,testavgFB,testG,default,trainScore,trainavgFB,trainG
original,96.79924374999999,0.9810606249999999,0.9375,95.40289,95.40289,0.984327,0.8833333333333333
none,96.79924374999999,0.9810606249999999,0.9375,95.40289,95.40289,0.984327,0.8833333333333333
f16,96.79924374999999,0.9810606249999999,0.9375,95.41050833333333,95.41050833333333,0.9844358333333332,0.8833333333333333
i8,90.90523125,0.950431875,0.8125,87.41025166666667,87.41025166666667,0.9344321666666667,0.7333333333333333
