model,testScore,testavgFB,testG,default,trainScore,trainavgFB,trainG
original,96.7943,0.98099,0.9375,96.62223500000002,96.62223500000002,0.9874605000000002,0.9166666666666666
none,96.7943,0.98099,0.9375,96.62223500000002,96.62223500000002,0.9874605000000002,0.9166666666666666
f16,96.7943,0.98099,0.9375,96.62223500000002,96.62223500000002,0.9874605000000002,0.9166666666666666
i8,87.23758125,0.8980368750000001,0.8125,84.52208333333333,84.52208333333333,0.9074583333333333,0.7
