model,testScore,testavgFB,testG,default,trainScore,trainavgFB,trainG
original,96.7949125,0.98099875,0.9375,97.18693833333333,97.18693833333333,0.9883848333333333,0.9333333333333333
none,96.7949125,0.98099875,0.9375,97.18693833333333,97.18693833333333,0.9883848333333333,0.9333333333333333
f16,96.7949125,0.98099875,0.9375,97.18693833333333,97.18693833333333,0.9883848333333333,0.9333333333333333
i8,85.31856875,0.8974081249999999,0.75,88.027445,88.027445,0.9289635,0.7666666666666667
