model,testScore,testavgFB,testG,default,trainScore,trainavgFB,trainG
original,96.82685000000001,0.9814550000000001,0.9375,96.42741333333332,96.42741333333332,0.9846773333333332,0.9166666666666666
none,96.82685000000001,0.9814550000000001,0.9375,96.42741333333332,96.42741333333332,0.9846773333333332,0.9166666666666666
f16,96.82685000000001,0.9814550000000001,0.9375,96.42741333333332,96.42741333333332,0.9846773333333332,0.9166666666666666
i8,89.62869375,0.932195625,0.8125,87.83464333333335,87.83464333333335,0.9190663333333334,0.7833333333333333
