model,testScore,testavgFB,testG,default,trainScore,trainavgFB,trainG
original,96.766475,0.9805925,0.9375,96.58937,96.58937,0.986991,0.9166666666666666
none,96.766475,0.9805925,0.9375,96.58937,96.58937,0.986991,0.9166666666666666
f16,96.766475,0.9805925,0.9375,96.58937,96.58937,0.986991,0.9166666666666666
i8,89.09655624999999,0.9513793749999999,0.75,89.03790833333333,89.03790833333333,0.9362558333333334,0.7833333333333333
