model,testScore,testavgFB,testG,default,trainScore,trainavgFB,trainG
original,96.67914999999999,0.9793449999999999,0.9375,94.38560166666667,94.38560166666667,0.9769371666666669,0.8666666666666667
none,96.67914999999999,0.9793449999999999,0.9375,94.38560166666667,94.38560166666667,0.9769371666666669,0.8666666666666667
f16,96.67914999999999,0.9793449999999999,0.9375,94.38455166666667,94.38455166666667,0.9769221666666668,0.8666666666666667
i8,67.53582499999999,0.7772975,0.4375,76.33034666666667,76.33034666666667,0.8332906666666667,0.6
