model,testScore,testavgFB,testG,default,trainScore,trainavgFB,trainG
original,96.78559375,0.9808656250000001,0.9375,96.00644333333332,96.00644333333332,0.9858063333333332,0.9
none,96.78559375,0.9808656250000001,0.9375,96.00644333333332,96.00644333333332,0.9858063333333332,0.9
f16,96.78559375,0.9808656250000001,0.9375,96.00644333333332,96.00644333333332,0.9858063333333332,0.9
i8,76.65066875,0.853938125,0.5625,82.92824499999998,82.92824499999998,0.8704034999999998,0.7333333333333333
