model,testScore,testavgFB,testG,default,trainScore,trainavgFB,trainG
original,96.74070624999999,0.9802243749999999,0.9375,95.35972333333332,95.35972333333332,0.9837103333333332,0.8833333333333333
none,96.74070624999999,0.9802243749999999,0.9375,95.35972333333332,95.35972333333332,0.9837103333333332,0.8833333333333333
f16,96.74070624999999,0.9802243749999999,0.9375,95.36078499999999,95.36078499999999,0.9837254999999999,0.8833333333333333
i8,93.11605625,0.9552293749999999,0.875,90.102365,90.102365,0.9443195000000001,0.8
