model,testScore,testavgFB,testG,default,trainScore,trainavgFB,trainG
original,96.8306125,0.98150875,0.9375,96.19778833333334,96.19778833333334,0.9885398333333334,0.9
none,96.8306125,0.98150875,0.9375,96.19778833333334,96.19778833333334,0.9885398333333334,0.9
f16,96.8306125,0.98150875,0.9375,96.19778833333334,96.19778833333334,0.9885398333333334,0.9
i8,81.138375,0.8912625000000001,0.625,82.570445,82.570445,0.8938635,0.6666666666666666
