model,testScore,testavgFB,testG,default,trainScore,trainavgFB,trainG
original,96.79924374999999,0.9810606249999999,0.9375,95.92242,95.92242,0.984606,0.9
none,96.79924374999999,0.9810606249999999,0.9375,95.92242,95.92242,0.984606,0.9
f16,96.79924374999999,0.9810606249999999,0.9375,95.92242,95.92242,0.984606,0.9
i8,93.5764375,0.9618062499999999,0.875,90.21984666666667,90.21984666666667,0.9531406666666667,0.7833333333333333
