model,testScore,testavgFB,testG,default,trainScore,trainavgFB,trainG
original,96.76209999999999,0.9805299999999999,0.9375,96.64042333333333,96.64042333333333,0.9877203333333332,0.9166666666666666
none,96.76209999999999,0.9805299999999999,0.9375,96.64042333333333,96.64042333333333,0.9877203333333332,0.9166666666666666
f16,96.76209999999999,0.9805299999999999,0.9375,96.64042333333333,96.64042333333333,0.9877203333333332,0.9166666666666666
i8,82.0453125,0.90421875,0.625,85.05951999999999,85.05951999999999,0.9151359999999998,0.7
