model,testScore,testavgFB,testG,default,trainScore,trainavgFB,trainG
original,96.79189375,0.980955625,0.9375,96.54742833333333,96.54742833333333,0.9863918333333334,0.9166666666666666
none,96.79189375,0.980955625,0.9375,96.54742833333333,96.54742833333333,0.9863918333333334,0.9166666666666666
f16,96.79189375,0.980955625,0.9375,96.54742833333333,96.54742833333333,0.9863918333333334,0.9166666666666666
i8,87.17540625,0.923934375,0.75,88.48173166666668,88.48173166666668,0.9425961666666668,0.75
