model,testScore,testavgFB,testG,default,trainScore,trainavgFB,trainG
original,96.79049375,0.980935625,0.9375,96.54235333333334,96.54235333333334,0.9863193333333334,0.9166666666666666
none,96.79049375,0.980935625,0.9375,96.54235333333334,96.54235333333334,0.9863193333333334,0.9166666666666666
f16,96.79049375,0.980935625,0.9375,96.53898166666667,96.53898166666667,0.9862711666666668,0.9166666666666666
i8,91.008925,0.9251275,0.875,89.60506166666667,89.60506166666667,0.9372151666666667,0.8
