model,testScore,testavgFB,testG,default,trainScore,trainavgFB,trainG
original,96.74376875,0.9802681249999999,0.9375,96.45534333333333,96.45534333333333,0.9850763333333333,0.9166666666666666
none,96.74376875,0.9802681249999999,0.9375,96.45534333333333,96.45534333333333,0.9850763333333333,0.9166666666666666
f16,96.74376875,0.9802681249999999,0.9375,96.45534333333333,96.45534333333333,0.9850763333333333,0.9166666666666666
i8,89.8231625,0.9349737499999999,0.8125,88.75971666666666,88.75971666666666,0.9322816666666667,0.7833333333333333
