model,testScore,testavgFB,testG,default,trainScore,trainavgFB,trainG
original,96.76735,0.980605,0.9375,95.29243000000001,95.29243000000001,0.9827490000000001,0.8833333333333333
none,96.76735,0.980605,0.9375,95.29243000000001,95.29243000000001,0.9827490000000001,0.8833333333333333
f16,96.76735,0.980605,0.9375,95.29746999999999,95.29746999999999,0.982821,0.8833333333333333
i8,93.525425,0.9610775,0.875,91.28543333333332,91.28543333333332,0.9683633333333331,0.7833333333333333
