model,testScore,testavgFB,testG,default,trainScore,trainavgFB,trainG
original,96.78559375,0.9808656250000001,0.9375,97.01031666666667,97.01031666666667,0.9858616666666667,0.9333333333333333
none,96.78559375,0.9808656250000001,0.9375,97.01031666666667,97.01031666666667,0.9858616666666667,0.9333333333333333
f16,96.78559375,0.9808656250000001,0.9375,97.01031666666667,97.01031666666667,0.9858616666666667,0.9333333333333333
i8,90.72305624999998,0.9478293749999999,0.8125,90.56752666666668,90.56752666666668,0.9509646666666668,0.8
