model,testScore,testavgFB,testG,default,trainScore,trainavgFB,trainG
original,94.18880624999998,0.9705543749999999,0.875,92.34899333333334,92.34899333333334,0.9692713333333334,0.8166666666666667
none,94.18880624999998,0.9705543749999999,0.875,92.34899333333334,92.34899333333334,0.9692713333333334,0.8166666666666667
f16,94.18880624999998,0.9705543749999999,0.875,92.34899333333334,92.34899333333334,0.9692713333333334,0.8166666666666667
i8,69.25444999999999,0.8286349999999999,0.375,78.88817333333334,78.88817333333334,0.8555453333333335,0.6333333333333333
