model,testScore,testavgFB,testG,default,trainScore,trainavgFB,trainG
original,96.77544375,0.980720625,0.9375,94.19572499999998,94.19572499999998,0.9813674999999998,0.85
none,96.77544375,0.980720625,0.9375,94.19572499999998,94.19572499999998,0.9813674999999998,0.85
f16,96.77544375,0.980720625,0.9375,94.19702,94.19702,0.981386,0.85
i8,89.95309999999999,0.9368299999999999,0.8125,86.26020999999999,86.26020999999999,0.9180029999999999,0.7333333333333333
