model,testScore,testavgFB,testG,default,trainScore,trainavgFB,trainG
original,96.72093124999999,0.979941875,0.9375,96.49291000000001,96.49291000000001,0.9856130000000002,0.9166666666666666
none,96.72093124999999,0.979941875,0.9375,96.49291000000001,96.49291000000001,0.9856130000000002,0.9166666666666666
f16,96.72093124999999,0.979941875,0.9375,96.49435666666668,96.49435666666668,0.9856336666666667,0.9166666666666666
i8,93.9782375,0.96754625,0.875,90.56507833333335,90.56507833333335,0.9437868333333335,0.8166666666666667
