model,testScore,testavgFB,testG,default,trainScore,trainavgFB,trainG
original,96.7999,0.98107,0.9375,96.65331499999998,96.65331499999998,0.9879044999999997,0.9166666666666666
none,96.7999,0.98107,0.9375,96.65331499999998,96.65331499999998,0.9879044999999997,0.9166666666666666
f16,96.7999,0.98107,0.9375,96.64750499999998,96.64750499999998,0.9878214999999998,0.9166666666666666
i8,85.8117625,0.9044537500000001,0.75,85.98369833333332,85.98369833333332,0.9140528333333332,0.7333333333333333
