model,testScore,testavgFB,testG,default,trainScore,trainavgFB,trainG
original,96.77111250000002,0.9806587500000001,0.9375,96.683765,96.683765,0.9883394999999999,0.9166666666666666
none,96.77111250000002,0.9806587500000001,0.9375,96.683765,96.683765,0.9883394999999999,0.9166666666666666
f16,96.77111250000002,0.9806587500000001,0.9375,96.68244666666666,96.68244666666666,0.9883206666666666,0.9166666666666666
i8,85.3738625,0.92498375,0.6875,85.90835000000001,85.90835000000001,0.9344050000000002,0.6833333333333333
