model,testScore,testavgFB,testG,default,trainScore,trainavgFB,trainG
original,96.7999,0.98107,0.9375,95.46996166666668,95.46996166666668,0.9852851666666668,0.8833333333333333
none,96.7999,0.98107,0.9375,95.46996166666668,95.46996166666668,0.9852851666666668,0.8833333333333333
f16,96.7999,0.98107,0.9375,95.471,95.471,0.9853000000000001,0.8833333333333333
i8,92.00953125,0.939421875,0.875,90.14428333333333,90.14428333333333,0.9449183333333333,0.8
