model,testScore,testavgFB,testG,default,trainScore,trainavgFB,trainG
original,96.79049375,0.980935625,0.9375,96.08372333333332,96.08372333333332,0.9869103333333331,0.9
none,96.79049375,0.980935625,0.9375,96.08372333333332,96.08372333333332,0.9869103333333331,0.9
f16,96.79049375,0.980935625,0.9375,96.08372333333332,96.08372333333332,0.9869103333333331,0.9
i8,90.49126875,0.944518125,0.8125,89.14414500000001,89.14414500000001,0.9377735000000001,0.7833333333333333
