model,testScore,testavgFB,testG,default,trainScore,trainavgFB,trainG
original,96.7999,0.98107,0.9375,96.417275,96.417275,0.9845325000000001,0.9166666666666666
none,96.7999,0.98107,0.9375,96.417275,96.417275,0.9845325000000001,0.9166666666666666
f16,96.7999,0.98107,0.9375,96.417275,96.417275,0.9845325000000001,0.9166666666666666
i8,92.0402875,0.93986125,0.875,89.47770500000001,89.47770500000001,0.9496815000000002,0.7666666666666667
