model,testScore,testavgFB,testG,default,trainScore,trainavgFB,trainG
original,96.159925,0.9719274999999999,0.9375,91.12529833333335,91.12529833333335,0.9589328333333335,0.8
none,96.159925,0.9719274999999999,0.9375,91.12529833333335,91.12529833333335,0.9589328333333335,0.8
f16,96.22174375,0.9728106249999999,0.9375,91.14731333333334,91.14731333333334,0.9592473333333336,0.8
i8,91.9660875,0.9388012499999999,0.875,89.60633333333332,89.60633333333332,0.9372333333333333,0.8
