model,testScore,testavgFB,testG,default,trainScore,trainavgFB,trainG
original,96.7382125,0.9801887499999999,0.9375,97.14359666666665,97.14359666666665,0.9877656666666665,0.9333333333333333
none,96.7382125,0.9801887499999999,0.9375,97.14359666666665,97.14359666666665,0.9877656666666665,0.9333333333333333
f16,96.7382125,0.9801887499999999,0.9375,97.14591833333333,97.14591833333333,0.9877988333333333,0.9333333333333333
i8,87.23534375000001,0.9247906250000001,0.75,85.29651833333335,85.29651833333335,0.9113788333333335,0.7166666666666667
