model,testScore,testavgFB,testG,default,trainScore,trainavgFB,trainG
original,96.79924374999999,0.9810606249999999,0.9375,95.79951166666667,95.79951166666667,0.9828501666666667,0.9
none,96.79924374999999,0.9810606249999999,0.9375,95.79951166666667,95.79951166666667,0.9828501666666667,0.9
f16,96.79924374999999,0.9810606249999999,0.9375,95.813885,95.813885,0.9830555,0.9
i8,88.71006874999999,0.9458581249999998,0.75,88.49144999999999,88.49144999999999,0.9427349999999998,0.75
