model,testScore,testavgFB,testG,default,trainScore,trainavgFB,trainG
original,96.79386249999999,0.9809837499999999,0.9375,95.97412666666666,95.97412666666666,0.9853446666666665,0.9
none,96.79386249999999,0.9809837499999999,0.9375,95.97412666666666,95.97412666666666,0.9853446666666665,0.9
f16,96.79386249999999,0.9809837499999999,0.9375,95.97412666666666,95.97412666666666,0.9853446666666665,0.9
i8,88.98464374999999,0.9497806249999998,0.75,90.72301833333334,90.72301833333334,0.9603288333333334,0.7833333333333333
