model,testScore,testavgFB,testG,default,trainScore,trainavgFB,trainG
original,96.6174625,0.9784637500000001,0.9375,96.61563166666667,96.61563166666667,0.9873661666666667,0.9166666666666666
none,96.6174625,0.9784637500000001,0.9375,96.61563166666667,96.61563166666667,0.9873661666666667,0.9166666666666666
f16,96.6174625,0.9784637500000001,0.9375,96.61563166666667,96.61563166666667,0.9873661666666667,0.9166666666666666
i8,76.46328125,0.8780468749999999,0.5,81.72513666666666,81.72513666666666,0.8817876666666666,0.6666666666666666
