model,testScore,testavgFB,testG,default,trainScore,trainavgFB,trainG
original,96.822475,0.9813925,0.9375,95.80938166666665,95.80938166666665,0.9829911666666665,0.9
none,96.822475,0.9813925,0.9375,95.80938166666665,95.80938166666665,0.9829911666666665,0.9
f16,96.822475,0.9813925,0.9375,95.812555,95.812555,0.9830365,0.9
i8,70.30455,0.7900650000000001,0.5,80.45691333333333,80.45691333333333,0.8565273333333333,0.6833333333333333
