model,testScore,testavgFB,testG,default,trainScore,trainavgFB,trainG
original,96.78060624999999,0.9807943749999999,0.9375,95.37211333333333,95.37211333333333,0.9838873333333333,0.8833333333333333
none,96.78060624999999,0.9807943749999999,0.9375,95.37211333333333,95.37211333333333,0.9838873333333333,0.8833333333333333
f16,96.78060624999999,0.9807943749999999,0.9375,95.37890333333334,95.37890333333334,0.9839843333333333,0.8833333333333333
i8,68.03768124999999,0.784466875,0.4375,76.51583833333333,76.51583833333333,0.8216548333333333,0.6333333333333333
