model,testScore,testavgFB,testG,default,trainScore,trainavgFB,trainG
original,93.51383125,0.960911875,0.875,94.17514666666668,94.17514666666668,0.9739306666666667,0.8666666666666667
none,93.51383125,0.960911875,0.875,94.17514666666668,94.17514666666668,0.9739306666666667,0.8666666666666667
f16,93.51383125,0.960911875,0.875,94.18068833333334,94.18068833333334,0.9740098333333334,0.8666666666666667
i8,70.71523125,0.7959318750000001,0.5,80.91577666666666,80.91577666666666,0.8559396666666667,0.7
