model,testScore,testavgFB,testG,default,trainScore,trainavgFB,trainG
original,96.80746875,0.9811781249999999,0.9375,96.58201999999999,96.58201999999999,0.9868859999999998,0.9166666666666666
none,96.80746875,0.9811781249999999,0.9375,96.58201999999999,96.58201999999999,0.9868859999999998,0.9166666666666666
f16,96.80746875,0.9811781249999999,0.9375,96.58201999999999,96.58201999999999,0.9868859999999998,0.9166666666666666
i8,83.55583125000001,0.899011875,0.6875,85.22015999999999,85.22015999999999,0.910288,0.7166666666666667
