model,testScore,testavgFB,testG,default,trainScore,trainavgFB,trainG
original,96.77666875,0.9807381249999999,0.9375,96.65091166666667,96.65091166666667,0.9878701666666667,0.9166666666666666
none,96.77666875,0.9807381249999999,0.9375,96.65091166666667,96.65091166666667,0.9878701666666667,0.9166666666666666
f16,96.77666875,0.9807381249999999,0.9375,96.64955833333333,96.64955833333333,0.9878508333333332,0.9166666666666666
i8,80.72594375,0.8853706250000001,0.625,80.46129333333332,80.46129333333332,0.8851613333333331,0.6166666666666667
