model,testScore,testavgFB,testG,default,trainScore,trainavgFB,trainG
original,96.80865,0.9811949999999999,0.9375,95.80779500000001,95.80779500000001,0.9829685000000002,0.9
none,96.80865,0.9811949999999999,0.9375,95.80779500000001,95.80779500000001,0.9829685000000002,0.9
f16,96.80865,0.9811949999999999,0.9375,95.81600833333334,95.81600833333334,0.9830858333333335,0.9
i8,90.80968125,0.949066875,0.8125,88.89578333333333,88.89578333333333,0.9413683333333333,0.7666666666666667
