model,testScore,testavgFB,testG,default,trainScore,trainavgFB,trainG
original,96.767,0.9806,0.9375,97.03332333333333,97.03332333333333,0.9861903333333332,0.9333333333333333
none,96.767,0.9806,0.9375,97.03332333333333,97.03332333333333,0.9861903333333332,0.9333333333333333
f16,96.767,0.9806,0.9375,97.03587833333333,97.03587833333333,0.9862268333333333,0.9333333333333333
i8,87.83240625,0.9065343750000001,0.8125,85.05514833333332,85.05514833333332,0.9007878333333331,0.7333333333333333
