model,testScore,testavgFB,testG,default,trainScore,trainavgFB,trainG
original,96.68715625,0.979459375,0.9375,95.5872,95.5872,0.9869599999999998,0.8833333333333333
none,96.68715625,0.979459375,0.9375,95.5872,95.5872,0.9869599999999998,0.8833333333333333
f16,96.69608125,0.9795868750000001,0.9375,95.5872,95.5872,0.9869599999999998,0.8833333333333333
i8,86.255825,0.9107975,0.75,83.97356500000001,83.97356500000001,0.8924795000000001,0.7166666666666667
