model,testScore,testavgFB,testG,default,trainScore,trainavgFB,trainG
original,96.80865,0.9811949999999999,0.9375,94.788685,94.788685,0.9826954999999999,0.8666666666666667
none,96.80865,0.9811949999999999,0.9375,94.788685,94.788685,0.9826954999999999,0.8666666666666667
f16,96.80865,0.9811949999999999,0.9375,94.786445,94.786445,0.9826634999999999,0.8666666666666667
i8,92.45004999999999,0.9457149999999999,0.875,89.577365,89.577365,0.9368195,0.8
