model,testScore,testavgFB,testG,default,trainScore,trainavgFB,trainG
original,96.81306875,0.981258125,0.9375,97.04104666666666,97.04104666666666,0.9863006666666666,0.9333333333333333
none,96.81306875,0.981258125,0.9375,97.04104666666666,97.04104666666666,0.9863006666666666,0.9333333333333333
f16,96.81306875,0.981258125,0.9375,97.04104666666666,97.04104666666666,0.9863006666666666,0.9333333333333333
i8,88.48695,0.915885,0.8125,86.38691166666668,86.38691166666668,0.9126701666666668,0.75
