model,testScore,testavgFB,testG,default,trainScore,trainavgFB,trainG
original,96.80865,0.9811949999999999,0.9375,95.99260666666665,95.99260666666665,0.9856086666666665,0.9
none,96.80865,0.9811949999999999,0.9375,95.99260666666665,95.99260666666665,0.9856086666666665,0.9
f16,96.80865,0.9811949999999999,0.9375,95.98659833333332,95.98659833333332,0.9855228333333331,0.9
i8,91.86975,0.937425,0.875,88.39278833333333,88.39278833333333,0.9270398333333333,0.7833333333333333
