model,testScore,testavgFB,testG,default,trainScore,trainavgFB,trainG
original,96.79924374999999,0.9810606249999999,0.9375,96.00881166666666,96.00881166666666,0.9858401666666665,0.9
none,96.79924374999999,0.9810606249999999,0.9375,96.00881166666666,96.00881166666666,0.9858401666666665,0.9
f16,96.79924374999999,0.9810606249999999,0.9375,96.00489166666667,96.00489166666667,0.9857841666666666,0.9
i8,89.3762125,0.92858875,0.8125,89.53092,89.53092,0.9361559999999999,0.8
