model,testScore,testavgFB,testG,default,trainScore,trainavgFB,trainG
original,96.7446875,0.98028125,0.9375,94.76732333333334,94.76732333333334,0.9823903333333334,0.8666666666666667
none,96.7446875,0.98028125,0.9375,94.76732333333334,94.76732333333334,0.9823903333333334,0.8666666666666667
f16,96.7446875,0.98028125,0.9375,94.77130166666666,94.77130166666666,0.9824471666666666,0.8666666666666667
i8,78.93652499999999,0.8598075,0.625,82.045785,82.045785,0.8792255,0.6833333333333333
