model,testScore,testavgFB,testG,default,trainScore,trainavgFB,trainG
original,96.79924374999999,0.9810606249999999,0.9375,96.59212333333332,96.59212333333332,0.9870303333333332,0.9166666666666666
none,96.79924374999999,0.9810606249999999,0.9375,96.59212333333332,96.59212333333332,0.9870303333333332,0.9166666666666666
f16,96.79924374999999,0.9810606249999999,0.9375,96.59212333333332,96.59212333333332,0.9870303333333332,0.9166666666666666
i8,90.178675,0.9400525000000001,0.8125,90.44264666666666,90.44264666666666,0.9491806666666666,0.8
