model,testScore,testavgFB,testG,default,trainScore,trainavgFB,trainG
original,96.77666875,0.9807381249999999,0.9375,95.94405,95.94405,0.9849150000000001,0.9
none,96.77666875,0.9807381249999999,0.9375,95.94405,95.94405,0.9849150000000001,0.9
f16,96.77666875,0.9807381249999999,0.9375,95.94934666666667,95.94934666666667,0.9849906666666668,0.9
i8,90.45325,0.9439749999999999,0.8125,87.52582166666666,87.52582166666666,0.9360831666666665,0.7333333333333333
