model,testScore,testavgFB,testG,default,trainScore,trainavgFB,trainG
original,96.77666875,0.9807381249999999,0.9375,95.99779833333334,95.99779833333334,0.9856828333333334,0.9
none,96.77666875,0.9807381249999999,0.9375,95.99779833333334,95.99779833333334,0.9856828333333334,0.9
f16,96.77666875,0.9807381249999999,0.9375,95.99872,95.99872,0.9856960000000001,0.9
i8,89.1546125,0.9522087499999999,0.75,87.816985,87.816985,0.9473855000000001,0.7166666666666667
