model,testScore,testavgFB,testG,default,trainScore,trainavgFB,trainG
original,96.808125,0.9811875000000001,0.9375,96.99050666666666,96.99050666666666,0.9855786666666666,0.9333333333333333
none,96.808125,0.9811875000000001,0.9375,96.99050666666666,96.99050666666666,0.9855786666666666,0.9333333333333333
f16,96.808125,0.9811875000000001,0.9375,96.99050666666666,96.99050666666666,0.9855786666666666,0.9333333333333333
i8,88.178075,0.9114725,0.8125,87.64827833333334,87.64827833333334,0.9235468333333333,0.7666666666666667
