model,testScore,testavgFB,testG,default,trainScore,trainavgFB,trainG
original,96.79924374999999,0.9810606249999999,0.9375,94.64585000000001,94.64585000000001,0.9806550000000002,0.8666666666666667
none,96.79924374999999,0.9810606249999999,0.9375,94.64585000000001,94.64585000000001,0.9806550000000002,0.8666666666666667
f16,96.73129999999999,0.9800899999999999,0.9375,94.63927000000001,94.63927000000001,0.9805610000000001,0.8666666666666667
i8,87.67100624999999,0.931014375,0.75,86.94727166666667,86.94727166666667,0.9278181666666666,0.7333333333333333
