model,testScore,testavgFB,testG,default,trainScore,trainavgFB,trainG
original,96.67665625,0.9793093749999999,0.9375,95.06005333333333,95.06005333333333,0.9794293333333333,0.8833333333333333
none,96.67665625,0.9793093749999999,0.9375,95.06005333333333,95.06005333333333,0.9794293333333333,0.8833333333333333
f16,96.67665625,0.9793093749999999,0.9375,95.05843166666666,95.05843166666666,0.9794061666666667,0.8833333333333333
i8,86.84859374999999,0.919265625,0.75,86.19683833333333,86.19683833333333,0.9099548333333333,0.75
