model,testScore,testavgFB,testG,default,trainScore,trainavgFB,trainG
original,96.81306875,0.981258125,0.9375,96.56985166666666,96.56985166666666,0.9867121666666667,0.9166666666666666
none,96.81306875,0.981258125,0.9375,96.56985166666666,96.56985166666666,0.9867121666666667,0.9166666666666666
f16,96.81306875,0.981258125,0.9375,96.56985166666666,96.56985166666666,0.9867121666666667,0.9166666666666666
i8,87.910325,0.9076475,0.8125,84.68240999999999,84.68240999999999,0.8954629999999999,0.7333333333333333
