model,testScore,testavgFB,testG,default,trainScore,trainavgFB,trainG
original,96.70903125000001,0.9797718750000002,0.9375,95.561825,95.561825,0.9865975,0.8833333333333333
none,96.70903125000001,0.9797718750000002,0.9375,95.561825,95.561825,0.9865975,0.8833333333333333
f16,96.70903125000001,0.9797718750000002,0.9375,95.56254833333334,95.56254833333334,0.9866078333333334,0.8833333333333333
i8,86.27546249999999,0.9378637499999999,0.6875,87.19275166666665,87.19275166666665,0.9241821666666664,0.75
