model,testScore,testavgFB,testG,default,trainScore,trainavgFB,trainG
original,96.59501875000001,0.9781431250000001,0.9375,97.72024666666665,97.72024666666665,0.9888606666666665,0.95
none,96.59501875000001,0.9781431250000001,0.9375,97.72024666666665,97.72024666666665,0.9888606666666665,0.95
f16,96.59501875000001,0.9781431250000001,0.9375,97.72256833333333,97.72256833333333,0.9888938333333332,0.95
i8,91.39015625,0.957359375,0.8125,90.90294333333334,90.90294333333334,0.9557563333333334,0.8
