model,testScore,testavgFB,testG,default,trainScore,trainavgFB,trainG
original,96.82129375,0.981375625,0.9375,97.04717166666666,97.04717166666666,0.9863881666666666,0.9333333333333333
none,96.82129375,0.981375625,0.9375,97.04717166666666,97.04717166666666,0.9863881666666666,0.9333333333333333
f16,96.82129375,0.981375625,0.9375,97.04717166666666,97.04717166666666,0.9863881666666666,0.9333333333333333
i8,89.92829375000001,0.936475625,0.8125,88.59606833333332,88.59606833333332,0.9299438333333331,0.7833333333333333
