model,testScore,testavgFB,testG,default,trainScore,trainavgFB,trainG
original,96.77666875,0.9807381249999999,0.9375,97.20299166666666,97.20299166666666,0.9886141666666667,0.9333333333333333
none,96.77666875,0.9807381249999999,0.9375,97.20299166666666,97.20299166666666,0.9886141666666667,0.9333333333333333
f16,96.77666875,0.9807381249999999,0.9375,97.20299166666666,97.20299166666666,0.9886141666666667,0.9333333333333333
i8,82.31166875000001,0.8812381250000001,0.6875,82.61250666666668,82.61250666666668,0.8801786666666668,0.7
