model,testScore,testavgFB,testG,default,trainScore,trainavgFB,trainG
original,96.7999,0.98107,0.9375,96.51500666666666,96.51500666666666,0.9859286666666666,0.9166666666666666
none,96.7999,0.98107,0.9375,96.51500666666666,96.51500666666666,0.9859286666666666,0.9166666666666666
f16,96.7999,0.98107,0.9375,96.51500666666666,96.51500666666666,0.9859286666666666,0.9166666666666666
i8,89.31999375,0.927785625,0.8125,87.76801333333331,87.76801333333331,0.9252573333333332,0.7666666666666667
