model,testScore,testavgFB,testG,default,trainScore,trainavgFB,trainG
original,96.64865625,0.978909375,0.9375,94.83398666666668,94.83398666666668,0.9833426666666667,0.8666666666666667
none,96.64865625,0.978909375,0.9375,94.83398666666668,94.83398666666668,0.9833426666666667,0.8666666666666667
f16,96.64865625,0.978909375,0.9375,94.83292499999999,94.83292499999999,0.9833274999999999,0.8666666666666667
i8,96.24169375,0.9730956249999999,0.9375,91.98666166666666,91.98666166666666,0.9640951666666666,0.8166666666666667
