model,testScore,testavgFB,testG,default,trainScore,trainavgFB,trainG
original,96.6174625,0.9784637500000001,0.9375,95.96169,95.96169,0.985167,0.9
none,96.6174625,0.9784637500000001,0.9375,95.96169,95.96169,0.985167,0.9
f16,96.6174625,0.9784637500000001,0.9375,95.96169,95.96169,0.985167,0.9
i8,92.99329374999999,0.9534756249999999,0.875,89.7750583333333,89.7750583333333,0.932500833333333,0.8166666666666667
