model,testScore,testavgFB,testG,default,trainScore,trainavgFB,trainG
original,96.7889625,0.9809137499999999,0.9375,96.499245,96.499245,0.9857035,0.9166666666666666
none,96.7889625,0.9809137499999999,0.9375,96.499245,96.499245,0.9857035,0.9166666666666666
f16,96.7889625,0.9809137499999999,0.9375,96.499245,96.499245,0.9857035,0.9166666666666666
i8,86.1188,0.9088399999999999,0.75,83.24280999999999,83.24280999999999,0.8891829999999998,0.7
