model,testScore,testavgFB,testG,default,trainScore,trainavgFB,trainG
original,96.78060624999999,0.9807943749999999,0.9375,96.00973333333333,96.00973333333333,0.9858533333333332,0.9
none,96.78060624999999,0.9807943749999999,0.9375,96.00973333333333,96.00973333333333,0.9858533333333332,0.9
f16,96.78060624999999,0.9807943749999999,0.9375,96.01182166666666,96.01182166666666,0.9858831666666666,0.9
i8,84.8503125,0.89071875,0.75,83.78688333333334,83.78688333333334,0.9040983333333333,0.6833333333333333
