model,testScore,testavgFB,testG,default,trainScore,trainavgFB,trainG
original,96.81306875,0.981258125,0.9375,96.58649999999999,96.58649999999999,0.9869499999999999,0.9166666666666666
none,96.81306875,0.981258125,0.9375,96.58649999999999,96.58649999999999,0.9869499999999999,0.9166666666666666
f16,96.81306875,0.981258125,0.9375,96.58649999999999,96.58649999999999,0.9869499999999999,0.9166666666666666
i8,83.79033125000001,0.9023618750000001,0.6875,83.67542166666667,83.67542166666667,0.8953631666666666,0.7
