model,testScore,testavgFB,testG,default,trainScore,trainavgFB,trainG
original,96.77133124999999,0.9806618749999999,0.9375,96.47225999999999,96.47225999999999,0.9853179999999998,0.9166666666666666
none,96.77133124999999,0.9806618749999999,0.9375,96.47225999999999,96.47225999999999,0.9853179999999998,0.9166666666666666
f16,96.77133124999999,0.9806618749999999,0.9375,96.47225999999999,96.47225999999999,0.9853179999999998,0.9166666666666666
i8,93.94196875,0.967028125,0.875,89.96992333333333,89.96992333333333,0.9495703333333333,0.7833333333333333
