model,testScore,testavgFB,testG,default,trainScore,trainavgFB,trainG
original,96.81306875,0.981258125,0.9375,96.54537499999999,96.54537499999999,0.9863624999999999,0.9166666666666666
none,96.81306875,0.981258125,0.9375,96.54537499999999,96.54537499999999,0.9863624999999999,0.9166666666666666
f16,96.81306875,0.981258125,0.9375,96.54537499999999,96.54537499999999,0.9863624999999999,0.9166666666666666
i8,74.27403750000002,0.8199862500000001,0.5625,78.93053666666667,78.93053666666667,0.8490076666666667,0.65
