model,testScore,testavgFB,testG,default,trainScore,trainavgFB,trainG
original,96.76735,0.980605,0.9375,95.93546333333333,95.93546333333333,0.9847923333333333,0.9
none,96.76735,0.980605,0.9375,95.93546333333333,95.93546333333333,0.9847923333333333,0.9
f16,96.76735,0.980605,0.9375,95.93602333333332,95.93602333333332,0.9848003333333332,0.9
i8,93.78044375,0.964720625,0.875,91.891335,91.891335,0.9555904999999999,0.8333333333333334
