model,testScore,testavgFB,testG,default,trainScore,trainavgFB,trainG
original,96.83735,0.981605,0.9375,97.07516000000001,97.07516000000001,0.9867880000000001,0.9333333333333333
none,96.83735,0.981605,0.9375,97.07516000000001,97.07516000000001,0.9867880000000001,0.9333333333333333
f16,96.83735,0.981605,0.9375,97.07516000000001,97.07516000000001,0.9867880000000001,0.9333333333333333
i8,90.9356375,0.9508662499999999,0.8125,89.70613,89.70613,0.938659,0.8
