model,testScore,testavgFB,testG,default,trainScore,trainavgFB,trainG
original,96.786075,0.9808724999999999,0.9375,95.90399833333333,95.90399833333333,0.9843428333333334,0.9
none,96.786075,0.9808724999999999,0.9375,95.90399833333333,95.90399833333333,0.9843428333333334,0.9
f16,96.786075,0.9808724999999999,0.9375,95.90489666666667,95.90489666666667,0.9843556666666667,0.9
i8,93.1217875,0.95531125,0.875,90.37985833333333,90.37985833333333,0.9411408333333333,0.8166666666666667
