model,testScore,testavgFB,testG,default,trainScore,trainavgFB,trainG
original,96.808125,0.9811875000000001,0.9375,96.06236166666666,96.06236166666666,0.9866051666666666,0.9
none,96.808125,0.9811875000000001,0.9375,96.06236166666666,96.06236166666666,0.9866051666666666,0.9
f16,96.808125,0.9811875000000001,0.9375,96.56465999999999,96.56465999999999,0.9866379999999999,0.9166666666666666
i8,68.14477500000001,0.8127825000000001,0.375,78.43229500000001,78.43229500000001,0.8633185000000002,0.6
