model,testScore,testavgFB,testG,default,trainScore,trainavgFB,trainG
original,96.61759375,0.978465625,0.9375,96.01111,96.01111,0.985873,0.9
none,96.61759375,0.978465625,0.9375,96.01111,96.01111,0.985873,0.9
f16,96.61759375,0.978465625,0.9375,96.01111,96.01111,0.985873,0.9
i8,59.433975,0.6883425,0.375,72.90702999999999,72.90702999999999,0.7915289999999999,0.5833333333333334
