model,testScore,testavgFB,testG,default,trainScore,trainavgFB,trainG
original,96.80375000000001,0.981125,0.9375,96.53405833333332,96.53405833333332,0.9862008333333332,0.9166666666666666
none,96.80375000000001,0.981125,0.9375,96.53405833333332,96.53405833333332,0.9862008333333332,0.9166666666666666
f16,96.80375000000001,0.981125,0.9375,96.53780333333331,96.53780333333331,0.9862543333333331,0.9166666666666666
i8,88.47553125,0.915721875,0.8125,85.50919166666665,85.50919166666665,0.9072741666666666,0.7333333333333333
