model,testScore,testavgFB,testG,default,trainScore,trainavgFB,trainG
original,96.80361875,0.981123125,0.9375,96.48852333333333,96.48852333333333,0.9855503333333334,0.9166666666666666
none,96.80361875,0.981123125,0.9375,96.48852333333333,96.48852333333333,0.9855503333333334,0.9166666666666666
f16,96.80361875,0.981123125,0.9375,96.48852333333333,96.48852333333333,0.9855503333333334,0.9166666666666666
i8,92.5547875,0.94721125,0.875,90.09091833333335,90.09091833333335,0.9512988333333335,0.7833333333333333
