model,testScore,testavgFB,testG,default,trainScore,trainavgFB,trainG
original,96.767,0.9806,0.9375,96.60289166666668,96.60289166666668,0.9871841666666668,0.9166666666666666
none,96.767,0.9806,0.9375,96.60289166666668,96.60289166666668,0.9871841666666668,0.9166666666666666
f16,96.767,0.9806,0.9375,96.60289166666668,96.60289166666668,0.9871841666666668,0.9166666666666666
i8,55.33625000000001,0.6833750000000001,0.25,70.90670666666666,70.90670666666666,0.7772386666666666,0.55
