model,testScore,testavgFB,testG,default,trainScore,trainavgFB,trainG
original,96.77176875,0.980668125,0.9375,96.95890166666666,96.95890166666666,0.9851271666666667,0.9333333333333333
none,96.77176875,0.980668125,0.9375,96.95890166666666,96.95890166666666,0.9851271666666667,0.9333333333333333
f16,96.77176875,0.980668125,0.9375,96.95511,96.95511,0.9850730000000001,0.9333333333333333
i8,87.27581249999999,0.9253687499999999,0.75,84.98844666666668,84.98844666666668,0.9141206666666667,0.7
