model,testScore,testavgFB,testG,default,trainScore,trainavgFB,trainG
original,96.6857125,0.9794387499999999,0.9375,94.80261500000002,94.80261500000002,0.9828945000000002,0.8666666666666667
none,96.6857125,0.9794387499999999,0.9375,94.80261500000002,94.80261500000002,0.9828945000000002,0.8666666666666667
f16,96.66283125,0.9791118749999999,0.9375,94.80013,94.80013,0.982859,0.8666666666666667
i8,86.0744375,0.90820625,0.75,85.338275,85.338275,0.9048324999999999,0.7333333333333333
