model,testScore,testavgFB,testG,default,trainScore,trainavgFB,trainG
original,96.77111250000002,0.9806587500000001,0.9375,96.41047333333333,96.41047333333333,0.9844353333333332,0.9166666666666666
none,96.77111250000002,0.9806587500000001,0.9375,96.41047333333333,96.41047333333333,0.9844353333333332,0.9166666666666666
f16,96.77111250000002,0.9806587500000001,0.9375,96.41047333333333,96.41047333333333,0.9844353333333332,0.9166666666666666
i8,93.13517499999999,0.9555024999999999,0.875,92.19645499999999,92.19645499999999,0.9528064999999999,0.85
