model,testScore,testavgFB,testG,default,trainScore,trainavgFB,trainG
original,96.8076875,0.98118125,0.9375,95.98652833333334,95.98652833333334,0.9855218333333334,0.9
none,96.8076875,0.98118125,0.9375,95.98652833333334,95.98652833333334,0.9855218333333334,0.9
f16,96.8076875,0.98118125,0.9375,95.98652833333334,95.98652833333334,0.9855218333333334,0.9
i8,90.44620625,0.943874375,0.8125,90.90319999999998,90.90319999999998,0.9557599999999998,0.8
