model,testScore,testavgFB,testG,default,trainScore,trainavgFB,trainG
original,96.72565625,0.980009375,0.9375,95.26815166666665,95.26815166666665,0.9824021666666665,0.8833333333333333
none,96.72565625,0.980009375,0.9375,95.26815166666665,95.26815166666665,0.9824021666666665,0.8833333333333333
f16,96.72565625,0.980009375,0.9375,95.26815166666665,95.26815166666665,0.9824021666666665,0.8833333333333333
i8,76.578,0.8529,0.5625,78.36010666666667,78.36010666666667,0.8408586666666668,0.65
