model,testScore,testavgFB,testG,default,trainScore,trainavgFB,trainG
original,96.78060624999999,0.9807943749999999,0.9375,94.525065,94.525065,0.9789294999999999,0.8666666666666667
none,96.78060624999999,0.9807943749999999,0.9375,94.525065,94.525065,0.9789294999999999,0.8666666666666667
f16,96.78060624999999,0.9807943749999999,0.9375,94.54919166666666,94.54919166666666,0.9792741666666666,0.8666666666666667
i8,50.699175000000004,0.6707025000000001,0.125,65.15634166666666,65.15634166666666,0.7665191666666666,0.38333333333333336
