model,testScore,testavgFB,testG,default,trainScore,trainavgFB,trainG
original,96.75803124999999,0.9804718749999999,0.9375,95.86562666666666,95.86562666666666,0.9837946666666666,0.9
none,96.75803124999999,0.9804718749999999,0.9375,95.86562666666666,95.86562666666666,0.9837946666666666,0.9
f16,96.75803124999999,0.9804718749999999,0.9375,95.86772666666667,95.86772666666667,0.9838246666666667,0.9
i8,95.99721874999999,0.9696031249999999,0.9375,91.29832499999999,91.29832499999999,0.9685474999999999,0.7833333333333333
