model,testScore,testavgFB,testG,default,trainScore,trainavgFB,trainG
original,96.77666875,0.9807381249999999,0.9375,95.41719333333333,95.41719333333333,0.9845313333333333,0.8833333333333333
none,96.77666875,0.9807381249999999,0.9375,95.41719333333333,95.41719333333333,0.9845313333333333,0.8833333333333333
f16,96.77666875,0.9807381249999999,0.9375,95.41775333333335,95.41775333333335,0.9845393333333335,0.8833333333333333
i8,90.92553124999999,0.9507218749999999,0.8125,89.30283500000002,89.30283500000002,0.9400405000000002,0.7833333333333333
