model,testScore,testavgFB,testG,default,trainScore,trainavgFB,trainG
original,96.62196875000001,0.9785281250000001,0.9375,96.67816499999998,96.67816499999998,0.9882594999999997,0.9166666666666666
none,96.62196875000001,0.9785281250000001,0.9375,96.67816499999998,96.67816499999998,0.9882594999999997,0.9166666666666666
f16,96.62196875000001,0.9785281250000001,0.9375,96.67816499999998,96.67816499999998,0.9882594999999997,0.9166666666666666
i8,64.1151375,0.75521625,0.375,75.46028333333332,75.46028333333332,0.8137183333333332,0.6166666666666667
