model,testScore,testavgFB,testG,default,trainScore,trainavgFB,trainG
original,96.55533750000001,0.97757625,0.9375,90.17560666666667,90.17560666666667,0.9525086666666667,0.7833333333333333
none,96.55533750000001,0.97757625,0.9375,90.17560666666667,90.17560666666667,0.9525086666666667,0.7833333333333333
f16,96.5777375,0.97789625,0.9375,90.20872833333334,90.20872833333334,0.9529818333333334,0.7833333333333333
i8,82.99771249999999,0.8910387499999999,0.6875,85.85872666666668,85.85872666666668,0.9051246666666668,0.75
