model,testScore,testavgFB,testG,default,trainScore,trainavgFB,trainG
original,96.82129375,0.981375625,0.9375,97.04721833333333,97.04721833333333,0.9863888333333333,0.9333333333333333
none,96.82129375,0.981375625,0.9375,97.04721833333333,97.04721833333333,0.9863888333333333,0.9333333333333333
f16,96.82129375,0.981375625,0.9375,97.04721833333333,97.04721833333333,0.9863888333333333,0.9333333333333333
i8,84.92359375000001,0.8917656250000001,0.75,86.64948166666666,86.64948166666666,0.9164211666666666,0.75
