model,testScore,testavgFB,testG,default,trainScore,trainavgFB,trainG
original,96.2473375,0.9731762500000001,0.9375,95.54532999999999,95.54532999999999,0.9792189999999998,0.9
none,96.2473375,0.9731762500000001,0.9375,95.54532999999999,95.54532999999999,0.9792189999999998,0.9
f16,96.2473375,0.9731762500000001,0.9375,95.54391833333334,95.54391833333334,0.9791988333333334,0.9
i8,68.38728750000001,0.7894612500000001,0.4375,78.92080833333333,78.92080833333333,0.8417258333333332,0.6666666666666666
