model,testScore,testavgFB,testG,default,trainScore,trainavgFB,trainG
original,96.76245,0.9805349999999999,0.9375,95.83592333333334,95.83592333333334,0.9833703333333333,0.9
none,96.76245,0.9805349999999999,0.9375,95.83592333333334,95.83592333333334,0.9833703333333333,0.9
f16,96.76245,0.9805349999999999,0.9375,95.83321666666667,95.83321666666667,0.9833316666666667,0.9
i8,69.347775,0.8031825,0.4375,67.37727,67.37727,0.7839609999999999,0.4166666666666667
