model,testScore,testavgFB,testG,default,trainScore,trainavgFB,trainG
original,96.653775,0.9789825,0.9375,96.57638499999999,96.57638499999999,0.9868054999999999,0.9166666666666666
none,96.653775,0.9789825,0.9375,96.57638499999999,96.57638499999999,0.9868054999999999,0.9166666666666666
f16,96.653775,0.9789825,0.9375,96.57893999999999,96.57893999999999,0.9868419999999999,0.9166666666666666
i8,53.64215624999999,0.6859593749999999,0.1875,71.04329666666666,71.04329666666666,0.7934756666666666,0.5166666666666667
