model,testScore,testavgFB,testG,default,trainScore,trainavgFB,trainG
original,96.61265,0.978395,0.9375,95.96746499999999,95.96746499999999,0.9852494999999999,0.9
none,96.61265,0.978395,0.9375,95.96746499999999,95.96746499999999,0.9852494999999999,0.9
f16,96.61265,0.978395,0.9375,95.96746499999999,95.96746499999999,0.9852494999999999,0.9
i8,75.22533125,0.8603618749999999,0.5,81.92564999999998,81.92564999999998,0.8917949999999997,0.65
