model,testScore,testavgFB,testG,default,trainScore,trainavgFB,trainG
original,96.77824375,0.9807606249999999,0.9375,96.54453499999998,96.54453499999998,0.9863504999999998,0.9166666666666666
none,96.77824375,0.9807606249999999,0.9375,96.54453499999998,96.54453499999998,0.9863504999999998,0.9166666666666666
f16,96.77824375,0.9807606249999999,0.9375,96.04173499999999,96.04173499999999,0.9863104999999999,0.9
i8,86.16779375,0.9363256249999999,0.6875,89.20523333333333,89.20523333333333,0.9315033333333331,0.8
