model,testScore,testavgFB,testG,default,trainScore,trainavgFB,trainG
original,96.80865,0.9811949999999999,0.9375,96.46996166666666,96.46996166666666,0.9852851666666667,0.9166666666666666
none,96.80865,0.9811949999999999,0.9375,96.46996166666666,96.46996166666666,0.9852851666666667,0.9166666666666666
f16,96.80865,0.9811949999999999,0.9375,96.46996166666666,96.46996166666666,0.9852851666666667,0.9166666666666666
i8,90.64211875,0.946673125,0.8125,89.64185833333333,89.64185833333333,0.9377408333333332,0.8
