model,testScore,testavgFB,testG,default,trainScore,trainavgFB,trainG
original,96.80375000000001,0.981125,0.9375,96.529695,96.529695,0.9861385000000001,0.9166666666666666
none,96.80375000000001,0.981125,0.9375,96.529695,96.529695,0.9861385000000001,0.9166666666666666
f16,96.80375000000001,0.981125,0.9375,96.529695,96.529695,0.9861385000000001,0.9166666666666666
i8,91.875175,0.9375024999999999,0.875,89.43405333333334,89.43405333333334,0.9276293333333333,0.8166666666666667
