model,testScore,testavgFB,testG,default,trainScore,trainavgFB,trainG
original,96.77570625,0.980724375,0.9375,96.63056499999998,96.63056499999998,0.9875794999999997,0.9166666666666666
none,96.77570625,0.980724375,0.9375,96.63056499999998,96.63056499999998,0.9875794999999997,0.9166666666666666
f16,96.77570625,0.980724375,0.9375,96.63056499999998,96.63056499999998,0.9875794999999997,0.9166666666666666
i8,53.4024875,0.70932125,0.125,68.85546666666667,68.85546666666667,0.7765066666666667,0.48333333333333334
