model,testScore,testavgFB,testG,default,trainScore,trainavgFB,trainG
original,96.7999,0.98107,0.9375,95.19654166666666,95.19654166666666,0.9813791666666666,0.8833333333333333
none,96.7999,0.98107,0.9375,95.19654166666666,95.19654166666666,0.9813791666666666,0.8833333333333333
f16,96.7999,0.98107,0.9375,95.19654166666666,95.19654166666666,0.9813791666666666,0.8833333333333333
i8,87.57025625,0.902789375,0.8125,86.15934166666668,86.15934166666668,0.9094191666666667,0.75
