model,testScore,testavgFB,testG,default,trainScore,trainavgFB,trainG
original,96.79924374999999,0.9810606249999999,0.9375,95.17582166666666,95.17582166666666,0.9810831666666667,0.8833333333333333
none,96.79924374999999,0.9810606249999999,0.9375,95.17582166666666,95.17582166666666,0.9810831666666667,0.8833333333333333
f16,96.79924374999999,0.9810606249999999,0.9375,95.165905,95.165905,0.9809415,0.8833333333333333
i8,76.98055000000001,0.8318650000000001,0.625,80.321775,80.321775,0.8688825,0.65
