model,testScore,testavgFB,testG,default,trainScore,trainavgFB,trainG
original,96.77977499999999,0.9807824999999999,0.9375,96.56845166666665,96.56845166666665,0.9866921666666665,0.9166666666666666
none,96.77977499999999,0.9807824999999999,0.9375,96.56845166666665,96.56845166666665,0.9866921666666665,0.9166666666666666
f16,96.77977499999999,0.9807824999999999,0.9375,96.56845166666665,96.56845166666665,0.9866921666666665,0.9166666666666666
i8,84.6289375,0.88755625,0.75,82.68065166666668,82.68065166666668,0.8811521666666667,0.7
