model,testScore,testavgFB,testG,default,trainScore,trainavgFB,trainG
original,96.789925,0.9809275,0.9375,95.89283333333333,95.89283333333333,0.9841833333333333,0.9
none,96.789925,0.9809275,0.9375,95.89283333333333,95.89283333333333,0.9841833333333333,0.9
f16,96.789925,0.9809275,0.9375,95.89560999999999,95.89560999999999,0.984223,0.9
i8,87.83109375000001,0.906515625,0.8125,85.99466999999999,85.99466999999999,0.8927809999999999,0.7833333333333333
