model,testScore,testavgFB,testG,default,trainScore,trainavgFB,trainG
original,96.76245,0.9805349999999999,0.9375,96.44015333333333,96.44015333333333,0.9848593333333333,0.9166666666666666
none,96.76245,0.9805349999999999,0.9375,96.44015333333333,96.44015333333333,0.9848593333333333,0.9166666666666666
f16,96.76245,0.9805349999999999,0.9375,96.44015333333333,96.44015333333333,0.9848593333333333,0.9166666666666666
i8,91.09895625,0.953199375,0.8125,87.22092333333333,87.22092333333333,0.9388703333333333,0.7166666666666667
