model,testScore,testavgFB,testG,default,trainScore,trainavgFB,trainG
original,96.775925,0.9807275,0.9375,94.847065,94.847065,0.9835295,0.8666666666666667
none,96.775925,0.9807275,0.9375,94.847065,94.847065,0.9835295,0.8666666666666667
f16,96.775925,0.9807275,0.9375,94.847065,94.847065,0.9835295,0.8666666666666667
i8,87.62353750000001,0.9303362500000001,0.75,89.246985,89.246985,0.9463854999999999,0.7666666666666667
