model,testScore,testavgFB,testG,default,trainScore,trainavgFB,trainG
original,96.786075,0.9808724999999999,0.9375,94.92261833333332,94.92261833333332,0.9846088333333332,0.8666666666666667
none,96.786075,0.9808724999999999,0.9375,94.92261833333332,94.92261833333332,0.9846088333333332,0.8666666666666667
f16,96.786075,0.9808724999999999,0.9375,94.91831333333332,94.91831333333332,0.9845473333333331,0.8666666666666667
i8,91.52364374999999,0.932480625,0.875,90.19144166666666,90.19144166666666,0.9384491666666667,0.8166666666666667
