model,testScore,testavgFB,testG,default,trainScore,trainavgFB,trainG
original,96.786075,0.9808724999999999,0.9375,94.20457000000002,94.20457000000002,0.9743510000000002,0.8666666666666667
none,96.786075,0.9808724999999999,0.9375,94.20457000000002,94.20457000000002,0.9743510000000002,0.8666666666666667
f16,96.786075,0.9808724999999999,0.9375,94.20457000000002,94.20457000000002,0.9743510000000002,0.8666666666666667
i8,92.9845875,0.95335125,0.875,89.07453,89.07453,0.936779,0.7833333333333333
