model,testScore,testavgFB,testG,default,trainScore,trainavgFB,trainG
original,96.766475,0.9805925,0.9375,95.99526666666664,95.99526666666664,0.9856466666666663,0.9
none,96.766475,0.9805925,0.9375,95.99526666666664,95.99526666666664,0.9856466666666663,0.9
f16,96.766475,0.9805925,0.9375,96.49134666666666,96.49134666666666,0.9855906666666665,0.9166666666666666
i8,90.53519375,0.9451456250000001,0.8125,90.50799333333335,90.50799333333335,0.9429713333333335,0.8166666666666667
