model,testScore,testavgFB,testG,default,trainScore,trainavgFB,trainG
original,96.80865,0.9811949999999999,0.9375,96.533615,96.533615,0.9861944999999999,0.9166666666666666
none,96.80865,0.9811949999999999,0.9375,96.533615,96.533615,0.9861944999999999,0.9166666666666666
f16,96.80865,0.9811949999999999,0.9375,96.533615,96.533615,0.9861944999999999,0.9166666666666666
i8,88.77381874999999,0.9199831249999999,0.8125,90.05593333333333,90.05593333333333,0.9365133333333333,0.8166666666666667
