model,testScore,testavgFB,testG,default,trainScore,trainavgFB,trainG
original,96.7803,0.98079,0.9375,96.95557666666667,96.95557666666667,0.9850796666666668,0.9333333333333333
none,96.7803,0.98079,0.9375,96.95557666666667,96.95557666666667,0.9850796666666668,0.9333333333333333
f16,96.7803,0.98079,0.9375,96.95557666666667,96.95557666666667,0.9850796666666668,0.9333333333333333
i8,93.26813125,0.957401875,0.875,90.25939666666666,90.25939666666666,0.9537056666666667,0.7833333333333333
