model,testScore,testavgFB,testG,default,trainScore,trainavgFB,trainG
original,96.81744375000001,0.9813206250000001,0.9375,97.14120499999999,97.14120499999999,0.9877314999999999,0.9333333333333333
none,96.81744375000001,0.9813206250000001,0.9375,97.14120499999999,97.14120499999999,0.9877314999999999,0.9333333333333333
f16,96.81744375000001,0.9813206250000001,0.9375,97.14120499999999,97.14120499999999,0.9877314999999999,0.9333333333333333
i8,77.85130000000001,0.87109,0.5625,84.70952500000001,84.70952500000001,0.8887075000000002,0.75
