model,testScore,testavgFB,testG,default,trainScore,trainavgFB,trainG
original,96.789925,0.9809275,0.9375,96.5613,96.5613,0.98659,0.9166666666666666
none,96.789925,0.9809275,0.9375,96.5613,96.5613,0.98659,0.9166666666666666
f16,96.789925,0.9809275,0.9375,96.5613,96.5613,0.98659,0.9166666666666666
i8,86.07176874999999,0.908168125,0.75,87.56871166666666,87.56871166666666,0.9224101666666666,0.7666666666666667
