model,testScore,testavgFB,testG,default,trainScore,trainavgFB,trainG
original,96.81245625,0.981249375,0.9375,96.61614499999999,96.61614499999999,0.9873734999999998,0.9166666666666666
none,96.81245625,0.981249375,0.9375,96.61614499999999,96.61614499999999,0.9873734999999998,0.9166666666666666
f16,96.81245625,0.981249375,0.9375,96.61904999999997,96.61904999999997,0.9874149999999997,0.9166666666666666
i8,91.401625,0.9307375,0.875,88.84108999999998,88.84108999999998,0.9405869999999997,0.7666666666666667
