model,testScore,testavgFB,testG,default,trainScore,trainavgFB,trainG
original,96.58045,0.977935,0.9375,96.51407333333333,96.51407333333333,0.9859153333333334,0.9166666666666666
none,96.58045,0.977935,0.9375,96.51407333333333,96.51407333333333,0.9859153333333334,0.9166666666666666
f16,96.58045,0.977935,0.9375,96.51134333333334,96.51134333333334,0.9858763333333335,0.9166666666666666
i8,84.56995624999999,0.9134993749999999,0.6875,83.24901500000001,83.24901500000001,0.8964145000000001,0.6833333333333333
