model,testScore,testavgFB,testG,default,trainScore,trainavgFB,trainG
original,96.76258125,0.980536875,0.9375,96.64747,96.64747,0.987821,0.9166666666666666
none,96.76258125,0.980536875,0.9375,96.64747,96.64747,0.987821,0.9166666666666666
f16,96.76258125,0.980536875,0.9375,96.64747,96.64747,0.987821,0.9166666666666666
i8,78.348125,0.8781874999999999,0.5625,82.16902999999999,82.16902999999999,0.888129,0.6666666666666666
