model,testScore,testavgFB,testG,default,trainScore,trainavgFB,trainG
original,96.73388125000001,0.9801268750000002,0.9375,96.07825166666666,96.07825166666666,0.9868321666666665,0.9
none,96.73388125000001,0.9801268750000002,0.9375,96.07825166666666,96.07825166666666,0.9868321666666665,0.9
f16,96.73388125000001,0.9801268750000002,0.9375,96.07825166666666,96.07825166666666,0.9868321666666665,0.9
i8,75.6615625,0.8665937499999999,0.5,81.90537666666665,81.90537666666665,0.8772196666666665,0.6833333333333333
