model,testScore,testavgFB,testG,default,trainScore,trainavgFB,trainG
original,96.79924374999999,0.9810606249999999,0.9375,96.00365500000001,96.00365500000001,0.9857665000000001,0.9
none,96.79924374999999,0.9810606249999999,0.9375,96.00365500000001,96.00365500000001,0.9857665000000001,0.9
f16,96.79924374999999,0.9810606249999999,0.9375,96.00309499999999,96.00309499999999,0.9857584999999999,0.9
i8,89.30844375,0.9276206249999999,0.8125,87.935035,87.935035,0.9205004999999999,0.7833333333333333
