model,testScore,testavgFB,testG,default,trainScore,trainavgFB,trainG
original,96.81595624999999,0.9812993749999999,0.9375,93.41844333333334,93.41844333333334,0.9774063333333334,0.8333333333333334
none,96.81595624999999,0.9812993749999999,0.9375,93.41844333333334,93.41844333333334,0.9774063333333334,0.8333333333333334
f16,96.81595624999999,0.9812993749999999,0.9375,93.42012333333334,93.42012333333334,0.9774303333333333,0.8333333333333334
i8,71.43758749999999,0.8062512499999999,0.5,77.32047500000002,77.32047500000002,0.8402925000000001,0.6166666666666667
