model,testScore,testavgFB,testG,default,trainScore,trainavgFB,trainG
original,96.80313749999999,0.9811162499999999,0.9375,96.043205,96.043205,0.9863315,0.9
none,96.80313749999999,0.9811162499999999,0.9375,96.043205,96.043205,0.9863315,0.9
f16,96.80313749999999,0.9811162499999999,0.9375,96.043205,96.043205,0.9863315,0.9
i8,88.602975,0.9175424999999999,0.8125,88.90271333333334,88.90271333333334,0.9414673333333333,0.7666666666666667
