model,testScore,testavgFB,testG,default,trainScore,trainavgFB,trainG
original,96.77426249999999,0.98070375,0.9375,96.535855,96.535855,0.9862265,0.9166666666666666
none,96.77426249999999,0.98070375,0.9375,96.535855,96.535855,0.9862265,0.9166666666666666
f16,96.77426249999999,0.98070375,0.9375,96.53714999999998,96.53714999999998,0.9862449999999998,0.9166666666666666
i8,89.7725875,0.93425125,0.8125,91.01342833333334,91.01342833333334,0.9501918333333333,0.8166666666666667
