model,testScore,testavgFB,testG,default,trainScore,trainavgFB,trainG
original,96.8493375,0.98177625,0.9375,96.67687000000001,96.67687000000001,0.988241,0.9166666666666666
none,96.8493375,0.98177625,0.9375,96.67687000000001,96.67687000000001,0.988241,0.9166666666666666
f16,96.8493375,0.98177625,0.9375,96.67687000000001,96.67687000000001,0.988241,0.9166666666666666
i8,75.18315625000001,0.8597593750000001,0.5,80.60195333333331,80.60195333333331,0.858599333333333,0.6833333333333333
