model,testScore,testavgFB,testG,default,trainScore,trainavgFB,trainG
original,96.808125,0.9811875000000001,0.9375,96.62992333333332,96.62992333333332,0.9875703333333331,0.9166666666666666
none,96.808125,0.9811875000000001,0.9375,96.62992333333332,96.62992333333332,0.9875703333333331,0.9166666666666666
f16,96.808125,0.9811875000000001,0.9375,96.62898999999999,96.62898999999999,0.9875569999999999,0.9166666666666666
i8,83.5984875,0.89962125,0.6875,85.24232833333333,85.24232833333333,0.9034618333333333,0.7333333333333333
