model,testScore,testavgFB,testG,default,trainScore,trainavgFB,trainG
original,96.77176875,0.980668125,0.9375,96.00622166666668,96.00622166666668,0.9858031666666668,0.9
none,96.77176875,0.980668125,0.9375,96.00622166666668,96.00622166666668,0.9858031666666668,0.9
f16,96.77176875,0.980668125,0.9375,96.00392333333333,96.00392333333333,0.9857703333333334,0.9
i8,92.01013750000001,0.9662162500000001,0.8125,91.27372000000001,91.27372000000001,0.9681960000000002,0.7833333333333333
