model,testScore,testavgFB,testG,default,trainScore,trainavgFB,trainG
original,96.822475,0.9813925,0.9375,96.34680833333333,96.34680833333333,0.9835258333333332,0.9166666666666666
none,96.822475,0.9813925,0.9375,96.34680833333333,96.34680833333333,0.9835258333333332,0.9166666666666666
f16,96.822475,0.9813925,0.9375,96.34680833333333,96.34680833333333,0.9835258333333332,0.9166666666666666
i8,88.51683125,0.916311875,0.8125,87.62182833333333,87.62182833333333,0.9303118333333332,0.75
