model,testScore,testavgFB,testG,default,trainScore,trainavgFB,trainG
original,96.78498125,0.980856875,0.9375,96.49234999999999,96.49234999999999,0.9856049999999998,0.9166666666666666
none,96.78498125,0.980856875,0.9375,96.49234999999999,96.49234999999999,0.9856049999999998,0.9166666666666666
f16,96.78498125,0.980856875,0.9375,96.49036666666666,96.49036666666666,0.9855766666666665,0.9166666666666666
i8,83.91755625,0.904179375,0.6875,84.90587166666668,84.90587166666668,0.9057981666666668,0.7166666666666667
