model,testScore,testavgFB,testG,default,trainScore,trainavgFB,trainG
original,96.73913125,0.980201875,0.9375,97.08947500000001,97.08947500000001,0.9869925,0.9333333333333333
none,96.73913125,0.980201875,0.9375,97.08947500000001,97.08947500000001,0.9869925,0.9333333333333333
f16,96.73913125,0.980201875,0.9375,97.08947500000001,97.08947500000001,0.9869925,0.9333333333333333
i8,82.672825,0.8863975000000001,0.6875,82.72198499999999,82.72198499999999,0.8888855,0.6833333333333333
