model,testScore,testavgFB,testG,default,trainScore,trainavgFB,trainG
original,96.808125,0.9811875000000001,0.9375,96.50338666666666,96.50338666666666,0.9857626666666666,0.9166666666666666
none,96.808125,0.9811875000000001,0.9375,96.50338666666666,96.50338666666666,0.9857626666666666,0.9166666666666666
f16,96.808125,0.9811875000000001,0.9375,96.505475,96.505475,0.9857925,0.9166666666666666
i8,89.23529375,0.926575625,0.8125,88.84385666666667,88.84385666666667,0.9334836666666667,0.7833333333333333
