model,testScore,testavgFB,testG,default,trainScore,trainavgFB,trainG
original,96.8237,0.98141,0.9375,96.51796999999999,96.51796999999999,0.9859709999999999,0.9166666666666666
none,96.8237,0.98141,0.9375,96.51796999999999,96.51796999999999,0.9859709999999999,0.9166666666666666
f16,96.8237,0.98141,0.9375,96.51694333333332,96.51694333333332,0.9859563333333331,0.9166666666666666
i8,82.79742499999999,0.8881774999999998,0.6875,83.28789,83.28789,0.8898269999999999,0.7
