model,testScore,testavgFB,testG,default,trainScore,trainavgFB,trainG
original,96.82129375,0.981375625,0.9375,97.08302333333332,97.08302333333332,0.9869003333333332,0.9333333333333333
none,96.82129375,0.981375625,0.9375,97.08302333333332,97.08302333333332,0.9869003333333332,0.9333333333333333
f16,96.82129375,0.981375625,0.9375,97.08302333333332,97.08302333333332,0.9869003333333332,0.9333333333333333
i8,79.8322625,0.87260375,0.625,83.90185,83.90185,0.891455,0.7166666666666667
