model,testScore,testavgFB,testG,default,trainScore,trainavgFB,trainG
original,96.66046875,0.979078125,0.9375,95.94501833333334,95.94501833333334,0.9849288333333334,0.9
none,96.66046875,0.979078125,0.9375,95.94501833333334,95.94501833333334,0.9849288333333334,0.9
f16,96.66046875,0.979078125,0.9375,95.94566,95.94566,0.984938,0.9
i8,93.37138125,0.958876875,0.875,90.82775333333333,90.82775333333333,0.9475393333333334,0.8166666666666667
