model,testScore,testavgFB,testG,default,trainScore,trainavgFB,trainG
original,96.80865,0.9811949999999999,0.9375,96.390465,96.390465,0.9841495000000001,0.9166666666666666
none,96.80865,0.9811949999999999,0.9375,96.390465,96.390465,0.9841495000000001,0.9166666666666666
f16,96.80865,0.9811949999999999,0.9375,96.390465,96.390465,0.9841495000000001,0.9166666666666666
i8,94.40178125,0.973596875,0.875,91.10615166666666,91.10615166666666,0.9658021666666666,0.7833333333333333
