model,testScore,testavgFB,testG,default,trainScore,trainavgFB,trainG
original,96.7999,0.98107,0.9375,95.18858499999999,95.18858499999999,0.9812654999999999,0.8833333333333333
none,96.7999,0.98107,0.9375,95.18858499999999,95.18858499999999,0.9812654999999999,0.8833333333333333
f16,96.7999,0.98107,0.9375,95.18858499999999,95.18858499999999,0.9812654999999999,0.8833333333333333
i8,85.1912125,0.89558875,0.75,85.45686833333335,85.45686833333335,0.8993838333333334,0.75
