model,testScore,testavgFB,testG,default,trainScore,trainavgFB,trainG
original,96.8012125,0.9810887500000001,0.9375,97.12204833333334,97.12204833333334,0.9874578333333334,0.9333333333333333
none,96.8012125,0.9810887500000001,0.9375,97.12204833333334,97.12204833333334,0.9874578333333334,0.9333333333333333
f16,96.8012125,0.9810887500000001,0.9375,97.12204833333334,97.12204833333334,0.9874578333333334,0.9333333333333333
i8,85.70706875,0.9029581250000001,0.75,84.38672833333335,84.38672833333335,0.8983818333333335,0.7166666666666667
