model,testScore,testavgFB,testG,default,trainScore,trainavgFB,trainG
original,96.59799375,0.978185625,0.9375,96.13292166666666,96.13292166666666,0.9876131666666665,0.9
none,96.59799375,0.978185625,0.9375,96.13292166666666,96.13292166666666,0.9876131666666665,0.9
f16,96.59799375,0.978185625,0.9375,96.13292166666666,96.13292166666666,0.9876131666666665,0.9
i8,77.04240625,0.8595343750000001,0.5625,79.63156499999998,79.63156499999998,0.8518794999999997,0.6666666666666666
