model,testScore,testavgFB,testG,default,trainScore,trainavgFB,trainG
original,96.80313749999999,0.9811162499999999,0.9375,97.08140166666666,97.08140166666666,0.9868771666666667,0.9333333333333333
none,96.80313749999999,0.9811162499999999,0.9375,97.08140166666666,97.08140166666666,0.9868771666666667,0.9333333333333333
f16,96.80313749999999,0.9811162499999999,0.9375,97.08140166666666,97.08140166666666,0.9868771666666667,0.9333333333333333
i8,79.2476625,0.91782375,0.5,83.605725,83.605725,0.8943675000000001,0.7
