model,testScore,testavgFB,testG,default,trainScore,trainavgFB,trainG
original,96.6108125,0.9783687499999999,0.9375,97.13109,97.13109,0.987587,0.9333333333333333
none,96.6108125,0.9783687499999999,0.9375,97.13109,97.13109,0.987587,0.9333333333333333
f16,96.6108125,0.9783687499999999,0.9375,97.130565,97.130565,0.9875795,0.9333333333333333
i8,79.22378125,0.8906968749999999,0.5625,83.94271499999999,83.94271499999999,0.9063244999999998,0.6833333333333333
