model,testScore,testavgFB,testG,default,trainScore,trainavgFB,trainG
original,96.77850625,0.980764375,0.9375,95.49190666666667,95.49190666666667,0.9855986666666666,0.8833333333333333
none,96.77850625,0.980764375,0.9375,95.49190666666667,95.49190666666667,0.9855986666666666,0.8833333333333333
f16,96.77850625,0.980764375,0.9375,95.490915,95.490915,0.9855845,0.8833333333333333
i8,73.04626875000001,0.8560181250000002,0.4375,80.55829333333332,80.55829333333332,0.8722613333333332,0.65
