model,testScore,testavgFB,testG,default,trainScore,trainavgFB,trainG
original,96.786075,0.9808724999999999,0.9375,93.97055833333334,93.97055833333334,0.9781508333333334,0.85
none,96.786075,0.9808724999999999,0.9375,93.97055833333334,93.97055833333334,0.9781508333333334,0.85
f16,96.786075,0.9808724999999999,0.9375,93.97055833333334,93.97055833333334,0.9781508333333334,0.85
i8,90.968625,0.9513375,0.8125,91.27095833333331,91.27095833333331,0.9538708333333331,0.8166666666666667
