model,testScore,testavgFB,testG,default,trainScore,trainavgFB,trainG
original,96.8027875,0.98111125,0.9375,95.57212666666668,95.57212666666668,0.9867446666666667,0.8833333333333333
none,96.8027875,0.98111125,0.9375,95.57212666666668,95.57212666666668,0.9867446666666667,0.8833333333333333
f16,96.8027875,0.98111125,0.9375,95.57212666666668,95.57212666666668,0.9867446666666667,0.8833333333333333
i8,66.41717499999999,0.7881024999999999,0.375,74.93375333333334,74.93375333333334,0.8133393333333334,0.6
