model,testScore,testavgFB,testG,default,trainScore,trainavgFB,trainG
original,96.77868125,0.980766875,0.9375,96.018075,96.018075,0.9859725,0.9
none,96.77868125,0.980766875,0.9375,96.018075,96.018075,0.9859725,0.9
f16,96.77868125,0.980766875,0.9375,96.018075,96.018075,0.9859725,0.9
i8,85.56615,0.900945,0.75,85.12332833333332,85.12332833333332,0.9017618333333333,0.7333333333333333
