model,testScore,testavgFB,testG,default,trainScore,trainavgFB,trainG
original,96.79924374999999,0.9810606249999999,0.9375,94.75353333333332,94.75353333333332,0.9821933333333333,0.8666666666666667
none,96.79924374999999,0.9810606249999999,0.9375,94.75353333333332,94.75353333333332,0.9821933333333333,0.8666666666666667
f16,96.79924374999999,0.9810606249999999,0.9375,94.75353333333332,94.75353333333332,0.9821933333333333,0.8666666666666667
i8,90.96893750000001,0.9245562500000001,0.875,88.37643333333332,88.37643333333332,0.9196633333333332,0.8
