model,testScore,testavgFB,testG,default,trainScore,trainavgFB,trainG
original,96.21207499999998,0.9726724999999998,0.9375,92.57286499999998,92.57286499999998,0.9724694999999998,0.8166666666666667
none,96.21207499999998,0.9726724999999998,0.9375,92.57286499999998,92.57286499999998,0.9724694999999998,0.8166666666666667
f16,96.21207499999998,0.9726724999999998,0.9375,92.57209499999999,92.57209499999999,0.9724584999999998,0.8166666666666667
i8,85.77199375000001,0.903885625,0.75,86.791535,86.791535,0.9184505,0.75
