model,testScore,testavgFB,testG,default,trainScore,trainavgFB,trainG
original,96.89755,0.9824649999999999,0.9375,96.49201166666666,96.49201166666666,0.9856001666666666,0.9166666666666666
none,96.89755,0.9824649999999999,0.9375,96.49201166666666,96.49201166666666,0.9856001666666666,0.9166666666666666
f16,96.89755,0.9824649999999999,0.9375,96.49101999999999,96.49101999999999,0.985586,0.9166666666666666
i8,76.83420000000001,0.8565600000000001,0.5625,78.82190833333333,78.82190833333333,0.8474558333333332,0.65
