model,testScore,testavgFB,testG,default,trainScore,trainavgFB,trainG
original,96.79880625,0.981054375,0.9375,97.09326666666665,97.09326666666665,0.9870466666666665,0.9333333333333333
none,96.79880625,0.981054375,0.9375,97.09326666666665,97.09326666666665,0.9870466666666665,0.9333333333333333
f16,96.79880625,0.981054375,0.9375,97.09326666666665,97.09326666666665,0.9870466666666665,0.9333333333333333
i8,91.0401625,0.92557375,0.875,89.19371666666666,89.19371666666666,0.9384816666666667,0.7833333333333333
