model,testScore,testavgFB,testG,default,trainScore,trainavgFB,trainG
original,96.7803,0.98079,0.9375,95.53864333333333,95.53864333333333,0.9862663333333332,0.8833333333333333
none,96.7803,0.98079,0.9375,95.53864333333333,95.53864333333333,0.9862663333333332,0.8833333333333333
f16,96.7803,0.98079,0.9375,95.53864333333333,95.53864333333333,0.9862663333333332,0.8833333333333333
i8,78.64535624999999,0.9092193749999998,0.5,84.12551833333333,84.12551833333333,0.9160788333333333,0.6666666666666666
