model,testScore,testavgFB,testG,default,trainScore,trainavgFB,trainG
original,96.80375000000001,0.981125,0.9375,96.54804666666665,96.54804666666665,0.9864006666666665,0.9166666666666666
none,96.80375000000001,0.981125,0.9375,96.54804666666665,96.54804666666665,0.9864006666666665,0.9166666666666666
f16,96.80375000000001,0.981125,0.9375,96.54893333333332,96.54893333333332,0.9864133333333331,0.9166666666666666
i8,91.1780125,0.95432875,0.8125,92.58326333333333,92.58326333333333,0.9583323333333335,0.85
