model,testScore,testavgFB,testG,default,trainScore,trainavgFB,trainG
original,96.77176875,0.980668125,0.9375,96.688,96.688,0.9884,0.9166666666666666
none,96.77176875,0.980668125,0.9375,96.688,96.688,0.9884,0.9166666666666666
f16,96.77176875,0.980668125,0.9375,96.688105,96.688105,0.9884014999999999,0.9166666666666666
i8,83.63409999999999,0.90013,0.6875,82.17553999999998,82.17553999999998,0.8882219999999997,0.6666666666666666
