model,testScore,testavgFB,testG,default,trainScore,trainavgFB,trainG
original,96.8356,0.98158,0.9375,97.13703999999997,97.13703999999997,0.9876719999999997,0.9333333333333333
none,96.8356,0.98158,0.9375,97.13703999999997,97.13703999999997,0.9876719999999997,0.9333333333333333
f16,96.8356,0.98158,0.9375,97.14620999999998,97.14620999999998,0.9878029999999998,0.9333333333333333
i8,88.78681250000001,0.9201687500000001,0.8125,90.35877666666667,90.35877666666667,0.9408396666666667,0.8166666666666667
