model,testScore,testavgFB,testG,default,trainScore,trainavgFB,trainG
original,96.78559375,0.9808656250000001,0.9375,96.71142666666665,96.71142666666665,0.9887346666666664,0.9166666666666666
none,96.78559375,0.9808656250000001,0.9375,96.71142666666665,96.71142666666665,0.9887346666666664,0.9166666666666666
f16,96.78559375,0.9808656250000001,0.9375,96.71209166666667,96.71209166666667,0.9887441666666666,0.9166666666666666
i8,86.29016875,0.9112881250000001,0.75,84.08520166666668,84.08520166666668,0.9012171666666667,0.7
