model,testScore,testavgFB,testG,default,trainScore,trainavgFB,trainG
original,91.77174375,0.962810625,0.8125,93.47542499999999,93.47542499999999,0.9710774999999998,0.85
none,91.77174375,0.962810625,0.8125,93.47542499999999,93.47542499999999,0.9710774999999998,0.85
f16,91.77174375,0.962810625,0.8125,93.48637999999998,93.48637999999998,0.9712339999999997,0.85
i8,70.48125625,0.792589375,0.5,82.53070333333332,82.53070333333332,0.8647243333333332,0.7333333333333333
