model,testScore,testavgFB,testG,default,trainScore,trainavgFB,trainG
original,96.75803124999999,0.9804718749999999,0.9375,94.85124166666667,94.85124166666667,0.9835891666666666,0.8666666666666667
none,96.75803124999999,0.9804718749999999,0.9375,94.85124166666667,94.85124166666667,0.9835891666666666,0.8666666666666667
f16,96.75803124999999,0.9804718749999999,0.9375,94.85124166666667,94.85124166666667,0.9835891666666666,0.8666666666666667
i8,89.85636875,0.9354481250000001,0.8125,88.558825,88.558825,0.9436975,0.75
