model,testScore,testavgFB,testG,default,trainScore,trainavgFB,trainG
original,96.80375000000001,0.981125,0.9375,94.963115,94.963115,0.9780445,0.8833333333333333
none,96.80375000000001,0.981125,0.9375,94.963115,94.963115,0.9780445,0.8833333333333333
f16,96.80375000000001,0.981125,0.9375,94.963115,94.963115,0.9780445,0.8833333333333333
i8,87.92279375000001,0.9078256250000001,0.8125,87.47774833333332,87.47774833333332,0.9139678333333332,0.7833333333333333
