model,testScore,testavgFB,testG,default,trainScore,trainavgFB,trainG
original,96.786075,0.9808724999999999,0.9375,95.97796500000001,95.97796500000001,0.9853995000000002,0.9
none,96.786075,0.9808724999999999,0.9375,95.97796500000001,95.97796500000001,0.9853995000000002,0.9
f16,96.786075,0.9808724999999999,0.9375,95.97796500000001,95.97796500000001,0.9853995000000002,0.9
i8,93.5162375,0.96094625,0.875,92.61050333333333,92.61050333333333,0.9658643333333333,0.8333333333333334
