model,testScore,testavgFB,testG,default,trainScore,trainavgFB,trainG
original,96.75724375,0.980460625,0.9375,96.50159,96.50159,0.985737,0.9166666666666666
none,96.75724375,0.980460625,0.9375,96.50159,96.50159,0.985737,0.9166666666666666
f16,96.75724375,0.980460625,0.9375,96.50159,96.50159,0.985737,0.9166666666666666
i8,86.8678875,0.91954125,0.75,83.872865,83.872865,0.9124695,0.6666666666666666
