model,testScore,testavgFB,testG,default,trainScore,trainavgFB,trainG
original,96.8335,0.98155,0.9375,96.97661166666667,96.97661166666667,0.9853801666666667,0.9333333333333333
none,96.8335,0.98155,0.9375,96.97661166666667,96.97661166666667,0.9853801666666667,0.9333333333333333
f16,96.8335,0.98155,0.9375,96.97714833333333,96.97714833333333,0.9853878333333334,0.9333333333333333
i8,87.47636250000001,0.9282337500000001,0.75,87.60772166666666,87.60772166666666,0.9372531666666666,0.7333333333333333
