model,testScore,testavgFB,testG,default,trainScore,trainavgFB,trainG
original,96.81744375000001,0.9813206250000001,0.9375,96.60985666666666,96.60985666666666,0.9872836666666666,0.9166666666666666
none,96.81744375000001,0.9813206250000001,0.9375,96.60985666666666,96.60985666666666,0.9872836666666666,0.9166666666666666
f16,96.81744375000001,0.9813206250000001,0.9375,96.60985666666666,96.60985666666666,0.9872836666666666,0.9166666666666666
i8,79.2493375,0.86427625,0.625,79.04863999999998,79.04863999999998,0.8435519999999997,0.6666666666666666
