model,testScore,testavgFB,testG,default,trainScore,trainavgFB,trainG
original,96.821775,0.9813824999999999,0.9375,94.54156166666665,94.54156166666665,0.9791651666666665,0.8666666666666667
none,96.821775,0.9813824999999999,0.9375,94.54156166666665,94.54156166666665,0.9791651666666665,0.8666666666666667
f16,96.821775,0.9813824999999999,0.9375,94.54156166666665,94.54156166666665,0.9791651666666665,0.8666666666666667
i8,91.0942375,0.92634625,0.875,90.82452333333332,90.82452333333332,0.9403503333333332,0.8333333333333334
