model,testScore,testavgFB,testG,default,trainScore,trainavgFB,trainG
original,96.766825,0.9805975,0.9375,95.78474166666666,95.78474166666666,0.9826391666666666,0.9
none,96.766825,0.9805975,0.9375,95.78474166666666,95.78474166666666,0.9826391666666666,0.9
f16,96.766825,0.9805975,0.9375,95.78474166666666,95.78474166666666,0.9826391666666666,0.9
i8,89.52811249999999,0.93075875,0.8125,88.793385,88.793385,0.9399055,0.7666666666666667
