model,testScore,testavgFB,testG,default,trainScore,trainavgFB,trainG
original,96.721325,0.9799475,0.9375,95.71515000000001,95.71515000000001,0.9816450000000002,0.9
none,96.721325,0.9799475,0.9375,95.71515000000001,95.71515000000001,0.9816450000000002,0.9
f16,96.721325,0.9799475,0.9375,95.713155,95.713155,0.9816165,0.9
i8,79.06921874999999,0.8617031249999999,0.625,84.55474166666666,84.55474166666666,0.8936391666666665,0.7333333333333333
