model,testScore,testavgFB,testG,default,trainScore,trainavgFB,trainG
original,96.79924374999999,0.9810606249999999,0.9375,95.848185,95.848185,0.9835455,0.9
none,96.79924374999999,0.9810606249999999,0.9375,95.848185,95.848185,0.9835455,0.9
f16,96.79924374999999,0.9810606249999999,0.9375,95.848185,95.848185,0.9835455,0.9
i8,91.72865,0.962195,0.8125,90.53555833333333,90.53555833333333,0.9576508333333333,0.7833333333333333
