model,testScore,testavgFB,testG,default,trainScore,trainavgFB,trainG
original,96.78515625,0.980859375,0.9375,95.42132333333333,95.42132333333333,0.9845903333333332,0.8833333333333333
none,96.78515625,0.980859375,0.9375,95.42132333333333,95.42132333333333,0.9845903333333332,0.8833333333333333
f16,96.78515625,0.980859375,0.9375,95.42132333333333,95.42132333333333,0.9845903333333332,0.8833333333333333
i8,89.11252499999999,0.9516074999999999,0.75,87.15596333333335,87.15596333333335,0.9379423333333334,0.7166666666666667
