model,testScore,testavgFB,testG,default,trainScore,trainavgFB,trainG
original,96.80375000000001,0.981125,0.9375,97.07800666666665,97.07800666666665,0.9868286666666665,0.9333333333333333
none,96.80375000000001,0.981125,0.9375,97.07800666666665,97.07800666666665,0.9868286666666665,0.9333333333333333
f16,96.80375000000001,0.981125,0.9375,97.07583666666666,97.07583666666666,0.9867976666666666,0.9333333333333333
i8,89.9374375,0.93660625,0.8125,90.34224333333333,90.34224333333333,0.9477463333333334,0.8
