model,testScore,testavgFB,testG,default,trainScore,trainavgFB,trainG
original,96.78498125,0.980856875,0.9375,96.52736166666666,96.52736166666666,0.9861051666666666,0.9166666666666666
none,96.78498125,0.980856875,0.9375,96.52736166666666,96.52736166666666,0.9861051666666666,0.9166666666666666
f16,96.78498125,0.980856875,0.9375,96.52790999999999,96.52790999999999,0.9861129999999999,0.9166666666666666
i8,86.42977499999999,0.9132824999999999,0.75,86.89418833333332,86.89418833333332,0.9270598333333332,0.7333333333333333
