model,testScore,testavgFB,testG,default,trainScore,trainavgFB,trainG
original,96.31515,0.974145,0.9375,96.62315666666666,96.62315666666666,0.9874736666666666,0.9166666666666666
none,96.31515,0.974145,0.9375,96.62315666666666,96.62315666666666,0.9874736666666666,0.9166666666666666
f16,96.31515,0.974145,0.9375,96.62315666666666,96.62315666666666,0.9874736666666666,0.9166666666666666
i8,73.41473124999999,0.8612818749999999,0.4375,80.90122333333332,80.90122333333332,0.8771603333333331,0.65
