model,testScore,testavgFB,testG,default,trainScore,trainavgFB,trainG
original,96.808125,0.9811875000000001,0.9375,96.68885166666666,96.68885166666666,0.9884121666666666,0.9166666666666666
none,96.808125,0.9811875000000001,0.9375,96.68885166666666,96.68885166666666,0.9884121666666666,0.9166666666666666
f16,96.808125,0.9811875000000001,0.9375,96.68791833333333,96.68791833333333,0.9883988333333333,0.9166666666666666
i8,89.36741875,0.928463125,0.8125,87.44008499999998,87.44008499999998,0.9277154999999998,0.75
