model,testScore,testavgFB,testG,default,trainScore,trainavgFB,trainG
original,96.81306875,0.981258125,0.9375,96.54430166666667,96.54430166666667,0.9863471666666668,0.9166666666666666
none,96.81306875,0.981258125,0.9375,96.54430166666667,96.54430166666667,0.9863471666666668,0.9166666666666666
f16,96.81306875,0.981258125,0.9375,96.54326333333333,96.54326333333333,0.9863323333333334,0.9166666666666666
i8,85.75335625,0.903619375,0.75,86.47791166666667,86.47791166666667,0.9139701666666666,0.75
