model,testScore,testavgFB,testG,default,trainScore,trainavgFB,trainG
original,96.5352125,0.97728875,0.9375,95.98919,95.98919,0.978417,0.9166666666666666
none,96.5352125,0.97728875,0.9375,95.98919,95.98919,0.978417,0.9166666666666666
f16,96.5352125,0.97728875,0.9375,95.98919,95.98919,0.978417,0.9166666666666666
i8,70.11795624999999,0.787399375,0.5,79.66649666666666,79.66649666666666,0.8452356666666667,0.6833333333333333
