model,testScore,testavgFB,testG,default,trainScore,trainavgFB,trainG
original,96.40951875,0.9754931250000001,0.9375,94.8436,94.8436,0.9834799999999999,0.8666666666666667
none,96.40951875,0.9754931250000001,0.9375,94.8436,94.8436,0.9834799999999999,0.8666666666666667
f16,96.40951875,0.9754931250000001,0.9375,94.84505833333334,94.84505833333334,0.9835008333333334,0.8666666666666667
i8,59.553531250000006,0.7436218750000001,0.25,74.47681166666665,74.47681166666665,0.8282401666666664,0.55
