model,testScore,testavgFB,testG,default,trainScore,trainavgFB,trainG
original,96.80615625,0.981159375,0.9375,96.514645,96.514645,0.9859235,0.9166666666666666
none,96.80615625,0.981159375,0.9375,96.514645,96.514645,0.9859235,0.9166666666666666
f16,96.80615625,0.981159375,0.9375,96.51556666666667,96.51556666666667,0.9859366666666667,0.9166666666666666
i8,88.26684374999999,0.912740625,0.8125,87.26252,87.26252,0.918036,0.7666666666666667
