model,testScore,testavgFB,testG,default,trainScore,trainavgFB,trainG
original,94.12847500000001,0.9696925000000001,0.875,96.47541,96.47541,0.9853629999999999,0.9166666666666666
none,94.12847500000001,0.9696925000000001,0.875,96.47541,96.47541,0.9853629999999999,0.9166666666666666
f16,94.12847500000001,0.9696925000000001,0.875,96.47541,96.47541,0.9853629999999999,0.9166666666666666
i8,65.48984375,0.801640625,0.3125,76.92124000000001,76.92124000000001,0.841732,0.6
