model,testScore,testavgFB,testG,default,trainScore,trainavgFB,trainG
original,96.77133124999999,0.9806618749999999,0.9375,96.48670333333334,96.48670333333334,0.9855243333333333,0.9166666666666666
none,96.77133124999999,0.9806618749999999,0.9375,96.48670333333334,96.48670333333334,0.9855243333333333,0.9166666666666666
f16,96.77133124999999,0.9806618749999999,0.9375,96.48528,96.48528,0.985504,0.9166666666666666
i8,42.79517499999999,0.5310024999999999,0.1875,40.66733833333333,40.66733833333333,0.4881048333333334,0.21666666666666667
