model,testScore,testavgFB,testG,default,trainScore,trainavgFB,trainG
original,96.78060624999999,0.9807943749999999,0.9375,95.92526666666667,95.92526666666667,0.9846466666666667,0.9
none,96.78060624999999,0.9807943749999999,0.9375,95.92526666666667,95.92526666666667,0.9846466666666667,0.9
f16,96.78060624999999,0.9807943749999999,0.9375,95.92526666666667,95.92526666666667,0.9846466666666667,0.9
i8,94.53180625,0.975454375,0.875,92.52204666666665,92.52204666666665,0.9646006666666666,0.8333333333333334
