model,testScore,testavgFB,testG,default,trainScore,trainavgFB,trainG
original,96.83301875,0.981543125,0.9375,96.66059499999999,96.66059499999999,0.9880084999999998,0.9166666666666666
none,96.83301875,0.981543125,0.9375,96.66059499999999,96.66059499999999,0.9880084999999998,0.9166666666666666
f16,96.83301875,0.981543125,0.9375,96.66059499999999,96.66059499999999,0.9880084999999998,0.9166666666666666
i8,69.826525,0.8368075,0.375,81.32906500000001,81.32906500000001,0.8761295000000001,0.6666666666666666
