model,testScore,testavgFB,testG,default,trainScore,trainavgFB,trainG
original,96.35601249999999,0.9747287499999999,0.9375,96.10961166666665,96.10961166666665,0.9872801666666664,0.9
none,96.35601249999999,0.9747287499999999,0.9375,96.10961166666665,96.10961166666665,0.9872801666666664,0.9
f16,96.35601249999999,0.9747287499999999,0.9375,96.10961166666665,96.10961166666665,0.9872801666666664,0.9
i8,64.5164125,0.76094875,0.375,78.19347166666668,78.19347166666668,0.8384781666666667,0.65
