model,testScore,testavgFB,testG,default,trainScore,trainavgFB,trainG
original,96.75400625,0.980414375,0.9375,94.43874333333333,94.43874333333333,0.9776963333333334,0.8666666666666667
none,96.75400625,0.980414375,0.9375,94.43874333333333,94.43874333333333,0.9776963333333334,0.8666666666666667
f16,96.75400625,0.980414375,0.9375,94.43874333333333,94.43874333333333,0.9776963333333334,0.8666666666666667
i8,81.62553125,0.898221875,0.625,85.76185666666666,85.76185666666666,0.9108836666666666,0.7333333333333333
