model,testScore,testavgFB,testG,default,trainScore,trainavgFB,trainG
original,96.61374375,0.978410625,0.9375,93.36932666666667,93.36932666666667,0.9767046666666666,0.8333333333333334
none,96.61374375,0.978410625,0.9375,93.36932666666667,93.36932666666667,0.9767046666666666,0.8333333333333334
f16,96.61374375,0.978410625,0.9375,93.36597833333332,93.36597833333332,0.9766568333333332,0.8333333333333334
i8,87.70364375,0.9314806250000001,0.75,89.40091666666667,89.40091666666667,0.9414416666666667,0.7833333333333333
