model,testScore,testavgFB,testG,default,trainScore,trainavgFB,trainG
original,96.76735,0.980605,0.9375,96.45211166666667,96.45211166666667,0.9850301666666667,0.9166666666666666
none,96.76735,0.980605,0.9375,96.45211166666667,96.45211166666667,0.9850301666666667,0.9166666666666666
f16,96.76735,0.980605,0.9375,96.45211166666667,96.45211166666667,0.9850301666666667,0.9166666666666666
i8,92.414475,0.9719925,0.8125,92.52021333333333,92.52021333333333,0.9717173333333332,0.8166666666666667
