model,testScore,testavgFB,testG,default,trainScore,trainavgFB,trainG
original,94.01476875,0.9680681250000001,0.875,93.95570833333333,93.95570833333333,0.9707958333333334,0.8666666666666667
none,94.01476875,0.9680681250000001,0.875,93.95570833333333,93.95570833333333,0.9707958333333334,0.8666666666666667
f16,94.01476875,0.9680681250000001,0.875,93.98635666666667,93.98635666666667,0.9712336666666667,0.8666666666666667
i8,7.6016125,0.08180875,0.0625,19.193936666666666,19.193936666666666,0.19562766666666667,0.18333333333333332
