model,testScore,testavgFB,testG,default,trainScore,trainavgFB,trainG
original,96.609325,0.9783474999999999,0.9375,94.15726166666667,94.15726166666667,0.9736751666666668,0.8666666666666667
none,96.609325,0.9783474999999999,0.9375,94.15726166666667,94.15726166666667,0.9736751666666668,0.8666666666666667
f16,96.609325,0.9783474999999999,0.9375,94.15726166666667,94.15726166666667,0.9736751666666668,0.8666666666666667
i8,87.03225624999999,0.9218893749999999,0.75,89.31602166666667,89.31602166666667,0.9259431666666668,0.8166666666666667
