model,testScore,testavgFB,testG,default,trainScore,trainavgFB,trainG
original,96.79924374999999,0.9810606249999999,0.9375,94.71503333333331,94.71503333333331,0.9816433333333331,0.8666666666666667
none,96.79924374999999,0.9810606249999999,0.9375,94.71503333333331,94.71503333333331,0.9816433333333331,0.8666666666666667
f16,96.79924374999999,0.9810606249999999,0.9375,94.72465833333334,94.72465833333334,0.9817808333333333,0.8666666666666667
i8,84.4302125,0.9382887499999999,0.625,84.24166833333332,84.24166833333332,0.9320238333333333,0.6333333333333333
