model,testScore,testavgFB,testG,default,trainScore,trainavgFB,trainG
original,96.57108749999999,0.97780125,0.9375,95.99040166666666,95.99040166666666,0.9855771666666666,0.9
none,96.57108749999999,0.97780125,0.9375,95.99040166666666,95.99040166666666,0.9855771666666666,0.9
f16,96.57108749999999,0.97780125,0.9375,95.98273666666667,95.98273666666667,0.9854676666666666,0.9
i8,71.877925,0.8393275,0.4375,78.10921333333333,78.10921333333333,0.8444173333333332,0.6333333333333333
