model,testScore,testavgFB,testG,default,trainScore,trainavgFB,trainG
original,96.78261875,0.980823125,0.9375,96.540615,96.540615,0.9862945000000001,0.9166666666666666
none,96.78261875,0.980823125,0.9375,96.540615,96.540615,0.9862945000000001,0.9166666666666666
f16,96.78261875,0.980823125,0.9375,96.540615,96.540615,0.9862945000000001,0.9166666666666666
i8,86.31956875,0.911708125,0.75,86.13517666666667,86.13517666666667,0.9233596666666666,0.7166666666666667
