model,testScore,testavgFB,testG,default,trainScore,trainavgFB,trainG
original,96.81245625,0.981249375,0.9375,96.03563333333332,96.03563333333332,0.9862233333333332,0.9
none,96.81245625,0.981249375,0.9375,96.03563333333332,96.03563333333332,0.9862233333333332,0.9
f16,96.81245625,0.981249375,0.9375,96.03563333333332,96.03563333333332,0.9862233333333332,0.9
i8,84.94406874999999,0.8920581249999999,0.75,82.96398833333333,82.96398833333333,0.8851998333333334,0.7
