model,testScore,testavgFB,testG,default,trainScore,trainavgFB,trainG
original,96.8353375,0.9815762499999999,0.9375,92.365875,92.365875,0.9695125000000001,0.8166666666666667
none,96.8353375,0.9815762499999999,0.9375,92.365875,92.365875,0.9695125000000001,0.8166666666666667
f16,96.8353375,0.9815762499999999,0.9375,92.358665,92.358665,0.9694095,0.8166666666666667
i8,65.21291875,0.7441131249999999,0.4375,77.49457833333335,77.49457833333335,0.8356368333333335,0.6333333333333333
