model,testScore,testavgFB,testG,default,trainScore,trainavgFB,trainG
original,96.776275,0.9807325,0.9375,97.11412666666668,97.11412666666668,0.9873446666666668,0.9333333333333333
none,96.776275,0.9807325,0.9375,97.11412666666668,97.11412666666668,0.9873446666666668,0.9333333333333333
f16,96.776275,0.9807325,0.9375,97.11522333333333,97.11522333333333,0.9873603333333334,0.9333333333333333
i8,85.27748749999999,0.8968212499999999,0.75,83.73516500000001,83.73516500000001,0.9033595000000001,0.6833333333333333
