model,testScore,testavgFB,testG,default,trainScore,trainavgFB,trainG
original,96.5768625,0.97788375,0.9375,97.25410333333332,97.25410333333332,0.9893443333333332,0.9333333333333333
none,96.5768625,0.97788375,0.9375,97.25410333333332,97.25410333333332,0.9893443333333332,0.9333333333333333
f16,96.5768625,0.97788375,0.9375,97.25410333333332,97.25410333333332,0.9893443333333332,0.9333333333333333
i8,60.34851874999999,0.7281931249999999,0.3125,73.72354166666666,73.72354166666666,0.8174791666666666,0.55
