model,testScore,testavgFB,testG,default,trainScore,trainavgFB,trainG
original,96.786075,0.9808724999999999,0.9375,95.95257833333335,95.95257833333335,0.9850368333333335,0.9
none,96.786075,0.9808724999999999,0.9375,95.95257833333335,95.95257833333335,0.9850368333333335,0.9
f16,96.786075,0.9808724999999999,0.9375,95.954725,95.954725,0.9850675,0.9
i8,93.86173124999999,0.9658818749999999,0.875,90.49596000000001,90.49596000000001,0.9642280000000001,0.7666666666666667
