model,testScore,testavgFB,testG,default,trainScore,trainavgFB,trainG
original,96.7943,0.98099,0.9375,96.04043999999999,96.04043999999999,0.986292,0.9
none,96.7943,0.98099,0.9375,96.04043999999999,96.04043999999999,0.986292,0.9
f16,96.7943,0.98099,0.9375,96.03718500000001,96.03718500000001,0.9862455000000001,0.9
i8,87.4522625,0.9011037500000001,0.8125,87.20137499999998,87.20137499999998,0.9171624999999999,0.7666666666666667
