model,testScore,testavgFB,testG,default,trainScore,trainavgFB,trainG
original,96.79049375,0.980935625,0.9375,96.49604833333332,96.49604833333332,0.9856578333333332,0.9166666666666666
none,96.79049375,0.980935625,0.9375,96.49604833333332,96.49604833333332,0.9856578333333332,0.9166666666666666
f16,96.79049375,0.980935625,0.9375,96.49604833333332,96.49604833333332,0.9856578333333332,0.9166666666666666
i8,81.07616250000001,0.8903737500000001,0.625,86.18079499999999,86.18079499999999,0.9168684999999999,0.7333333333333333
