model,testScore,testavgFB,testG,default,trainScore,trainavgFB,trainG
original,96.7810875,0.98080125,0.9375,94.77379833333333,94.77379833333333,0.9824828333333333,0.8666666666666667
none,96.7810875,0.98080125,0.9375,94.77379833333333,94.77379833333333,0.9824828333333333,0.8666666666666667
f16,96.7810875,0.98080125,0.9375,94.77379833333333,94.77379833333333,0.9824828333333333,0.8666666666666667
i8,85.80130625000001,0.904304375,0.75,85.589855,85.589855,0.9084265000000001,0.7333333333333333
