model,testScore,testavgFB,testG,default,trainScore,trainavgFB,trainG
original,96.808125,0.9811875000000001,0.9375,96.58497166666668,96.58497166666668,0.9869281666666667,0.9166666666666666
none,96.808125,0.9811875000000001,0.9375,96.58497166666668,96.58497166666668,0.9869281666666667,0.9166666666666666
f16,96.808125,0.9811875000000001,0.9375,96.58442333333333,96.58442333333333,0.9869203333333333,0.9166666666666666
i8,90.0329875,0.93797125,0.8125,89.230115,89.230115,0.9461445,0.7666666666666667
