model,testScore,testavgFB,testG,default,trainScore,trainavgFB,trainG
original,96.79924374999999,0.9810606249999999,0.9375,96.99240833333332,96.99240833333332,0.9856058333333332,0.9333333333333333
none,96.79924374999999,0.9810606249999999,0.9375,96.99240833333332,96.99240833333332,0.9856058333333332,0.9333333333333333
f16,96.79924374999999,0.9810606249999999,0.9375,96.99625833333332,96.99625833333332,0.9856608333333331,0.9333333333333333
i8,89.76741874999999,0.9609631249999999,0.75,89.49612499999998,89.49612499999998,0.9570874999999998,0.75
