model,testScore,testavgFB,testG,default,trainScore,trainavgFB,trainG
original,96.79880625,0.981054375,0.9375,97.20721499999999,97.20721499999999,0.9886744999999998,0.9333333333333333
none,96.79880625,0.981054375,0.9375,97.20721499999999,97.20721499999999,0.9886744999999998,0.9333333333333333
f16,96.79880625,0.981054375,0.9375,97.20486999999999,97.20486999999999,0.9886409999999998,0.9333333333333333
i8,87.51079375,0.928725625,0.75,89.81393999999997,89.81393999999997,0.9473419999999997,0.7833333333333333
