model,testScore,testavgFB,testG,default,trainScore,trainavgFB,trainG
original,96.54728750000001,0.9774612500000002,0.9375,96.62370499999997,96.62370499999997,0.9874814999999997,0.9166666666666666
none,96.54728750000001,0.9774612500000002,0.9375,96.62370499999997,96.62370499999997,0.9874814999999997,0.9166666666666666
f16,96.54728750000001,0.9774612500000002,0.9375,96.62370499999997,96.62370499999997,0.9874814999999997,0.9166666666666666
i8,66.229225,0.7854175,0.375,77.30587000000001,77.30587000000001,0.8329410000000002,0.6333333333333333
