model,testScore,testavgFB,testG,default,trainScore,trainavgFB,trainG
original,96.76209999999999,0.9805299999999999,0.9375,94.16616166666667,94.16616166666667,0.9809451666666666,0.85
none,96.76209999999999,0.9805299999999999,0.9375,94.16616166666667,94.16616166666667,0.9809451666666666,0.85
f16,96.76209999999999,0.9805299999999999,0.9375,94.16681499999999,94.16681499999999,0.9809544999999998,0.85
i8,92.6610125,0.94872875,0.875,89.21721166666666,89.21721166666666,0.9459601666666665,0.7666666666666667
