model,testScore,testavgFB,testG,default,trainScore,trainavgFB,trainG
original,96.81306875,0.981258125,0.9375,95.93380666666667,95.93380666666667,0.9847686666666667,0.9
none,96.81306875,0.981258125,0.9375,95.93380666666667,95.93380666666667,0.9847686666666667,0.9
f16,96.81306875,0.981258125,0.9375,95.93124,95.93124,0.9847319999999999,0.9
i8,91.00760625,0.9518943749999998,0.8125,89.90641166666668,89.90641166666668,0.9415201666666668,0.8
