model,testScore,testavgFB,testG,default,trainScore,trainavgFB,trainG
original,96.79880625,0.981054375,0.9375,97.06603666666666,97.06603666666666,0.9866576666666665,0.9333333333333333
none,96.79880625,0.981054375,0.9375,97.06603666666666,97.06603666666666,0.9866576666666665,0.9333333333333333
f16,96.79880625,0.981054375,0.9375,97.06511499999999,97.06511499999999,0.9866444999999999,0.9333333333333333
i8,86.10038125,0.908576875,0.75,86.88503333333333,86.88503333333333,0.9126433333333333,0.7666666666666667
