model,testScore,testavgFB,testG,default,trainScore,trainavgFB,trainG
original,96.70338749999999,0.9796912499999999,0.9375,97.09229833333333,97.09229833333333,0.9870328333333332,0.9333333333333333
none,96.70338749999999,0.9796912499999999,0.9375,97.09229833333333,97.09229833333333,0.9870328333333332,0.9333333333333333
f16,96.70338749999999,0.9796912499999999,0.9375,97.09229833333333,97.09229833333333,0.9870328333333332,0.9333333333333333
i8,93.93934375,0.966990625,0.875,92.18451666666667,92.18451666666667,0.9669216666666667,0.8166666666666667
