model,testScore,testavgFB,testG,default,trainScore,trainavgFB,trainG
original,96.75803124999999,0.9804718749999999,0.9375,97.12733333333334,97.12733333333334,0.9875333333333335,0.9333333333333333
none,96.75803124999999,0.9804718749999999,0.9375,97.12733333333334,97.12733333333334,0.9875333333333335,0.9333333333333333
f16,96.75803124999999,0.9804718749999999,0.9375,97.12795166666668,97.12795166666668,0.9875421666666668,0.9333333333333333
i8,89.55716249999999,0.9311737499999999,0.8125,88.60675499999999,88.60675499999999,0.9300964999999999,0.7833333333333333
