model,testScore,testavgFB,testG,default,trainScore,trainavgFB,trainG
original,96.43629374999999,0.9758756249999999,0.9375,97.21217333333334,97.21217333333334,0.9887453333333334,0.9333333333333333
none,96.43629374999999,0.9758756249999999,0.9375,97.21217333333334,97.21217333333334,0.9887453333333334,0.9333333333333333
f16,96.43629374999999,0.9758756249999999,0.9375,97.21112333333333,97.21112333333333,0.9887303333333333,0.9333333333333333
i8,86.8563875,0.89259125,0.8125,84.26168666666668,84.26168666666668,0.8894526666666668,0.7333333333333333
