model,testScore,testavgFB,testG,default,trainScore,trainavgFB,trainG
original,96.8306125,0.98150875,0.9375,96.63603666666666,96.63603666666666,0.9876576666666665,0.9166666666666666
none,96.8306125,0.98150875,0.9375,96.63603666666666,96.63603666666666,0.9876576666666665,0.9166666666666666
f16,96.8306125,0.98150875,0.9375,96.63603666666666,96.63603666666666,0.9876576666666665,0.9166666666666666
i8,82.95903750000001,0.8904862500000001,0.6875,82.81521500000001,82.81521500000001,0.8830745000000001,0.7
