model,testScore,testavgFB,testG,default,trainScore,trainavgFB,trainG
original,96.77666875,0.9807381249999999,0.9375,95.896205,95.896205,0.9842314999999999,0.9
none,96.77666875,0.9807381249999999,0.9375,95.896205,95.896205,0.9842314999999999,0.9
f16,96.77666875,0.9807381249999999,0.9375,95.896205,95.896205,0.9842314999999999,0.9
i8,92.13955,0.9680650000000001,0.8125,92.56685833333331,92.56685833333331,0.9652408333333331,0.8333333333333334
