model,testScore,testavgFB,testG,default,trainScore,trainavgFB,trainG
original,96.74971875,0.9803531249999999,0.9375,94.82818833333333,94.82818833333333,0.9832598333333333,0.8666666666666667
none,96.74971875,0.9803531249999999,0.9375,94.82818833333333,94.82818833333333,0.9832598333333333,0.8666666666666667
f16,96.74971875,0.9803531249999999,0.9375,94.82818833333333,94.82818833333333,0.9832598333333333,0.8666666666666667
i8,89.70105625,0.9332293749999999,0.8125,88.87137833333333,88.87137833333333,0.9338768333333332,0.7833333333333333
