model,testScore,testavgFB,testG,default,trainScore,trainavgFB,trainG
original,96.80690000000001,0.9811700000000001,0.9375,95.96007999999999,95.96007999999999,0.9851439999999999,0.9
none,96.80690000000001,0.9811700000000001,0.9375,95.96007999999999,95.96007999999999,0.9851439999999999,0.9
f16,96.80690000000001,0.9811700000000001,0.9375,95.95648666666666,95.95648666666666,0.9850926666666666,0.9
i8,79.49989375,0.867855625,0.625,82.43020333333334,82.43020333333334,0.8775743333333335,0.7
