model,testScore,testavgFB,testG,default,trainScore,trainavgFB,trainG
original,96.79924374999999,0.9810606249999999,0.9375,96.523325,96.523325,0.9860475,0.9166666666666666
none,96.79924374999999,0.9810606249999999,0.9375,96.523325,96.523325,0.9860475,0.9166666666666666
f16,96.79924374999999,0.9810606249999999,0.9375,96.523325,96.523325,0.9860475,0.9166666666666666
i8,89.90974375,0.9362106250000001,0.8125,82.91662,82.91662,0.891666,0.6833333333333333
