model,testScore,testavgFB,testG,default,trainScore,trainavgFB,trainG
original,96.80865,0.9811949999999999,0.9375,95.47965666666666,95.47965666666666,0.9854236666666666,0.8833333333333333
none,96.80865,0.9811949999999999,0.9375,95.47965666666666,95.47965666666666,0.9854236666666666,0.8833333333333333
f16,96.80865,0.9811949999999999,0.9375,95.47965666666666,95.47965666666666,0.9854236666666666,0.8833333333333333
i8,91.54809374999999,0.959615625,0.8125,92.60401666666667,92.60401666666667,0.9657716666666667,0.8333333333333334
