model,testScore,testavgFB,testG,default,trainScore,trainavgFB,trainG
original,96.62026250000001,0.9785037500000001,0.9375,96.59085166666665,96.59085166666665,0.9870121666666664,0.9166666666666666
none,96.62026250000001,0.9785037500000001,0.9375,96.59085166666665,96.59085166666665,0.9870121666666664,0.9166666666666666
f16,96.62026250000001,0.9785037500000001,0.9375,96.59156333333331,96.59156333333331,0.9870223333333331,0.9166666666666666
i8,55.76735000000001,0.7431050000000001,0.125,73.89877666666666,73.89877666666666,0.8128396666666667,0.5666666666666667
