model,testScore,testavgFB,testG,default,trainScore,trainavgFB,trainG
original,96.822475,0.9813925,0.9375,95.431205,95.431205,0.9847315,0.8833333333333333
none,96.822475,0.9813925,0.9375,95.431205,95.431205,0.9847315,0.8833333333333333
f16,96.822475,0.9813925,0.9375,95.433725,95.433725,0.9847675,0.8833333333333333
i8,83.4254125,0.8971487499999999,0.6875,83.80317,83.80317,0.9043309999999998,0.6833333333333333
