model,testScore,testavgFB,testG,default,trainScore,trainavgFB,trainG
original,96.8437375,0.98169625,0.9375,96.562595,96.562595,0.9866085000000001,0.9166666666666666
none,96.8437375,0.98169625,0.9375,96.562595,96.562595,0.9866085000000001,0.9166666666666666
f16,96.8437375,0.98169625,0.9375,96.562595,96.562595,0.9866085000000001,0.9166666666666666
i8,77.63215625000001,0.867959375,0.5625,81.51895000000002,81.51895000000002,0.8859850000000001,0.65
