model,testScore,testavgFB,testG,default,trainScore,trainavgFB,trainG
original,96.71686249999999,0.9798837499999999,0.9375,94.74453833333334,94.74453833333334,0.9820648333333334,0.8666666666666667
none,96.71686249999999,0.9798837499999999,0.9375,94.74453833333334,94.74453833333334,0.9820648333333334,0.8666666666666667
f16,96.71686249999999,0.9798837499999999,0.9375,94.73926499999999,94.73926499999999,0.9819894999999998,0.8666666666666667
i8,93.71761875,0.963823125,0.875,89.39846666666666,89.39846666666666,0.9414066666666666,0.7833333333333333
