model,testScore,testavgFB,testG,default,trainScore,trainavgFB,trainG
original,96.54680625,0.977454375,0.9375,95.91151333333335,95.91151333333335,0.9773073333333334,0.9166666666666666
none,96.54680625,0.977454375,0.9375,95.91151333333335,95.91151333333335,0.9773073333333334,0.9166666666666666
f16,96.53753125,0.977321875,0.9375,95.917335,95.917335,0.9773904999999999,0.9166666666666666
i8,85.13040000000001,0.8947200000000001,0.75,86.93713666666666,86.93713666666666,0.9133876666666666,0.7666666666666667
