model,testScore,testavgFB,testG,default,trainScore,trainavgFB,trainG
original,96.80865,0.9811949999999999,0.9375,95.93062166666667,95.93062166666667,0.9847231666666666,0.9
none,96.80865,0.9811949999999999,0.9375,95.93062166666667,95.93062166666667,0.9847231666666666,0.9
f16,96.80865,0.9811949999999999,0.9375,95.93071499999999,95.93071499999999,0.9847244999999999,0.9
i8,83.34395,0.895985,0.6875,85.98119,85.98119,0.914017,0.7333333333333333
