model,testScore,testavgFB,testG,default,trainScore,trainavgFB,trainG
original,96.79189375,0.980955625,0.9375,96.49726166666666,96.49726166666666,0.9856751666666667,0.9166666666666666
none,96.79189375,0.980955625,0.9375,96.49726166666666,96.49726166666666,0.9856751666666667,0.9166666666666666
f16,96.79189375,0.980955625,0.9375,96.49470666666666,96.49470666666666,0.9856386666666666,0.9166666666666666
i8,88.10908125,0.910486875,0.8125,85.39229333333333,85.39229333333333,0.8984613333333333,0.75
