model,testScore,testavgFB,testG,default,trainScore,trainavgFB,trainG
original,96.781175,0.9808025,0.9375,95.88669666666667,95.88669666666667,0.9840956666666666,0.9
none,96.781175,0.9808025,0.9375,95.88669666666667,95.88669666666667,0.9840956666666666,0.9
f16,96.781175,0.9808025,0.9375,95.88669666666667,95.88669666666667,0.9840956666666666,0.9
i8,90.93805,0.924115,0.875,89.98109,89.98109,0.942587,0.8
