model,testScore,testavgFB,testG,default,trainScore,trainavgFB,trainG
original,96.7968375,0.98102625,0.9375,94.65239500000001,94.65239500000001,0.9807485000000001,0.8666666666666667
none,96.7968375,0.98102625,0.9375,94.65239500000001,94.65239500000001,0.9807485000000001,0.8666666666666667
f16,96.7968375,0.98102625,0.9375,94.64923333333334,94.64923333333334,0.9807033333333334,0.8666666666666667
i8,90.5693625,0.94563375,0.8125,89.41323499999999,89.41323499999999,0.9487604999999999,0.7666666666666667
