model,testScore,testavgFB,testG,default,trainScore,trainavgFB,trainG
original,96.80865,0.9811949999999999,0.9375,94.02623166666667,94.02623166666667,0.9789461666666668,0.85
none,96.80865,0.9811949999999999,0.9375,94.02623166666667,94.02623166666667,0.9789461666666668,0.85
f16,96.80865,0.9811949999999999,0.9375,94.02623166666667,94.02623166666667,0.9789461666666668,0.85
i8,89.7715375,0.9342362499999999,0.8125,90.01354666666666,90.01354666666666,0.9430506666666666,0.8
