model,testScore,testavgFB,testG,default,trainScore,trainavgFB,trainG
original,96.789925,0.9809275,0.9375,96.523395,96.523395,0.9860485,0.9166666666666666
none,96.789925,0.9809275,0.9375,96.523395,96.523395,0.9860485,0.9166666666666666
f16,96.789925,0.9809275,0.9375,96.523395,96.523395,0.9860485,0.9166666666666666
i8,92.06159374999999,0.9401656249999999,0.875,87.27241166666664,87.27241166666664,0.9253201666666663,0.75
