model,testScore,testavgFB,testG,default,trainScore,trainavgFB,trainG
original,96.77133124999999,0.9806618749999999,0.9375,96.58722333333333,96.58722333333333,0.9869603333333333,0.9166666666666666
none,96.77133124999999,0.9806618749999999,0.9375,96.58722333333333,96.58722333333333,0.9869603333333333,0.9166666666666666
f16,96.77133124999999,0.9806618749999999,0.9375,96.58722333333333,96.58722333333333,0.9869603333333333,0.9166666666666666
i8,81.18195,0.891885,0.625,83.21442333333331,83.21442333333331,0.8959203333333331,0.6833333333333333
