model,testScore,testavgFB,testG,default,trainScore,trainavgFB,trainG
original,96.70259999999999,0.9796799999999999,0.9375,96.56811333333332,96.56811333333332,0.9866873333333331,0.9166666666666666
none,96.70259999999999,0.9796799999999999,0.9375,96.56811333333332,96.56811333333332,0.9866873333333331,0.9166666666666666
f16,96.70259999999999,0.9796799999999999,0.9375,96.56811333333332,96.56811333333332,0.9866873333333331,0.9166666666666666
i8,86.3203125,0.9117187499999999,0.75,82.730175,82.730175,0.8890025,0.6833333333333333
