model,testScore,testavgFB,testG,default,trainScore,trainavgFB,trainG
original,96.80865,0.9811949999999999,0.9375,95.49950166666666,95.49950166666666,0.9857071666666666,0.8833333333333333
none,96.80865,0.9811949999999999,0.9375,95.49950166666666,95.49950166666666,0.9857071666666666,0.8833333333333333
f16,96.80865,0.9811949999999999,0.9375,95.48585166666668,95.48585166666668,0.9855121666666667,0.8833333333333333
i8,87.4023375,0.92717625,0.75,88.77616499999998,88.77616499999998,0.9396594999999998,0.7666666666666667
