model,testScore,testavgFB,testG,default,trainScore,trainavgFB,trainG
original,96.789925,0.9809275,0.9375,96.469145,96.469145,0.9852735,0.9166666666666666
none,96.789925,0.9809275,0.9375,96.469145,96.469145,0.9852735,0.9166666666666666
f16,96.789925,0.9809275,0.9375,96.46538833333334,96.46538833333334,0.9852198333333334,0.9166666666666666
i8,94.22100624999999,0.9710143749999999,0.875,91.25565166666667,91.25565166666667,0.9536521666666666,0.8166666666666667
