model,testScore,testavgFB,testG,default,trainScore,trainavgFB,trainG
original,96.7303375,0.98007625,0.9375,95.88161,95.88161,0.984023,0.9
none,96.7303375,0.98007625,0.9375,95.88161,95.88161,0.984023,0.9
f16,96.7303375,0.98007625,0.9375,95.87765499999999,95.87765499999999,0.9839664999999999,0.9
i8,94.18911250000001,0.97055875,0.875,93.02689833333334,93.02689833333334,0.9718128333333333,0.8333333333333334
