model,testScore,testavgFB,testG,default,trainScore,trainavgFB,trainG
original,96.765425,0.9805775,0.9375,96.67121166666666,96.67121166666666,0.9881601666666667,0.9166666666666666
none,96.765425,0.9805775,0.9375,96.67121166666666,96.67121166666666,0.9881601666666667,0.9166666666666666
f16,96.765425,0.9805775,0.9375,96.67121166666666,96.67121166666666,0.9881601666666667,0.9166666666666666
i8,88.22563124999999,0.912151875,0.8125,85.40336500000001,85.40336500000001,0.8986195,0.75
