model,testScore,testavgFB,testG,default,trainScore,trainavgFB,trainG
original,96.77666875,0.9807381249999999,0.9375,94.78578000000002,94.78578000000002,0.9826540000000002,0.8666666666666667
none,96.77666875,0.9807381249999999,0.9375,94.78578000000002,94.78578000000002,0.9826540000000002,0.8666666666666667
f16,96.77666875,0.9807381249999999,0.9375,94.78685333333334,94.78685333333334,0.9826693333333335,0.8666666666666667
i8,93.34526249999999,0.9585037499999999,0.875,89.80368499999999,89.80368499999999,0.9471954999999999,0.7833333333333333
