model,testScore,testavgFB,testG,default,trainScore,trainavgFB,trainG
original,96.48726249999999,0.9766037499999999,0.9375,96.13111333333333,96.13111333333333,0.9875873333333334,0.9
none,96.48726249999999,0.9766037499999999,0.9375,96.13111333333333,96.13111333333333,0.9875873333333334,0.9
f16,96.48726249999999,0.9766037499999999,0.9375,96.13111333333333,96.13111333333333,0.9875873333333334,0.9
i8,90.1796375,0.9400662499999999,0.8125,84.94373999999999,84.94373999999999,0.9134819999999999,0.7
