model,testScore,testavgFB,testG,default,trainScore,trainavgFB,trainG
original,96.78953125000001,0.980921875,0.9375,96.60059333333331,96.60059333333331,0.987151333333333,0.9166666666666666
none,96.78953125000001,0.980921875,0.9375,96.60059333333331,96.60059333333331,0.987151333333333,0.9166666666666666
f16,96.78953125000001,0.980921875,0.9375,96.60059333333331,96.60059333333331,0.987151333333333,0.9166666666666666
i8,92.84345,0.951335,0.875,87.90976333333333,87.90976333333333,0.9272823333333332,0.7666666666666667
