model,testScore,testavgFB,testG,default,trainScore,trainavgFB,trainG
original,96.79924374999999,0.9810606249999999,0.9375,96.44562499999999,96.44562499999999,0.9849374999999998,0.9166666666666666
none,96.79924374999999,0.9810606249999999,0.9375,96.44562499999999,96.44562499999999,0.9849374999999998,0.9166666666666666
f16,96.79924374999999,0.9810606249999999,0.9375,96.446885,96.446885,0.9849554999999999,0.9166666666666666
i8,92.91992499999999,0.9524275,0.875,90.07576666666667,90.07576666666667,0.9367966666666666,0.8166666666666667
