model,testScore,testavgFB,testG,default,trainScore,trainavgFB,trainG
original,96.7446875,0.98028125,0.9375,95.80245166666666,95.80245166666666,0.9828921666666665,0.9
none,96.7446875,0.98028125,0.9375,95.80245166666666,95.80245166666666,0.9828921666666665,0.9
f16,96.7446875,0.98028125,0.9375,95.81181999999997,95.81181999999997,0.9830259999999996,0.9
i8,91.02392499999999,0.9521274999999999,0.8125,88.71757333333333,88.71757333333333,0.9459653333333334,0.75
