model,testScore,testavgFB,testG,default,trainScore,trainavgFB,trainG
original,96.78060624999999,0.9807943749999999,0.9375,96.01007166666668,96.01007166666668,0.9858581666666668,0.9
none,96.78060624999999,0.9807943749999999,0.9375,96.01007166666668,96.01007166666668,0.9858581666666668,0.9
f16,96.78060624999999,0.9807943749999999,0.9375,96.01062,96.01062,0.9858660000000001,0.9
i8,93.01271875,0.953753125,0.875,91.406545,91.406545,0.9700934999999998,0.7833333333333333
