model,testScore,testavgFB,testG,default,trainScore,trainavgFB,trainG
original,96.81306875,0.981258125,0.9375,96.04543333333334,96.04543333333334,0.9863633333333334,0.9
none,96.81306875,0.981258125,0.9375,96.04543333333334,96.04543333333334,0.9863633333333334,0.9
f16,96.81306875,0.981258125,0.9375,96.04328666666666,96.04328666666666,0.9863326666666666,0.9
i8,90.04795,0.9381849999999999,0.8125,90.64442166666667,90.64442166666667,0.9520631666666668,0.8
