model,testScore,testavgFB,testG,default,trainScore,trainavgFB,trainG
original,96.808125,0.9811875000000001,0.9375,96.54479166666665,96.54479166666665,0.9863541666666665,0.9166666666666666
none,96.808125,0.9811875000000001,0.9375,96.54479166666665,96.54479166666665,0.9863541666666665,0.9166666666666666
f16,96.808125,0.9811875000000001,0.9375,96.54479166666665,96.54479166666665,0.9863541666666665,0.9166666666666666
i8,86.07448124999999,0.908206875,0.75,88.32883333333335,88.32883333333335,0.9189833333333335,0.8
