model,testScore,testavgFB,testG,default,trainScore,trainavgFB,trainG
original,96.821775,0.9813824999999999,0.9375,95.964105,95.964105,0.9852015,0.9
none,96.821775,0.9813824999999999,0.9375,95.964105,95.964105,0.9852015,0.9
f16,96.821775,0.9813824999999999,0.9375,95.95644,95.95644,0.985092,0.9
i8,93.48552500000001,0.9605075000000001,0.875,92.501585,92.501585,0.9571655,0.85
