model,testScore,testavgFB,testG,default,trainScore,trainavgFB,trainG
original,96.73536874999999,0.9801481249999999,0.9375,95.85285166666667,95.85285166666667,0.9836121666666666,0.9
none,96.73536874999999,0.9801481249999999,0.9375,95.85285166666667,95.85285166666667,0.9836121666666666,0.9
f16,96.68986874999999,0.9794981249999999,0.9375,95.857775,95.857775,0.9836825,0.9
i8,93.34556875,0.9585081249999999,0.875,90.08623833333334,90.08623833333334,0.9583748333333335,0.7666666666666667
