model,testScore,testavgFB,testG,default,trainScore,trainavgFB,trainG
original,96.786075,0.9808724999999999,0.9375,94.76734666666667,94.76734666666667,0.9823906666666667,0.8666666666666667
none,96.786075,0.9808724999999999,0.9375,94.76734666666667,94.76734666666667,0.9823906666666667,0.8666666666666667
f16,96.786075,0.9808724999999999,0.9375,94.77851166666666,94.77851166666666,0.9825501666666665,0.8666666666666667
i8,91.8462125,0.9370887499999999,0.875,90.180345,90.180345,0.9454335,0.8
