model,testScore,testavgFB,testG,default,trainScore,trainavgFB,trainG
original,96.73943750000001,0.9802062500000001,0.9375,97.16133,97.16133,0.9880190000000001,0.9333333333333333
none,96.73943750000001,0.9802062500000001,0.9375,97.16133,97.16133,0.9880190000000001,0.9333333333333333
f16,96.73943750000001,0.9802062500000001,0.9375,97.15990666666667,97.15990666666667,0.9879986666666667,0.9333333333333333
i8,71.24179375,0.857025625,0.375,79.80463833333332,79.80463833333332,0.8614948333333332,0.65
