model,testScore,testavgFB,testG,default,trainScore,trainavgFB,trainG
original,96.7810875,0.98080125,0.9375,96.04258666666666,96.04258666666666,0.9863226666666666,0.9
none,96.7810875,0.98080125,0.9375,96.04258666666666,96.04258666666666,0.9863226666666666,0.9
f16,96.7810875,0.98080125,0.9375,96.04258666666666,96.04258666666666,0.9863226666666666,0.9
i8,93.61926874999999,0.9624181249999999,0.875,92.23094,92.23094,0.960442,0.8333333333333334
