model,testScore,testavgFB,testG,default,trainScore,trainavgFB,trainG
original,96.76153125,0.980521875,0.9375,95.97990166666665,95.97990166666665,0.9854271666666664,0.9
none,96.76153125,0.980521875,0.9375,95.97990166666665,95.97990166666665,0.9854271666666664,0.9
f16,96.76153125,0.980521875,0.9375,95.97990166666665,95.97990166666665,0.9854271666666664,0.9
i8,89.08106875,0.951158125,0.75,83.60638666666665,83.60638666666665,0.9086626666666664,0.6666666666666666
