model,testScore,testavgFB,testG,default,trainScore,trainavgFB,trainG
original,96.7303375,0.98007625,0.9375,94.58551000000001,94.58551000000001,0.9797930000000001,0.8666666666666667
none,96.7303375,0.98007625,0.9375,94.58551000000001,94.58551000000001,0.9797930000000001,0.8666666666666667
f16,96.7303375,0.98007625,0.9375,94.58162500000002,94.58162500000002,0.9797375000000003,0.8666666666666667
i8,84.905775,0.9450825,0.625,89.78103833333333,89.78103833333333,0.9540148333333333,0.7666666666666667
