model,testScore,testavgFB,testG,default,trainScore,trainavgFB,trainG
original,96.75803124999999,0.9804718749999999,0.9375,94.19188666666666,94.19188666666666,0.9813126666666666,0.85
none,96.75803124999999,0.9804718749999999,0.9375,94.19188666666666,94.19188666666666,0.9813126666666666,0.85
f16,96.75803124999999,0.9804718749999999,0.9375,94.19188666666666,94.19188666666666,0.9813126666666666,0.85
i8,91.30655,0.9561649999999999,0.8125,89.02280999999999,89.02280999999999,0.943183,0.7666666666666667
