model,testScore,testavgFB,testG,default,trainScore,trainavgFB,trainG
original,96.80865,0.9811949999999999,0.9375,95.13985333333333,95.13985333333333,0.9805693333333333,0.8833333333333333
none,96.80865,0.9811949999999999,0.9375,95.13985333333333,95.13985333333333,0.9805693333333333,0.8833333333333333
f16,96.80865,0.9811949999999999,0.9375,95.13985333333333,95.13985333333333,0.9805693333333333,0.8833333333333333
i8,93.47498125,0.9603568749999999,0.875,90.63612833333333,90.63612833333333,0.9448018333333333,0.8166666666666667
