model,testScore,testavgFB,testG,default,trainScore,trainavgFB,trainG
original,96.80865,0.9811949999999999,0.9375,96.446325,96.446325,0.9849475000000001,0.9166666666666666
none,96.80865,0.9811949999999999,0.9375,96.446325,96.446325,0.9849475000000001,0.9166666666666666
f16,96.80865,0.9811949999999999,0.9375,96.446325,96.446325,0.9849475000000001,0.9166666666666666
i8,89.03920624999999,0.9237743749999999,0.8125,84.63983499999998,84.63983499999998,0.9091404999999998,0.7
