model,testScore,testavgFB,testG,default,trainScore,trainavgFB,trainG
original,96.808125,0.9811875000000001,0.9375,96.53753499999999,96.53753499999999,0.9862504999999999,0.9166666666666666
none,96.808125,0.9811875000000001,0.9375,96.53753499999999,96.53753499999999,0.9862504999999999,0.9166666666666666
f16,96.808125,0.9811875000000001,0.9375,96.53753499999999,96.53753499999999,0.9862504999999999,0.9166666666666666
i8,92.33476875000001,0.944068125,0.875,87.999655,87.999655,0.9285665000000001,0.7666666666666667
