model,testScore,testavgFB,testG,default,trainScore,trainavgFB,trainG
original,96.80865,0.9811949999999999,0.9375,96.54377666666666,96.54377666666666,0.9863396666666666,0.9166666666666666
none,96.80865,0.9811949999999999,0.9375,96.54377666666666,96.54377666666666,0.9863396666666666,0.9166666666666666
f16,96.80865,0.9811949999999999,0.9375,96.54164166666665,96.54164166666665,0.9863091666666665,0.9166666666666666
i8,89.43203749999999,0.92938625,0.8125,87.95004833333336,87.95004833333336,0.9278578333333336,0.7666666666666667
