model,testScore,testavgFB,testG,default,trainScore,trainavgFB,trainG
original,96.70150625,0.9796643749999999,0.9375,96.45343,96.45343,0.9850490000000001,0.9166666666666666
none,96.70150625,0.9796643749999999,0.9375,96.45343,96.45343,0.9850490000000001,0.9166666666666666
f16,96.70150625,0.9796643749999999,0.9375,96.45136500000001,96.45136500000001,0.9850195,0.9166666666666666
i8,88.982725,0.9229674999999999,0.8125,87.43929166666666,87.43929166666666,0.9277041666666667,0.75
