model,testScore,testavgFB,testG,default,trainScore,trainavgFB,trainG
original,91.37309375,0.957115625,0.8125,92.01678666666666,92.01678666666666,0.9573826666666665,0.8333333333333334
none,91.37309375,0.957115625,0.8125,92.01678666666666,92.01678666666666,0.9573826666666665,0.8333333333333334
f16,91.34614375000001,0.9567306250000001,0.8125,92.01445333333332,92.01445333333332,0.9573493333333332,0.8333333333333334
i8,65.05568124999999,0.741866875,0.4375,79.74316999999999,79.74316999999999,0.8463309999999999,0.6833333333333333
