model,testScore,testavgFB,testG,default,trainScore,trainavgFB,trainG
original,96.789925,0.9809275,0.9375,94.78782166666667,94.78782166666667,0.9826831666666667,0.8666666666666667
none,96.789925,0.9809275,0.9375,94.78782166666667,94.78782166666667,0.9826831666666667,0.8666666666666667
f16,96.789925,0.9809275,0.9375,94.78484666666667,94.78484666666667,0.9826406666666667,0.8666666666666667
i8,89.85251875,0.9353931249999999,0.8125,89.02472666666667,89.02472666666667,0.9289246666666666,0.8
