model,testScore,testavgFB,testG,default,trainScore,trainavgFB,trainG
original,96.79924374999999,0.9810606249999999,0.9375,95.86608166666666,95.86608166666666,0.9838011666666666,0.9
none,96.79924374999999,0.9810606249999999,0.9375,95.86608166666666,95.86608166666666,0.9838011666666666,0.9
f16,96.79924374999999,0.9810606249999999,0.9375,95.87401500000001,95.87401500000001,0.9839145000000001,0.9
i8,93.03363125,0.954051875,0.875,91.81785833333333,91.81785833333333,0.9545408333333333,0.8333333333333334
