model,testScore,testavgFB,testG,default,trainScore,trainavgFB,trainG
original,96.79880625,0.981054375,0.9375,97.11816333333334,97.11816333333334,0.9874023333333334,0.9333333333333333
none,96.79880625,0.981054375,0.9375,97.11816333333334,97.11816333333334,0.9874023333333334,0.9333333333333333
f16,96.79880625,0.981054375,0.9375,97.11816333333334,97.11816333333334,0.9874023333333334,0.9333333333333333
i8,81.98813125,0.9034018749999999,0.625,88.27529333333334,88.27529333333334,0.9253613333333334,0.7833333333333333
