model,testScore,testavgFB,testG,default,trainScore,trainavgFB,trainG
original,96.50568125,0.976866875,0.9375,95.62438333333333,95.62438333333333,0.9803483333333333,0.9
none,96.50568125,0.976866875,0.9375,95.62438333333333,95.62438333333333,0.9803483333333333,0.9
f16,96.47873125000001,0.976481875,0.9375,95.61759333333333,95.61759333333333,0.9802513333333333,0.9
i8,83.26953125,0.8949218749999999,0.6875,84.31006500000001,84.31006500000001,0.9044295000000001,0.7
