model,testScore,testavgFB,testG,default,trainScore,trainavgFB,trainG
original,96.83301875,0.981543125,0.9375,96.56011000000001,96.56011000000001,0.986573,0.9166666666666666
none,96.83301875,0.981543125,0.9375,96.56011000000001,96.56011000000001,0.986573,0.9166666666666666
f16,96.83301875,0.981543125,0.9375,96.56011000000001,96.56011000000001,0.986573,0.9166666666666666
i8,84.23369374999999,0.9086956249999999,0.6875,84.26320999999999,84.26320999999999,0.9109029999999999,0.6833333333333333
