model,testScore,testavgFB,testG,default,trainScore,trainavgFB,trainG
original,96.7179125,0.9798987499999999,0.9375,95.27683166666668,95.27683166666668,0.9825261666666668,0.8833333333333333
none,96.7179125,0.9798987499999999,0.9375,95.27683166666668,95.27683166666668,0.9825261666666668,0.8833333333333333
f16,96.7179125,0.9798987499999999,0.9375,95.27719333333334,95.27719333333334,0.9825313333333334,0.8833333333333333
i8,93.50368125,0.9607668749999999,0.875,91.69825000000002,91.69825000000002,0.9599750000000001,0.8166666666666667
