model,testScore,testavgFB,testG,default,trainScore,trainavgFB,trainG
original,96.8437375,0.98169625,0.9375,96.55392666666665,96.55392666666665,0.9864846666666666,0.9166666666666666
none,96.8437375,0.98169625,0.9375,96.55392666666665,96.55392666666665,0.9864846666666666,0.9166666666666666
f16,96.8437375,0.98169625,0.9375,96.55178,96.55178,0.9864539999999999,0.9166666666666666
i8,69.84385624999999,0.8102693749999998,0.4375,76.85601333333332,76.85601333333332,0.8336573333333331,0.6166666666666667
