model,testScore,testavgFB,testG,default,trainScore,trainavgFB,trainG
original,96.789925,0.9809275,0.9375,96.50659500000002,96.50659500000002,0.9858085000000002,0.9166666666666666
none,96.789925,0.9809275,0.9375,96.50659500000002,96.50659500000002,0.9858085000000002,0.9166666666666666
f16,96.789925,0.9809275,0.9375,96.50755166666667,96.50755166666667,0.9858221666666667,0.9166666666666666
i8,92.41093749999999,0.9451562499999999,0.875,88.53751166666667,88.53751166666667,0.9362501666666667,0.7666666666666667
