model,testScore,testavgFB,testG,default,trainScore,trainavgFB,trainG
original,96.80865,0.9811949999999999,0.9375,95.44571833333333,95.44571833333333,0.9849388333333333,0.8833333333333333
none,96.80865,0.9811949999999999,0.9375,95.44571833333333,95.44571833333333,0.9849388333333333,0.8833333333333333
f16,96.80865,0.9811949999999999,0.9375,95.44571833333333,95.44571833333333,0.9849388333333333,0.8833333333333333
i8,91.8055625,0.96329375,0.8125,91.04898499999999,91.04898499999999,0.9649854999999998,0.7833333333333333
