model,testScore,testavgFB,testG,default,trainScore,trainavgFB,trainG
original,96.77133124999999,0.9806618749999999,0.9375,96.487275,96.487275,0.9855325,0.9166666666666666
none,96.77133124999999,0.9806618749999999,0.9375,96.487275,96.487275,0.9855325,0.9166666666666666
f16,96.77133124999999,0.9806618749999999,0.9375,96.487275,96.487275,0.9855325,0.9166666666666666
i8,87.48774374999999,0.9016106249999999,0.8125,83.89583000000002,83.89583000000002,0.8913690000000002,0.7166666666666667
