model,testScore,testavgFB,testG,default,trainScore,trainavgFB,trainG
original,96.74376875,0.9802681249999999,0.9375,95.05158333333334,95.05158333333334,0.9793083333333333,0.8833333333333333
none,96.74376875,0.9802681249999999,0.9375,95.05158333333334,95.05158333333334,0.9793083333333333,0.8833333333333333
f16,96.7529125,0.98039875,0.9375,95.04425666666666,95.04425666666666,0.9792036666666666,0.8833333333333333
i8,80.48146249999999,0.90866375,0.5625,85.92650833333335,85.92650833333335,0.9132358333333335,0.7333333333333333
