model,testScore,testavgFB,testG,default,trainScore,trainavgFB,trainG
original,96.82129375,0.981375625,0.9375,97.09447999999999,97.09447999999999,0.9870639999999999,0.9333333333333333
none,96.82129375,0.981375625,0.9375,97.09447999999999,97.09447999999999,0.9870639999999999,0.9333333333333333
f16,96.82129375,0.981375625,0.9375,97.09447999999999,97.09447999999999,0.9870639999999999,0.9333333333333333
i8,83.37916874999999,0.896488125,0.6875,85.25776499999998,85.25776499999998,0.8965394999999998,0.75
