model,testScore,testavgFB,testG,default,trainScore,trainavgFB,trainG
original,96.76735,0.980605,0.9375,96.7454583333333,96.7454583333333,0.989220833333333,0.9166666666666666
none,96.76735,0.980605,0.9375,96.7454583333333,96.7454583333333,0.989220833333333,0.9166666666666666
f16,96.76735,0.980605,0.9375,96.7454583333333,96.7454583333333,0.989220833333333,0.9166666666666666
i8,85.8453625,0.9049337499999999,0.75,86.66674,86.66674,0.902382,0.7833333333333333
