model,testScore,testavgFB,testG,default,trainScore,trainavgFB,trainG
original,96.7830125,0.98082875,0.9375,96.56281666666666,96.56281666666666,0.9866116666666667,0.9166666666666666
none,96.7830125,0.98082875,0.9375,96.56281666666666,96.56281666666666,0.9866116666666667,0.9166666666666666
f16,96.7830125,0.98082875,0.9375,96.56281666666666,96.56281666666666,0.9866116666666667,0.9166666666666666
i8,92.17875624999999,0.9418393749999999,0.875,88.75788499999999,88.75788499999999,0.9322554999999999,0.7833333333333333
