model,testScore,testavgFB,testG,default,trainScore,trainavgFB,trainG
original,96.79880625,0.981054375,0.9375,96.71261666666665,96.71261666666665,0.9887516666666664,0.9166666666666666
none,96.79880625,0.981054375,0.9375,96.71261666666665,96.71261666666665,0.9887516666666664,0.9166666666666666
f16,96.79880625,0.981054375,0.9375,96.71520666666666,96.71520666666666,0.9887886666666665,0.9166666666666666
i8,65.958625,0.8083374999999999,0.3125,77.15589333333334,77.15589333333334,0.8379413333333334,0.6166666666666667
