model,testScore,testavgFB,testG,default,trainScore,trainavgFB,trainG
original,96.78559375,0.9808656250000001,0.9375,96.66194833333334,96.66194833333334,0.9880278333333334,0.9166666666666666
none,96.78559375,0.9808656250000001,0.9375,96.66194833333334,96.66194833333334,0.9880278333333334,0.9166666666666666
f16,96.78559375,0.9808656250000001,0.9375,96.66711666666667,96.66711666666667,0.9881016666666667,0.9166666666666666
i8,88.50221875,0.916103125,0.8125,85.47374833333333,85.47374833333333,0.9067678333333332,0.7333333333333333
