model,testScore,testavgFB,testG,default,trainScore,trainavgFB,trainG
original,96.789925,0.9809275,0.9375,95.31771166666667,95.31771166666667,0.9831101666666667,0.8833333333333333
none,96.789925,0.9809275,0.9375,95.31771166666667,95.31771166666667,0.9831101666666667,0.8833333333333333
f16,96.789925,0.9809275,0.9375,95.31452666666667,95.31452666666667,0.9830646666666667,0.8833333333333333
i8,90.13273749999999,0.9393962499999999,0.8125,90.18302833333334,90.18302833333334,0.9454718333333335,0.8
