model,testScore,testavgFB,testG,default,trainScore,trainavgFB,trainG
original,96.69511874999999,0.9795731249999999,0.9375,95.18037166666669,95.18037166666669,0.9811481666666669,0.8833333333333333
none,96.69511874999999,0.9795731249999999,0.9375,95.18037166666669,95.18037166666669,0.9811481666666669,0.8833333333333333
f16,96.69511874999999,0.9795731249999999,0.9375,95.18961166666666,95.18961166666666,0.9812801666666666,0.8833333333333333
i8,89.96692499999999,0.9370274999999999,0.8125,86.72992333333333,86.72992333333333,0.9175703333333334,0.75
