model,testScore,testavgFB,testG,default,trainScore,trainavgFB,trainG
original,96.78463124999999,0.9808518749999999,0.9375,97.12319166666667,97.12319166666667,0.9874741666666667,0.9333333333333333
none,96.78463124999999,0.9808518749999999,0.9375,97.12319166666667,97.12319166666667,0.9874741666666667,0.9333333333333333
f16,96.78463124999999,0.9808518749999999,0.9375,97.12550166666666,97.12550166666666,0.9875071666666666,0.9333333333333333
i8,88.45890625,0.9154843749999999,0.8125,83.36946166666667,83.36946166666667,0.8981351666666666,0.6833333333333333
