model,testScore,testavgFB,testG,default,trainScore,trainavgFB,trainG
original,96.80851875,0.981193125,0.9375,95.82394166666668,95.82394166666668,0.983199166666667,0.9
none,96.80851875,0.981193125,0.9375,95.82394166666668,95.82394166666668,0.983199166666667,0.9
f16,96.80851875,0.981193125,0.9375,95.83066166666667,95.83066166666667,0.9832951666666668,0.9
i8,86.14784999999999,0.9092549999999999,0.75,86.44952833333332,86.44952833333332,0.9064218333333331,0.7666666666666667
