model,testScore,testavgFB,testG,default,trainScore,trainavgFB,trainG
original,96.81053125,0.981221875,0.9375,96.008555,96.008555,0.9858365,0.9
none,96.81053125,0.981221875,0.9375,96.008555,96.008555,0.9858365,0.9
f16,96.81053125,0.981221875,0.9375,96.01143666666667,96.01143666666667,0.9858776666666668,0.9
i8,88.06231249999999,0.90981875,0.8125,88.41698500000001,88.41698500000001,0.9273855000000001,0.7833333333333333
