model,testScore,testavgFB,testG,default,trainScore,trainavgFB,trainG
original,96.79845625,0.981049375,0.9375,96.545795,96.545795,0.9863685,0.9166666666666666
none,96.79845625,0.981049375,0.9375,96.545795,96.545795,0.9863685,0.9166666666666666
f16,96.79845625,0.981049375,0.9375,96.545795,96.545795,0.9863685,0.9166666666666666
i8,88.291775,0.9398825000000001,0.75,87.21484666666666,87.21484666666666,0.9316406666666666,0.7333333333333333
