model,testScore,testavgFB,testG,default,trainScore,trainavgFB,trainG
original,96.79924374999999,0.9810606249999999,0.9375,96.52117833333334,96.52117833333334,0.9860168333333335,0.9166666666666666
none,96.79924374999999,0.9810606249999999,0.9375,96.52117833333334,96.52117833333334,0.9860168333333335,0.9166666666666666
f16,96.79924374999999,0.9810606249999999,0.9375,96.52117833333334,96.52117833333334,0.9860168333333335,0.9166666666666666
i8,87.482225,0.9283174999999999,0.75,89.35482166666665,89.35482166666665,0.9407831666666665,0.7833333333333333
