model,testScore,testavgFB,testG,default,trainScore,trainavgFB,trainG
original,96.78559375,0.9808656250000001,0.9375,97.63825333333334,97.63825333333334,0.9876893333333334,0.95
none,96.78559375,0.9808656250000001,0.9375,97.63825333333334,97.63825333333334,0.9876893333333334,0.95
f16,96.78559375,0.9808656250000001,0.9375,97.63964166666666,97.63964166666666,0.9877091666666666,0.95
i8,74.04189375,0.843455625,0.5,79.01106833333333,79.01106833333333,0.8644438333333333,0.6166666666666667
