model,testScore,testavgFB,testG,default,trainScore,trainavgFB,trainG
original,93.94175,0.9670249999999999,0.875,93.29310999999998,93.29310999999998,0.9684729999999998,0.85
none,93.94175,0.9670249999999999,0.875,93.29310999999998,93.29310999999998,0.9684729999999998,0.85
f16,93.94175,0.9670249999999999,0.875,93.29310999999998,93.29310999999998,0.9684729999999998,0.85
i8,45.41785,0.595255,0.125,68.73984166666668,68.73984166666668,0.7605691666666667,0.5166666666666667
