model,testScore,testavgFB,testG,default,trainScore,trainavgFB,trainG
original,96.808125,0.9811875000000001,0.9375,96.57853166666668,96.57853166666668,0.9868361666666667,0.9166666666666666
none,96.808125,0.9811875000000001,0.9375,96.57853166666668,96.57853166666668,0.9868361666666667,0.9166666666666666
f16,96.808125,0.9811875000000001,0.9375,96.57853166666668,96.57853166666668,0.9868361666666667,0.9166666666666666
i8,89.0594625,0.92406375,0.8125,84.17122,84.17122,0.902446,0.7
