model,testScore,testavgFB,testG,default,trainScore,trainavgFB,trainG
original,96.76209999999999,0.9805299999999999,0.9375,96.48974833333334,96.48974833333334,0.9855678333333334,0.9166666666666666
none,96.76209999999999,0.9805299999999999,0.9375,96.48974833333334,96.48974833333334,0.9855678333333334,0.9166666666666666
f16,96.76209999999999,0.9805299999999999,0.9375,96.48974833333334,96.48974833333334,0.9855678333333334,0.9166666666666666
i8,92.68660625,0.9490943749999999,0.875,91.61815833333334,91.61815833333334,0.9588308333333335,0.8166666666666667
