model,testScore,testavgFB,testG,default,trainScore,trainavgFB,trainG
original,96.76735,0.980605,0.9375,94.70794000000001,94.70794000000001,0.981542,0.8666666666666667
none,96.76735,0.980605,0.9375,94.70794000000001,94.70794000000001,0.981542,0.8666666666666667
f16,96.76735,0.980605,0.9375,94.70794000000001,94.70794000000001,0.981542,0.8666666666666667
i8,89.1084625,0.92476375,0.8125,88.13055666666666,88.13055666666666,0.9232936666666667,0.7833333333333333
