model,testScore,testavgFB,testG,default,trainScore,trainavgFB,trainG
original,96.80431875000001,0.981133125,0.9375,97.14021333333332,97.14021333333332,0.9877173333333331,0.9333333333333333
none,96.80431875000001,0.981133125,0.9375,97.14021333333332,97.14021333333332,0.9877173333333331,0.9333333333333333
f16,96.80431875000001,0.981133125,0.9375,97.14021333333332,97.14021333333332,0.9877173333333331,0.9333333333333333
i8,74.51465625,0.850209375,0.5,80.11973499999998,80.11973499999998,0.8517104999999997,0.6833333333333333
