model,testScore,testavgFB,testG,default,trainScore,trainavgFB,trainG
original,96.80974375,0.9812106249999999,0.9375,96.58295333333332,96.58295333333332,0.9868993333333331,0.9166666666666666
none,96.80974375,0.9812106249999999,0.9375,96.58295333333332,96.58295333333332,0.9868993333333331,0.9166666666666666
f16,96.80974375,0.9812106249999999,0.9375,96.58295333333332,96.58295333333332,0.9868993333333331,0.9166666666666666
i8,83.21462500000001,0.8941375,0.6875,85.83638333333333,85.83638333333333,0.9119483333333332,0.7333333333333333
