model,testScore,testavgFB,testG,default,trainScore,trainavgFB,trainG
original,96.79924374999999,0.9810606249999999,0.9375,95.89272833333332,95.89272833333332,0.9841818333333332,0.9
none,96.79924374999999,0.9810606249999999,0.9375,95.89272833333332,95.89272833333332,0.9841818333333332,0.9
f16,96.79924374999999,0.9810606249999999,0.9375,95.89174833333333,95.89174833333333,0.9841678333333331,0.9
i8,93.79811874999999,0.9649731249999999,0.875,91.59765,91.59765,0.951395,0.8333333333333334
