model,testScore,testavgFB,testG,default,trainScore,trainavgFB,trainG
original,96.786075,0.9808724999999999,0.9375,94.59851833333335,94.59851833333335,0.9799788333333336,0.8666666666666667
none,96.786075,0.9808724999999999,0.9375,94.59851833333335,94.59851833333335,0.9799788333333336,0.8666666666666667
f16,96.786075,0.9808724999999999,0.9375,94.60620666666668,94.60620666666668,0.9800886666666668,0.8666666666666667
i8,91.69360625,0.9616943750000001,0.8125,90.092155,90.092155,0.9513165,0.7833333333333333
