model,testScore,testavgFB,testG,default,trainScore,trainavgFB,trainG
original,96.77176875,0.980668125,0.9375,96.70520833333333,96.70520833333333,0.9886458333333332,0.9166666666666666
none,96.77176875,0.980668125,0.9375,96.70520833333333,96.70520833333333,0.9886458333333332,0.9166666666666666
f16,96.77176875,0.980668125,0.9375,96.70520833333333,96.70520833333333,0.9886458333333332,0.9166666666666666
i8,87.88403124999999,0.907271875,0.8125,84.26598999999999,84.26598999999999,0.8966569999999998,0.7166666666666667
