model,testScore,testavgFB,testG,default,trainScore,trainavgFB,trainG
original,96.7999,0.98107,0.9375,96.50226666666667,96.50226666666667,0.9857466666666667,0.9166666666666666
none,96.7999,0.98107,0.9375,96.50226666666667,96.50226666666667,0.9857466666666667,0.9166666666666666
f16,96.7999,0.98107,0.9375,96.503305,96.503305,0.9857615,0.9166666666666666
i8,93.53255625,0.961179375,0.875,91.02842,91.02842,0.950406,0.8166666666666667
