model,testScore,testavgFB,testG,default,trainScore,trainavgFB,trainG
original,96.6291,0.9786299999999999,0.9375,95.95364,95.95364,0.9850519999999998,0.9
none,96.6291,0.9786299999999999,0.9375,95.95364,95.95364,0.9850519999999998,0.9
f16,96.6291,0.9786299999999999,0.9375,95.94903166666666,95.94903166666666,0.9849861666666666,0.9
i8,66.6515875,0.79145125,0.375,79.74971500000001,79.74971500000001,0.8464245,0.6833333333333333
