model,testScore,testavgFB,testG,default,trainScore,trainavgFB,trainG
original,96.79924374999999,0.9810606249999999,0.9375,95.94701333333335,95.94701333333335,0.9849573333333335,0.9
none,96.79924374999999,0.9810606249999999,0.9375,95.94701333333335,95.94701333333335,0.9849573333333335,0.9
f16,96.79924374999999,0.9810606249999999,0.9375,95.94701333333335,95.94701333333335,0.9849573333333335,0.9
i8,93.52765624999999,0.9611093749999999,0.875,90.67643333333334,90.67643333333334,0.9596633333333333,0.7833333333333333
