model,testScore,testavgFB,testG,default,trainScore,trainavgFB,trainG
original,96.77133124999999,0.9806618749999999,0.9375,95.41548999999999,95.41548999999999,0.9845069999999999,0.8833333333333333
none,96.77133124999999,0.9806618749999999,0.9375,95.41548999999999,95.41548999999999,0.9845069999999999,0.8833333333333333
f16,96.77133124999999,0.9806618749999999,0.9375,95.41805666666666,95.41805666666666,0.9845436666666665,0.8833333333333333
i8,73.50092500000001,0.8357275000000002,0.5,83.85079666666665,83.85079666666665,0.8907256666666665,0.7166666666666667
