model,testScore,testavgFB,testG,default,trainScore,trainavgFB,trainG
original,96.7693625,0.98063375,0.9375,97.10176,97.10176,0.9871679999999999,0.9333333333333333
none,96.7693625,0.98063375,0.9375,97.10176,97.10176,0.9871679999999999,0.9333333333333333
f16,96.7693625,0.98063375,0.9375,97.10176,97.10176,0.9871679999999999,0.9333333333333333
i8,91.03775,0.952325,0.8125,90.09515499999999,90.09515499999999,0.9442164999999999,0.8
