model,testScore,testavgFB,testG,default,trainScore,trainavgFB,trainG
original,96.7999,0.98107,0.9375,97.02929833333333,97.02929833333333,0.9861328333333332,0.9333333333333333
none,96.7999,0.98107,0.9375,97.02929833333333,97.02929833333333,0.9861328333333332,0.9333333333333333
f16,96.7999,0.98107,0.9375,97.02929833333333,97.02929833333333,0.9861328333333332,0.9333333333333333
i8,91.87915625,0.937559375,0.875,91.27901,91.27901,0.946843,0.8333333333333334
