model,testScore,testavgFB,testG,default,trainScore,trainavgFB,trainG
original,96.58084375,0.977940625,0.9375,96.06152166666666,96.06152166666666,0.9865931666666666,0.9
none,96.58084375,0.977940625,0.9375,96.06152166666666,96.06152166666666,0.9865931666666666,0.9
f16,96.58084375,0.977940625,0.9375,96.06050666666665,96.06050666666665,0.9865786666666665,0.9
i8,66.95189375000001,0.768955625,0.4375,72.97561333333334,72.97561333333334,0.8139373333333335,0.5333333333333333
