model,testScore,testavgFB,testG,default,trainScore,trainavgFB,trainG
original,96.8167875,0.98131125,0.9375,96.0809,96.0809,0.9868699999999999,0.9
none,96.8167875,0.98131125,0.9375,96.0809,96.0809,0.9868699999999999,0.9
f16,96.8167875,0.98131125,0.9375,96.08000166666666,96.08000166666666,0.9868571666666666,0.9
i8,88.97979375,0.922925625,0.8125,88.38015333333333,88.38015333333333,0.9268593333333333,0.7833333333333333
