model,testScore,testavgFB,testG,default,trainScore,trainavgFB,trainG
original,96.79924374999999,0.9810606249999999,0.9375,94.42141833333332,94.42141833333332,0.9774488333333332,0.8666666666666667
none,96.79924374999999,0.9810606249999999,0.9375,94.42141833333332,94.42141833333332,0.9774488333333332,0.8666666666666667
f16,96.79924374999999,0.9810606249999999,0.9375,94.42141833333332,94.42141833333332,0.9774488333333332,0.8666666666666667
i8,88.55533125,0.9168618749999999,0.8125,87.40257833333332,87.40257833333332,0.9200368333333332,0.7666666666666667
