model,testScore,testavgFB,testG,default,trainScore,trainavgFB,trainG
original,96.60083749999998,0.9782262499999999,0.9375,96.08252166666665,96.08252166666665,0.9868931666666665,0.9
none,96.60083749999998,0.9782262499999999,0.9375,96.08252166666665,96.08252166666665,0.9868931666666665,0.9
f16,96.60083749999998,0.9782262499999999,0.9375,96.08343166666666,96.08343166666666,0.9869061666666664,0.9
i8,56.149249999999995,0.7217749999999999,0.1875,72.26388166666666,72.26388166666666,0.7823411666666668,0.5833333333333334
