model,testScore,testavgFB,testG,default,trainScore,trainavgFB,trainG
original,96.81201875,0.981243125,0.9375,96.59403666666667,96.59403666666667,0.9870576666666667,0.9166666666666666
none,96.81201875,0.981243125,0.9375,96.59403666666667,96.59403666666667,0.9870576666666667,0.9166666666666666
f16,96.81201875,0.981243125,0.9375,96.59162166666667,96.59162166666667,0.9870231666666668,0.9166666666666666
i8,85.43774375000001,0.899110625,0.75,83.28733166666666,83.28733166666666,0.8826761666666667,0.7166666666666667
