model,testScore,testavgFB,testG,default,trainScore,trainavgFB,trainG
original,96.73445,0.980135,0.9375,93.70142000000001,93.70142000000001,0.9743060000000002,0.85
none,96.73445,0.980135,0.9375,93.70142000000001,93.70142000000001,0.9743060000000002,0.85
f16,96.73445,0.980135,0.9375,93.69598333333334,93.69598333333334,0.9742283333333336,0.85
i8,86.79535,0.9185049999999999,0.75,86.54309333333332,86.54309333333332,0.914901333333333,0.75
