model,testScore,testavgFB,testG,default,trainScore,trainavgFB,trainG
original,96.79880625,0.981054375,0.9375,96.57432,96.57432,0.986776,0.9166666666666666
none,96.79880625,0.981054375,0.9375,96.57432,96.57432,0.986776,0.9166666666666666
f16,96.79880625,0.981054375,0.9375,96.57432,96.57432,0.986776,0.9166666666666666
i8,83.11089375,0.8926556250000001,0.6875,83.845065,83.845065,0.9049294999999999,0.6833333333333333
