model,testScore,testavgFB,testG,default,trainScore,trainavgFB,trainG
original,96.78060624999999,0.9807943749999999,0.9375,95.34435833333335,95.34435833333335,0.9834908333333334,0.8833333333333333
none,96.78060624999999,0.9807943749999999,0.9375,95.34435833333335,95.34435833333335,0.9834908333333334,0.8833333333333333
f16,96.78060624999999,0.9807943749999999,0.9375,95.34297000000001,95.34297000000001,0.9834710000000001,0.8833333333333333
i8,93.14252499999999,0.9556074999999999,0.875,90.50552,90.50552,0.942936,0.8166666666666667
