model,testScore,testavgFB,testG,default,trainScore,trainavgFB,trainG
original,96.7929875,0.98097125,0.9375,96.45397833333334,96.45397833333334,0.9850568333333334,0.9166666666666666
none,96.7929875,0.98097125,0.9375,96.45397833333334,96.45397833333334,0.9850568333333334,0.9166666666666666
f16,96.7929875,0.98097125,0.9375,96.44812166666667,96.44812166666667,0.9849731666666667,0.9166666666666666
i8,92.72873750000001,0.94969625,0.875,90.64861166666668,90.64861166666668,0.9449801666666668,0.8166666666666667
