model,testScore,testavgFB,testG,default,trainScore,trainavgFB,trainG
original,96.81744375000001,0.9813206250000001,0.9375,97.12418333333332,97.12418333333332,0.9874883333333332,0.9333333333333333
none,96.81744375000001,0.9813206250000001,0.9375,97.12418333333332,97.12418333333332,0.9874883333333332,0.9333333333333333
f16,96.81744375000001,0.9813206250000001,0.9375,97.12418333333332,97.12418333333332,0.9874883333333332,0.9333333333333333
i8,85.5994,0.9014200000000001,0.75,84.38679833333332,84.38679833333332,0.8983828333333331,0.7166666666666667
