model,testScore,testavgFB,testG,default,trainScore,trainavgFB,trainG
original,96.698225,0.9796174999999999,0.9375,92.47435166666666,92.47435166666666,0.9710621666666666,0.8166666666666667
none,96.698225,0.9796174999999999,0.9375,92.47435166666666,92.47435166666666,0.9710621666666666,0.8166666666666667
f16,96.698225,0.9796174999999999,0.9375,92.47484166666666,92.47484166666666,0.9710691666666666,0.8166666666666667
i8,66.52900625000001,0.762914375,0.4375,78.08107833333335,78.08107833333335,0.8225868333333335,0.6833333333333333
