model,testScore,testavgFB,testG,default,trainScore,trainavgFB,trainG
original,96.7999,0.98107,0.9375,94.94890333333335,94.94890333333335,0.9849843333333336,0.8666666666666667
none,96.7999,0.98107,0.9375,94.94890333333335,94.94890333333335,0.9849843333333336,0.8666666666666667
f16,96.7999,0.98107,0.9375,94.94678000000002,94.94678000000002,0.9849540000000003,0.8666666666666667
i8,91.750525,0.9625075,0.8125,92.25968666666668,92.25968666666668,0.9608526666666669,0.8333333333333334
