model,testScore,testavgFB,testG,default,trainScore,trainavgFB,trainG
original,96.786075,0.9808724999999999,0.9375,96.42681833333333,96.42681833333333,0.9846688333333333,0.9166666666666666
none,96.786075,0.9808724999999999,0.9375,96.42681833333333,96.42681833333333,0.9846688333333333,0.9166666666666666
f16,96.786075,0.9808724999999999,0.9375,96.429385,96.429385,0.9847054999999999,0.9166666666666666
i8,89.86328125,0.935546875,0.8125,90.064495,90.064495,0.9437785,0.8
