model,testScore,testavgFB,testG,default,trainScore,trainavgFB,trainG
original,96.81306875,0.981258125,0.9375,95.916295,95.916295,0.9845185000000001,0.9
none,96.81306875,0.981258125,0.9375,95.916295,95.916295,0.9845185000000001,0.9
f16,96.81306875,0.981258125,0.9375,95.916295,95.916295,0.9845185000000001,0.9
i8,78.88425000000001,0.8322750000000001,0.6875,81.27809500000001,81.27809500000001,0.8682585,0.6833333333333333
