model,testScore,testavgFB,testG,default,trainScore,trainavgFB,trainG
original,96.30110625,0.973944375,0.9375,95.24109666666666,95.24109666666666,0.9820156666666666,0.8833333333333333
none,96.30110625,0.973944375,0.9375,95.24109666666666,95.24109666666666,0.9820156666666666,0.8833333333333333
f16,96.2867125,0.97373875,0.9375,95.24109666666666,95.24109666666666,0.9820156666666666,0.8833333333333333
i8,58.736975,0.7587425,0.1875,76.14119666666666,76.14119666666666,0.8234456666666665,0.6166666666666667
