model,testScore,testavgFB,testG,default,trainScore,trainavgFB,trainG
original,96.987325,0.9837474999999999,0.9375,95.67536666666666,95.67536666666666,0.9810766666666666,0.9
none,96.987325,0.9837474999999999,0.9375,95.67536666666666,95.67536666666666,0.9810766666666666,0.9
f16,96.987325,0.9837474999999999,0.9375,95.67536666666666,95.67536666666666,0.9810766666666666,0.9
i8,91.90859375,0.964765625,0.8125,90.211025,90.211025,0.9601575,0.7666666666666667
