model,testScore,testavgFB,testG,default,trainScore,trainavgFB,trainG
original,96.76245,0.9805349999999999,0.9375,95.95904333333334,95.95904333333334,0.9779863333333334,0.9166666666666666
none,96.76245,0.9805349999999999,0.9375,95.95904333333334,95.95904333333334,0.9779863333333334,0.9166666666666666
f16,96.76245,0.9805349999999999,0.9375,95.95904333333334,95.95904333333334,0.9779863333333334,0.9166666666666666
i8,74.30628125,0.820446875,0.5625,81.91376833333334,81.91376833333334,0.8630538333333334,0.7166666666666667
