model,testScore,testavgFB,testG,default,trainScore,trainavgFB,trainG
original,96.7511625,0.98037375,0.9375,96.27893166666667,96.27893166666667,0.9825561666666666,0.9166666666666666
none,96.7511625,0.98037375,0.9375,96.27893166666667,96.27893166666667,0.9825561666666666,0.9166666666666666
f16,96.7511625,0.98037375,0.9375,96.27203666666666,96.27203666666666,0.9824576666666666,0.9166666666666666
i8,71.343525,0.8049075000000001,0.5,80.052395,80.052395,0.8507485,0.6833333333333333
