model,testScore,testavgFB,testG,default,trainScore,trainavgFB,trainG
original,96.822475,0.9813925,0.9375,97.08907833333333,97.08907833333333,0.9869868333333333,0.9333333333333333
none,96.822475,0.9813925,0.9375,97.08907833333333,97.08907833333333,0.9869868333333333,0.9333333333333333
f16,96.822475,0.9813925,0.9375,97.08529833333333,97.08529833333333,0.9869328333333333,0.9333333333333333
i8,94.39451875,0.973493125,0.875,92.25077166666668,92.25077166666668,0.9678681666666669,0.8166666666666667
