model,testScore,testavgFB,testG,default,trainScore,trainavgFB,trainG
original,96.75851250000001,0.9804787500000001,0.9375,96.65588166666666,96.65588166666666,0.9879411666666666,0.9166666666666666
none,96.75851250000001,0.9804787500000001,0.9375,96.65588166666666,96.65588166666666,0.9879411666666666,0.9166666666666666
f16,96.781175,0.9808025,0.9375,96.65588166666666,96.65588166666666,0.9879411666666666,0.9166666666666666
i8,89.3693,0.9284899999999999,0.8125,87.44097166666667,87.44097166666667,0.9277281666666667,0.75
