model,testScore,testavgFB,testG,default,trainScore,trainavgFB,trainG
original,96.786075,0.9808724999999999,0.9375,95.84836,95.84836,0.9835480000000001,0.9
none,96.786075,0.9808724999999999,0.9375,95.84836,95.84836,0.9835480000000001,0.9
f16,96.786075,0.9808724999999999,0.9375,95.84701833333334,95.84701833333334,0.9835288333333334,0.9
i8,83.63274375,0.9001106249999999,0.6875,83.04799666666666,83.04799666666666,0.9006856666666666,0.6666666666666666
