model,testScore,testavgFB,testG,default,trainScore,trainavgFB,trainG
original,96.79924374999999,0.9810606249999999,0.9375,96.551535,96.551535,0.9864505,0.9166666666666666
none,96.79924374999999,0.9810606249999999,0.9375,96.551535,96.551535,0.9864505,0.9166666666666666
f16,96.79924374999999,0.9810606249999999,0.9375,96.55015833333333,96.55015833333333,0.9864308333333333,0.9166666666666666
i8,90.48431249999999,0.9444187499999999,0.8125,91.82881166666668,91.82881166666668,0.9618401666666668,0.8166666666666667
