model,testScore,testavgFB,testG,default,trainScore,trainavgFB,trainG
original,96.77666875,0.9807381249999999,0.9375,95.11478166666667,95.11478166666667,0.9802111666666667,0.8833333333333333
none,96.77666875,0.9807381249999999,0.9375,95.11478166666667,95.11478166666667,0.9802111666666667,0.8833333333333333
f16,96.77666875,0.9807381249999999,0.9375,95.10595,95.10595,0.9800850000000001,0.8833333333333333
i8,88.88393125,0.948341875,0.75,88.71730333333333,88.71730333333333,0.9531043333333333,0.7333333333333333
