model,testScore,testavgFB,testG,default,trainScore,trainavgFB,trainG
original,96.70728125,0.979746875,0.9375,95.41935166666667,95.41935166666667,0.9845621666666667,0.8833333333333333
none,96.70728125,0.979746875,0.9375,95.41935166666667,95.41935166666667,0.9845621666666667,0.8833333333333333
f16,96.70728125,0.979746875,0.9375,95.41935166666667,95.41935166666667,0.9845621666666667,0.8833333333333333
i8,85.33619999999999,0.89766,0.75,85.95489333333332,85.95489333333332,0.9136413333333331,0.7333333333333333
