model,testScore,testavgFB,testG,default,trainScore,trainavgFB,trainG
original,96.76735,0.980605,0.9375,95.99121833333332,95.99121833333332,0.9855888333333332,0.9
none,96.76735,0.980605,0.9375,95.99121833333332,95.99121833333332,0.9855888333333332,0.9
f16,96.76735,0.980605,0.9375,95.99121833333332,95.99121833333332,0.9855888333333332,0.9
i8,93.86851250000001,0.9659787500000001,0.875,92.83589333333335,92.83589333333335,0.9619413333333334,0.85
