model,testScore,testavgFB,testG,default,trainScore,trainavgFB,trainG
original,96.78060624999999,0.9807943749999999,0.9375,96.54185166666667,96.54185166666667,0.9863121666666668,0.9166666666666666
none,96.78060624999999,0.9807943749999999,0.9375,96.54185166666667,96.54185166666667,0.9863121666666668,0.9166666666666666
f16,96.78060624999999,0.9807943749999999,0.9375,96.54185166666667,96.54185166666667,0.9863121666666668,0.9166666666666666
i8,91.52201874999999,0.9592431249999999,0.8125,91.379635,91.379635,0.9482804999999999,0.8333333333333334
