model,testScore,testavgFB,testG,default,trainScore,trainavgFB,trainG
original,96.79880625,0.981054375,0.9375,97.578975,97.578975,0.9868425000000001,0.95
none,96.79880625,0.981054375,0.9375,97.578975,97.578975,0.9868425000000001,0.95
f16,96.79880625,0.981054375,0.9375,97.578975,97.578975,0.9868425000000001,0.95
i8,68.96591875000001,0.8245131250000001,0.375,78.88336166666667,78.88336166666667,0.8769051666666666,0.5833333333333334
