model,testScore,testavgFB,testG,default,trainScore,trainavgFB,trainG
original,96.70509375,0.979715625,0.9375,96.49754166666666,96.49754166666666,0.9856791666666666,0.9166666666666666
none,96.70509375,0.979715625,0.9375,96.49754166666666,96.49754166666666,0.9856791666666666,0.9166666666666666
f16,96.70509375,0.979715625,0.9375,96.499875,96.499875,0.9857125,0.9166666666666666
i8,82.6617125,0.88623875,0.6875,82.233665,82.233665,0.8819095000000001,0.6833333333333333
