model,testScore,testavgFB,testG,default,trainScore,trainavgFB,trainG
original,96.80865,0.9811949999999999,0.9375,95.22559166666666,95.22559166666666,0.9817941666666666,0.8833333333333333
none,96.80865,0.9811949999999999,0.9375,95.22559166666666,95.22559166666666,0.9817941666666666,0.8833333333333333
f16,96.80865,0.9811949999999999,0.9375,95.22663,95.22663,0.9818089999999999,0.8833333333333333
i8,93.88500625,0.966214375,0.875,90.33443666666668,90.33443666666668,0.9547776666666667,0.7833333333333333
