model,testScore,testavgFB,testG,default,trainScore,trainavgFB,trainG
original,96.58976874999999,0.978068125,0.9375,97.04049833333333,97.04049833333333,0.9862928333333334,0.9333333333333333
none,96.58976874999999,0.978068125,0.9375,97.04049833333333,97.04049833333333,0.9862928333333334,0.9333333333333333
f16,96.58976874999999,0.978068125,0.9375,97.03989166666668,97.03989166666668,0.9862841666666669,0.9333333333333333
i8,74.90700625000001,0.8558143750000001,0.5,84.78740833333335,84.78740833333335,0.9041058333333335,0.7166666666666667
