model,testScore,testavgFB,testG,default,trainScore,trainavgFB,trainG
original,96.808125,0.9811875000000001,0.9375,96.59249666666666,96.59249666666666,0.9870356666666665,0.9166666666666666
none,96.808125,0.9811875000000001,0.9375,96.59249666666666,96.59249666666666,0.9870356666666665,0.9166666666666666
f16,96.808125,0.9811875000000001,0.9375,96.59249666666666,96.59249666666666,0.9870356666666665,0.9166666666666666
i8,62.8452,0.76386,0.3125,78.37766500000001,78.37766500000001,0.8411095000000002,0.65
