model,testScore,testavgFB,testG,default,trainScore,trainavgFB,trainG
original,96.808125,0.9811875000000001,0.9375,96.56275833333333,96.56275833333333,0.9866108333333333,0.9166666666666666
none,96.808125,0.9811875000000001,0.9375,96.56275833333333,96.56275833333333,0.9866108333333333,0.9166666666666666
f16,96.808125,0.9811875000000001,0.9375,96.56275833333333,96.56275833333333,0.9866108333333333,0.9166666666666666
i8,86.04319999999998,0.9077599999999999,0.75,88.32384666666667,88.32384666666667,0.9403406666666666,0.75
