model,testScore,testavgFB,testG,default,trainScore,trainavgFB,trainG
original,96.81744375000001,0.9813206250000001,0.9375,95.55420666666667,95.55420666666667,0.9864886666666667,0.8833333333333333
none,96.81744375000001,0.9813206250000001,0.9375,95.55420666666667,95.55420666666667,0.9864886666666667,0.8833333333333333
f16,96.81744375000001,0.9813206250000001,0.9375,95.55420666666667,95.55420666666667,0.9864886666666667,0.8833333333333333
i8,85.73856875,0.903408125,0.75,83.99723333333331,83.99723333333331,0.907103333333333,0.6833333333333333
