model,testScore,testavgFB,testG,default,trainScore,trainavgFB,trainG
original,96.80865,0.9811949999999999,0.9375,96.40049833333333,96.40049833333333,0.9842928333333333,0.9166666666666666
none,96.80865,0.9811949999999999,0.9375,96.40049833333333,96.40049833333333,0.9842928333333333,0.9166666666666666
f16,96.80865,0.9811949999999999,0.9375,96.410275,96.410275,0.9844325,0.9166666666666666
i8,79.12040625,0.862434375,0.625,80.43016166666666,80.43016166666666,0.8561451666666665,0.6833333333333333
