model,testScore,testavgFB,testG,default,trainScore,trainavgFB,trainG
original,96.822475,0.9813925,0.9375,96.10303166666668,96.10303166666668,0.9871861666666669,0.9
none,96.822475,0.9813925,0.9375,96.10303166666668,96.10303166666668,0.9871861666666669,0.9
f16,96.822475,0.9813925,0.9375,96.10131666666668,96.10131666666668,0.9871616666666668,0.9
i8,88.29073125,0.913081875,0.8125,86.425445,86.425445,0.9203634999999999,0.7333333333333333
