model,testScore,testavgFB,testG,default,trainScore,trainavgFB,trainG
original,96.82129375,0.981375625,0.9375,97.00733,97.00733,0.9858189999999999,0.9333333333333333
none,96.82129375,0.981375625,0.9375,97.00733,97.00733,0.9858189999999999,0.9333333333333333
f16,96.82129375,0.981375625,0.9375,97.00733,97.00733,0.9858189999999999,0.9333333333333333
i8,89.50610625,0.930444375,0.8125,88.88306833333333,88.88306833333333,0.9340438333333332,0.7833333333333333
