model,testScore,testavgFB,testG,default,trainScore,trainavgFB,trainG
original,96.81744375000001,0.9813206250000001,0.9375,96.55271333333333,96.55271333333333,0.9864673333333334,0.9166666666666666
none,96.81744375000001,0.9813206250000001,0.9375,96.55271333333333,96.55271333333333,0.9864673333333334,0.9166666666666666
f16,96.81744375000001,0.9813206250000001,0.9375,96.551535,96.551535,0.9864505,0.9166666666666666
i8,71.00038750000002,0.8267912500000001,0.4375,79.06117500000002,79.06117500000002,0.8723025000000002,0.6
