model,testScore,testavgFB,testG,default,trainScore,trainavgFB,trainG
original,96.7943,0.98099,0.9375,95.96300833333332,95.96300833333332,0.9851858333333332,0.9
none,96.7943,0.98099,0.9375,95.96300833333332,95.96300833333332,0.9851858333333332,0.9
f16,96.7943,0.98099,0.9375,95.96300833333332,95.96300833333332,0.9851858333333332,0.9
i8,93.99000625,0.9677143749999999,0.875,90.61574333333334,90.61574333333334,0.9587963333333335,0.7833333333333333
