model,testScore,testavgFB,testG,default,trainScore,trainavgFB,trainG
original,96.788,0.9809,0.9375,96.02372166666666,96.02372166666666,0.9860531666666665,0.9
none,96.788,0.9809,0.9375,96.02372166666666,96.02372166666666,0.9860531666666665,0.9
f16,96.788,0.9809,0.9375,96.02372166666666,96.02372166666666,0.9860531666666665,0.9
i8,87.64510625,0.930644375,0.75,88.19939833333335,88.19939833333335,0.9385628333333335,0.75
