model,testScore,testavgFB,testG,default,trainScore,trainavgFB,trainG
original,96.80615625,0.981159375,0.9375,95.98307499999999,95.98307499999999,0.9854724999999999,0.9
none,96.80615625,0.981159375,0.9375,95.98307499999999,95.98307499999999,0.9854724999999999,0.9
f16,96.80615625,0.981159375,0.9375,95.98202499999998,95.98202499999998,0.9854574999999998,0.9
i8,94.2150125,0.97092875,0.875,92.34033666666664,92.34033666666664,0.9691476666666664,0.8166666666666667
