model,testScore,testavgFB,testG,default,trainScore,trainavgFB,trainG
original,96.77185625,0.980669375,0.9375,95.63420666666666,95.63420666666666,0.9804886666666666,0.9
none,96.77185625,0.980669375,0.9375,95.63420666666666,95.63420666666666,0.9804886666666666,0.9
f16,96.77185625,0.980669375,0.9375,95.62466333333332,95.62466333333332,0.9803523333333332,0.9
i8,84.7467125,0.8892387500000001,0.75,86.92829,86.92829,0.9275470000000001,0.7333333333333333
