model,testScore,testavgFB,testG,default,trainScore,trainavgFB,trainG
original,96.79049375,0.980935625,0.9375,97.10786166666666,97.10786166666666,0.9872551666666666,0.9333333333333333
none,96.79049375,0.980935625,0.9375,97.10786166666666,97.10786166666666,0.9872551666666666,0.9333333333333333
f16,96.79049375,0.980935625,0.9375,97.10786166666666,97.10786166666666,0.9872551666666666,0.9333333333333333
i8,86.70824375,0.9172606249999999,0.75,87.40241333333333,87.40241333333333,0.9271773333333333,0.75
