model,testScore,testavgFB,testG,default,trainScore,trainavgFB,trainG
original,96.6857125,0.9794387499999999,0.9375,95.93308333333334,95.93308333333334,0.9847583333333334,0.9
none,96.6857125,0.9794387499999999,0.9375,95.93308333333334,95.93308333333334,0.9847583333333334,0.9
f16,96.6857125,0.9794387499999999,0.9375,95.93308333333334,95.93308333333334,0.9847583333333334,0.9
i8,91.241625,0.9552375,0.8125,85.52015500000002,85.52015500000002,0.9217165000000002,0.7
