model,testScore,testavgFB,testG,default,trainScore,trainavgFB,trainG
original,96.80865,0.9811949999999999,0.9375,95.26111666666667,95.26111666666667,0.9823016666666667,0.8833333333333333
none,96.80865,0.9811949999999999,0.9375,95.26111666666667,95.26111666666667,0.9823016666666667,0.8833333333333333
f16,96.80865,0.9811949999999999,0.9375,95.254665,95.254665,0.9822095000000001,0.8833333333333333
i8,93.03223125,0.954031875,0.875,90.113015,90.113015,0.9516145000000001,0.7833333333333333
