model,testScore,testavgFB,testG,default,trainScore,trainavgFB,trainG
original,96.81245625,0.981249375,0.9375,97.19067166666666,97.19067166666666,0.9884381666666665,0.9333333333333333
none,96.81245625,0.981249375,0.9375,97.19067166666666,97.19067166666666,0.9884381666666665,0.9333333333333333
f16,96.81245625,0.981249375,0.9375,97.19067166666666,97.19067166666666,0.9884381666666665,0.9333333333333333
i8,86.15918125,0.909416875,0.75,85.39895,85.39895,0.9199849999999999,0.7
