model,testScore,testavgFB,testG,default,trainScore,trainavgFB,trainG
original,96.56754375,0.977750625,0.9375,96.72062166666667,96.72062166666667,0.9817231666666667,0.9333333333333333
none,96.56754375,0.977750625,0.9375,96.72062166666667,96.72062166666667,0.9817231666666667,0.9333333333333333
f16,96.56754375,0.977750625,0.9375,96.72062166666667,96.72062166666667,0.9817231666666667,0.9333333333333333
i8,64.56015625,0.788359375,0.3125,74.216625,74.216625,0.8102374999999998,0.5833333333333334
