model,testScore,testavgFB,testG,default,trainScore,trainavgFB,trainG
original,96.79924374999999,0.9810606249999999,0.9375,95.34236333333334,95.34236333333334,0.9834623333333334,0.8833333333333333
none,96.79924374999999,0.9810606249999999,0.9375,95.34236333333334,95.34236333333334,0.9834623333333334,0.8833333333333333
f16,96.79924374999999,0.9810606249999999,0.9375,95.33835,95.33835,0.9834050000000001,0.8833333333333333
i8,89.00236875,0.923248125,0.8125,85.56545666666668,85.56545666666668,0.9223636666666668,0.7
