model,testScore,testavgFB,testG,default,trainScore,trainavgFB,trainG
original,96.7810875,0.98080125,0.9375,96.51676833333332,96.51676833333332,0.9859538333333332,0.9166666666666666
none,96.7810875,0.98080125,0.9375,96.51676833333332,96.51676833333332,0.9859538333333332,0.9166666666666666
f16,96.7810875,0.98080125,0.9375,96.51676833333332,96.51676833333332,0.9859538333333332,0.9166666666666666
i8,91.6239625,0.93391375,0.875,88.44167333333333,88.44167333333333,0.9205953333333333,0.8
