model,testScore,testavgFB,testG,default,trainScore,trainavgFB,trainG
original,96.56767500000001,0.9777525,0.9375,94.73323500000001,94.73323500000001,0.9747605,0.8833333333333333
none,96.56767500000001,0.9777525,0.9375,94.73323500000001,94.73323500000001,0.9747605,0.8833333333333333
f16,96.56767500000001,0.9777525,0.9375,94.73323500000001,94.73323500000001,0.9747605,0.8833333333333333
i8,74.07343750000001,0.8439062500000001,0.5,80.72838666666667,80.72838666666667,0.8532626666666665,0.7
