model,testScore,testavgFB,testG,default,trainScore,trainavgFB,trainG
original,96.74875625,0.9803393749999999,0.9375,96.38980000000001,96.38980000000001,0.98414,0.9166666666666666
none,96.74875625,0.9803393749999999,0.9375,96.38980000000001,96.38980000000001,0.98414,0.9166666666666666
f16,96.74875625,0.9803393749999999,0.9375,96.39106000000001,96.39106000000001,0.9841580000000001,0.9166666666666666
i8,90.21875,0.940625,0.8125,88.92087000000001,88.92087000000001,0.9274410000000001,0.8
