model,testScore,testavgFB,testG,default,trainScore,trainavgFB,trainG
original,96.8012125,0.9810887500000001,0.9375,97.14895166666666,97.14895166666666,0.9878421666666666,0.9333333333333333
none,96.8012125,0.9810887500000001,0.9375,97.14895166666666,97.14895166666666,0.9878421666666666,0.9333333333333333
f16,96.8012125,0.9810887500000001,0.9375,97.14895166666666,97.14895166666666,0.9878421666666666,0.9333333333333333
i8,65.9555625,0.80829375,0.3125,77.92052500000003,77.92052500000003,0.8560075000000004,0.6
