model,testScore,testavgFB,testG,default,trainScore,trainavgFB,trainG
original,96.80865,0.9811949999999999,0.9375,94.76777833333334,94.76777833333334,0.9823968333333334,0.8666666666666667
none,96.80865,0.9811949999999999,0.9375,94.76777833333334,94.76777833333334,0.9823968333333334,0.8666666666666667
f16,96.80865,0.9811949999999999,0.9375,94.76777833333334,94.76777833333334,0.9823968333333334,0.8666666666666667
i8,87.31768124999999,0.925966875,0.75,88.05952999999998,88.05952999999998,0.9222789999999997,0.7833333333333333
