model,testScore,testavgFB,testG,default,trainScore,trainavgFB,trainG
original,96.57235625,0.977819375,0.9375,94.32984666666667,94.32984666666667,0.9761406666666667,0.8666666666666667
none,96.57235625,0.977819375,0.9375,94.32984666666667,94.32984666666667,0.9761406666666667,0.8666666666666667
f16,96.57235625,0.977819375,0.9375,94.34543333333335,94.34543333333335,0.9763633333333336,0.8666666666666667
i8,83.12721249999998,0.8928887499999999,0.6875,84.05446,84.05446,0.9007780000000001,0.7
