model,testScore,testavgFB,testG,default,trainScore,trainavgFB,trainG
original,96.808125,0.9811875000000001,0.9375,97.12365833333332,97.12365833333332,0.9874808333333333,0.9333333333333333
none,96.808125,0.9811875000000001,0.9375,97.12365833333332,97.12365833333332,0.9874808333333333,0.9333333333333333
f16,96.808125,0.9811875000000001,0.9375,97.12707666666667,97.12707666666667,0.9875296666666666,0.9333333333333333
i8,82.2803875,0.88079125,0.6875,82.46982166666666,82.46982166666666,0.8852831666666667,0.6833333333333333
