model,testScore,testavgFB,testG,default,trainScore,trainavgFB,trainG
original,96.789925,0.9809275,0.9375,95.89423333333332,95.89423333333332,0.9842033333333332,0.9
none,96.789925,0.9809275,0.9375,95.89423333333332,95.89423333333332,0.9842033333333332,0.9
f16,96.789925,0.9809275,0.9375,95.89423333333332,95.89423333333332,0.9842033333333332,0.9
i8,96.3794625,0.97506375,0.9375,92.46129666666667,92.46129666666667,0.9708756666666668,0.8166666666666667
