model,testScore,testavgFB,testG,default,trainScore,trainavgFB,trainG
original,96.75212499999999,0.9803875,0.9375,93.45084333333334,93.45084333333334,0.9707263333333334,0.85
none,96.75212499999999,0.9803875,0.9375,93.45084333333334,93.45084333333334,0.9707263333333334,0.85
f16,96.70019375000001,0.9796456250000001,0.9375,92.87209333333334,92.87209333333334,0.9696013333333334,0.8333333333333334
i8,75.57293124999998,0.8385418749999999,0.5625,81.917265,81.917265,0.8773895,0.6833333333333333
