model,testScore,testavgFB,testG,default,trainScore,trainavgFB,trainG
original,96.80865,0.9811949999999999,0.9375,95.42284,95.42284,0.9846119999999999,0.8833333333333333
none,96.80865,0.9811949999999999,0.9375,95.42284,95.42284,0.9846119999999999,0.8833333333333333
f16,96.80865,0.9811949999999999,0.9375,95.41039166666665,95.41039166666665,0.9844341666666665,0.8833333333333333
i8,93.32763125,0.9582518749999999,0.875,90.53981833333333,90.53981833333333,0.9505688333333333,0.8
