model,testScore,testavgFB,testG,default,trainScore,trainavgFB,trainG
original,96.8580875,0.98190125,0.9375,96.51469166666666,96.51469166666666,0.9859241666666666,0.9166666666666666
none,96.8580875,0.98190125,0.9375,96.51469166666666,96.51469166666666,0.9859241666666666,0.9166666666666666
f16,96.8580875,0.98190125,0.9375,96.51469166666666,96.51469166666666,0.9859241666666666,0.9166666666666666
i8,88.32883125,0.9404118749999999,0.75,89.1001,89.1001,0.9514299999999999,0.75
