model,testScore,testavgFB,testG,default,trainScore,trainavgFB,trainG
original,96.79880625,0.981054375,0.9375,96.64463499999998,96.64463499999998,0.9877804999999997,0.9166666666666666
none,96.79880625,0.981054375,0.9375,96.64463499999998,96.64463499999998,0.9877804999999997,0.9166666666666666
f16,96.79880625,0.981054375,0.9375,96.6456733333333,96.6456733333333,0.987795333333333,0.9166666666666666
i8,93.628675,0.9625524999999999,0.875,91.21594833333332,91.21594833333332,0.9602278333333331,0.8
