model,testScore,testavgFB,testG,default,trainScore,trainavgFB,trainG
original,96.78060624999999,0.9807943749999999,0.9375,94.71270166666666,94.71270166666666,0.9744671666666667,0.8833333333333333
none,96.78060624999999,0.9807943749999999,0.9375,94.71270166666666,94.71270166666666,0.9744671666666667,0.8833333333333333
f16,96.78060624999999,0.9807943749999999,0.9375,94.71214166666667,94.71214166666667,0.9744591666666668,0.8833333333333333
i8,93.5731125,0.96175875,0.875,91.47374833333333,91.47374833333333,0.9567678333333333,0.8166666666666667
