model,testScore,testavgFB,testG,default,trainScore,trainavgFB,trainG
original,96.60744375,0.978320625,0.9375,95.98243333333335,95.98243333333335,0.9854633333333335,0.9
none,96.60744375,0.978320625,0.9375,95.98243333333335,95.98243333333335,0.9854633333333335,0.9
f16,96.60744375,0.978320625,0.9375,95.98243333333335,95.98243333333335,0.9854633333333335,0.9
i8,72.43009375,0.8472156249999999,0.4375,81.64601333333333,81.64601333333333,0.8806573333333333,0.6666666666666666
