model,testScore,testavgFB,testG,default,trainScore,trainavgFB,trainG
original,90.78579375000001,0.9487256250000001,0.8125,84.02573166666666,84.02573166666666,0.9217961666666665,0.65
none,90.78579375000001,0.9487256250000001,0.8125,84.02573166666666,84.02573166666666,0.9217961666666665,0.65
f16,90.75831875,0.9483331250000001,0.8125,84.01246666666667,84.01246666666667,0.9216066666666667,0.65
i8,27.05868125,0.359766875,0.0625,41.074645000000004,41.074645000000004,0.49392350000000007,0.21666666666666667
