model,testScore,testavgFB,testG,default,trainScore,trainavgFB,trainG
original,96.52742500000001,0.9771775,0.9375,95.37600000000002,95.37600000000002,0.9768000000000002,0.9
none,96.52742500000001,0.9771775,0.9375,95.37600000000002,95.37600000000002,0.9768000000000002,0.9
f16,96.52742500000001,0.9771775,0.9375,95.37600000000002,95.37600000000002,0.9768000000000002,0.9
i8,54.508843750000004,0.698340625,0.1875,72.95271499999998,72.95271499999998,0.7993244999999998,0.5666666666666667
