model,testScore,testavgFB,testG,default,trainScore,trainavgFB,trainG
original,96.71314375,0.979830625,0.9375,95.49058999999998,95.49058999999998,0.9784369999999998,0.9
none,96.71314375,0.979830625,0.9375,95.49058999999998,95.49058999999998,0.9784369999999998,0.9
f16,96.71314375,0.979830625,0.9375,95.49162833333332,95.49162833333332,0.9784518333333332,0.9
i8,87.38680625,0.926954375,0.75,89.46764999999999,89.46764999999999,0.942395,0.7833333333333333
