model,testScore,testavgFB,testG,default,trainScore,trainavgFB,trainG
original,96.78953125000001,0.980921875,0.9375,97.05844166666667,97.05844166666667,0.9865491666666666,0.9333333333333333
none,96.78953125000001,0.980921875,0.9375,97.05844166666667,97.05844166666667,0.9865491666666666,0.9333333333333333
f16,96.78953125000001,0.980921875,0.9375,97.05844166666667,97.05844166666667,0.9865491666666666,0.9333333333333333
i8,92.05546875,0.940078125,0.875,90.31111833333334,90.31111833333334,0.9401588333333334,0.8166666666666667
