model,testScore,testavgFB,testG,default,trainScore,trainavgFB,trainG
original,96.7810875,0.98080125,0.9375,96.57987333333332,96.57987333333332,0.9868553333333333,0.9166666666666666
none,96.7810875,0.98080125,0.9375,96.57987333333332,96.57987333333332,0.9868553333333333,0.9166666666666666
f16,96.7810875,0.98080125,0.9375,96.57566166666668,96.57566166666668,0.9867951666666668,0.9166666666666666
i8,78.14119374999999,0.8484456249999999,0.625,81.39147333333332,81.39147333333332,0.8627353333333332,0.7
