model,testScore,testavgFB,testG,default,trainScore,trainavgFB,trainG
original,96.77570625,0.980724375,0.9375,96.52422333333332,96.52422333333332,0.9860603333333332,0.9166666666666666
none,96.77570625,0.980724375,0.9375,96.52422333333332,96.52422333333332,0.9860603333333332,0.9166666666666666
f16,96.77570625,0.980724375,0.9375,96.50961666666667,96.50961666666667,0.9858516666666667,0.9166666666666666
i8,86.70920625,0.917274375,0.75,87.9383,87.9383,0.9276899999999999,0.7666666666666667
