model,testScore,testavgFB,testG,default,trainScore,trainavgFB,trainG
original,96.786075,0.9808724999999999,0.9375,94.28638666666669,94.28638666666669,0.9826626666666669,0.85
none,96.786075,0.9808724999999999,0.9375,94.28638666666669,94.28638666666669,0.9826626666666669,0.85
f16,96.786075,0.9808724999999999,0.9375,94.28057666666666,94.28057666666666,0.9825796666666666,0.85
i8,90.311325,0.9419474999999999,0.8125,88.58655999999999,88.58655999999999,0.929808,0.7833333333333333
