model,testScore,testavgFB,testG,default,trainScore,trainavgFB,trainG
original,96.7943,0.98099,0.9375,95.95513333333332,95.95513333333332,0.9850733333333331,0.9
none,96.7943,0.98099,0.9375,95.95513333333332,95.95513333333332,0.9850733333333331,0.9
f16,96.7943,0.98099,0.9375,95.95513333333332,95.95513333333332,0.9850733333333331,0.9
i8,82.93462500000001,0.8901375,0.6875,81.15439166666667,81.15439166666667,0.8736341666666667,0.6666666666666666
