model,testScore,testavgFB,testG,default,trainScore,trainavgFB,trainG
original,96.80865,0.9811949999999999,0.9375,95.85762333333334,95.85762333333334,0.9836803333333334,0.9
none,96.80865,0.9811949999999999,0.9375,95.85762333333334,95.85762333333334,0.9836803333333334,0.9
f16,96.80865,0.9811949999999999,0.9375,95.84747333333334,95.84747333333334,0.9835353333333334,0.9
i8,86.53827500000001,0.9148325000000002,0.75,85.82590666666667,85.82590666666667,0.9117986666666666,0.7333333333333333
