model,testScore,testavgFB,testG,default,trainScore,trainavgFB,trainG
original,96.7949125,0.98099875,0.9375,96.49681833333334,96.49681833333334,0.9856688333333334,0.9166666666666666
none,96.7949125,0.98099875,0.9375,96.49681833333334,96.49681833333334,0.9856688333333334,0.9166666666666666
f16,96.7949125,0.98099875,0.9375,96.49681833333334,96.49681833333334,0.9856688333333334,0.9166666666666666
i8,96.19094375,0.9723706249999999,0.9375,92.22137166666667,92.22137166666667,0.9674481666666668,0.8166666666666667
