model,testScore,testavgFB,testG,default,trainScore,trainavgFB,trainG
original,96.69966875,0.979638125,0.9375,95.93312999999999,95.93312999999999,0.9847589999999998,0.9
none,96.69966875,0.979638125,0.9375,95.93312999999999,95.93312999999999,0.9847589999999998,0.9
f16,96.69966875,0.979638125,0.9375,95.93312999999999,95.93312999999999,0.9847589999999998,0.9
i8,51.450368749999996,0.6546481249999999,0.1875,71.59833,71.59833,0.7871190000000001,0.55
