model,testScore,testavgFB,testG,default,trainScore,trainavgFB,trainG
original,96.7529125,0.98039875,0.9375,95.88093333333335,95.88093333333335,0.9840133333333335,0.9
none,96.7529125,0.98039875,0.9375,95.88093333333335,95.88093333333335,0.9840133333333335,0.9
f16,96.7529125,0.98039875,0.9375,95.89128166666669,95.89128166666669,0.9841611666666669,0.9
i8,84.59926875,0.9139181249999999,0.6875,85.53413166666667,85.53413166666667,0.9219161666666668,0.7
