model,testScore,testavgFB,testG,default,trainScore,trainavgFB,trainG
original,96.73466875,0.980138125,0.9375,97.22769,97.22769,0.9889669999999999,0.9333333333333333
none,96.73466875,0.980138125,0.9375,97.22769,97.22769,0.9889669999999999,0.9333333333333333
f16,96.73466875,0.980138125,0.9375,97.22769,97.22769,0.9889669999999999,0.9333333333333333
i8,73.52025624999999,0.862789375,0.4375,79.549275,79.549275,0.8721325,0.6166666666666667
