model,testScore,testavgFB,testG,default,trainScore,trainavgFB,trainG
original,96.80865,0.9811949999999999,0.9375,96.38891333333332,96.38891333333332,0.9841273333333331,0.9166666666666666
none,96.80865,0.9811949999999999,0.9375,96.38891333333332,96.38891333333332,0.9841273333333331,0.9166666666666666
f16,96.80865,0.9811949999999999,0.9375,96.39100166666665,96.39100166666665,0.9841571666666665,0.9166666666666666
i8,91.6948375,0.9349262500000001,0.875,91.21795833333334,91.21795833333334,0.9459708333333334,0.8333333333333334
