model,testScore,testavgFB,testG,default,trainScore,trainavgFB,trainG
original,96.78060624999999,0.9807943749999999,0.9375,95.36196333333334,95.36196333333334,0.9837423333333334,0.8833333333333333
none,96.78060624999999,0.9807943749999999,0.9375,95.36196333333334,95.36196333333334,0.9837423333333334,0.8833333333333333
f16,96.78060624999999,0.9807943749999999,0.9375,95.35939666666667,95.35939666666667,0.9837056666666667,0.8833333333333333
i8,93.51295625,0.960899375,0.875,90.609175,90.609175,0.9587024999999999,0.7833333333333333
