model,testScore,testavgFB,testG,default,trainScore,trainavgFB,trainG
original,96.94725,0.9831749999999999,0.9375,95.97458166666668,95.97458166666668,0.9853511666666669,0.9
none,96.94725,0.9831749999999999,0.9375,95.97458166666668,95.97458166666668,0.9853511666666669,0.9
f16,96.94725,0.9831749999999999,0.9375,95.97511833333334,95.97511833333334,0.9853588333333335,0.9
i8,78.27389375,0.823555625,0.6875,79.74409,79.74409,0.8534869999999999,0.6666666666666666
