model,testScore,testavgFB,testG,default,trainScore,trainavgFB,trainG
original,96.80375000000001,0.981125,0.9375,97.581565,97.581565,0.9868794999999999,0.95
none,96.80375000000001,0.981125,0.9375,97.581565,97.581565,0.9868794999999999,0.95
f16,96.80375000000001,0.981125,0.9375,97.57961666666667,97.57961666666667,0.9868516666666666,0.95
i8,85.71415625,0.903059375,0.75,88.43261833333334,88.43261833333334,0.9276088333333334,0.7833333333333333
