model,testScore,testavgFB,testG,default,trainScore,trainavgFB,trainG
original,96.63990625,0.9787843749999999,0.9375,95.20165166666668,95.20165166666668,0.9814521666666668,0.8833333333333333
none,96.63990625,0.9787843749999999,0.9375,95.20165166666668,95.20165166666668,0.9814521666666668,0.8833333333333333
f16,96.63990625,0.9787843749999999,0.9375,95.66672166666667,95.66672166666667,0.9809531666666668,0.9
i8,61.97780000000001,0.8050400000000001,0.1875,69.88496,69.88496,0.8269280000000001,0.4
