model,testScore,testavgFB,testG,default,trainScore,trainavgFB,trainG
original,96.862375,0.9819625000000001,0.9375,96.60474666666666,96.60474666666666,0.9872106666666666,0.9166666666666666
none,96.862375,0.9819625000000001,0.9375,96.60474666666666,96.60474666666666,0.9872106666666666,0.9166666666666666
f16,96.862375,0.9819625000000001,0.9375,96.60474666666666,96.60474666666666,0.9872106666666666,0.9166666666666666
i8,85.41765625,0.925609375,0.6875,82.87948333333335,82.87948333333335,0.8982783333333335,0.6666666666666666
