model,testScore,testavgFB,testG,default,trainScore,trainavgFB,trainG
original,96.80865,0.9811949999999999,0.9375,95.403485,95.403485,0.9843355,0.8833333333333333
none,96.80865,0.9811949999999999,0.9375,95.403485,95.403485,0.9843355,0.8833333333333333
f16,96.80865,0.9811949999999999,0.9375,95.403485,95.403485,0.9843355,0.8833333333333333
i8,93.33467499999999,0.9583524999999999,0.875,91.83641833333333,91.83641833333333,0.9619488333333333,0.8166666666666667
