model,testScore,testavgFB,testG,default,trainScore,trainavgFB,trainG
original,96.77666875,0.9807381249999999,0.9375,94.933935,94.933935,0.9847705000000001,0.8666666666666667
none,96.77666875,0.9807381249999999,0.9375,94.933935,94.933935,0.9847705000000001,0.8666666666666667
f16,96.76735,0.980605,0.9375,95.44031666666667,95.44031666666667,0.9848616666666667,0.8833333333333333
i8,76.5460625,0.8524437500000001,0.5625,78.68946666666668,78.68946666666668,0.8527066666666667,0.6333333333333333
