model,testScore,testavgFB,testG,default,trainScore,trainavgFB,trainG
original,96.59256875000001,0.9781081250000001,0.9375,96.09610166666666,96.09610166666666,0.9870871666666664,0.9
none,96.59256875000001,0.9781081250000001,0.9375,96.09610166666666,96.09610166666666,0.9870871666666664,0.9
f16,96.59256875000001,0.9781081250000001,0.9375,96.09610166666666,96.09610166666666,0.9870871666666664,0.9
i8,88.29943125,0.9399918749999999,0.75,86.066205,86.066205,0.9152314999999999,0.7333333333333333
