model,testScore,testavgFB,testG,default,trainScore,trainavgFB,trainG
original,96.263875,0.9734125,0.9375,94.13588833333333,94.13588833333333,0.9733698333333333,0.8666666666666667
none,96.263875,0.9734125,0.9375,94.13588833333333,94.13588833333333,0.9733698333333333,0.8666666666666667
f16,96.263875,0.9734125,0.9375,94.13588833333333,94.13588833333333,0.9733698333333333,0.8666666666666667
i8,92.3082125,0.9436887499999999,0.875,89.56501,89.56501,0.936643,0.8
