model,testScore,testavgFB,testG,default,trainScore,trainavgFB,trainG
original,96.808125,0.9811875000000001,0.9375,97.119855,97.119855,0.9874265,0.9333333333333333
none,96.808125,0.9811875000000001,0.9375,97.119855,97.119855,0.9874265,0.9333333333333333
f16,96.808125,0.9811875000000001,0.9375,97.12087,97.12087,0.987441,0.9333333333333333
i8,85.62175625,0.9017393750000001,0.75,84.48216333333335,84.48216333333335,0.8926023333333334,0.7333333333333333
