model,testScore,testavgFB,testG,default,trainScore,trainavgFB,trainG
original,96.59991875,0.978213125,0.9375,94.92608333333334,94.92608333333334,0.9846583333333334,0.8666666666666667
none,96.59991875,0.978213125,0.9375,94.92608333333334,94.92608333333334,0.9846583333333334,0.8666666666666667
f16,96.59991875,0.978213125,0.9375,94.93039999999999,94.93039999999999,0.9847199999999999,0.8666666666666667
i8,82.79659375,0.8881656250000001,0.6875,84.86671833333332,84.86671833333332,0.9052388333333333,0.7166666666666667
