model,testScore,testavgFB,testG,default,trainScore,trainavgFB,trainG
original,96.79924374999999,0.9810606249999999,0.9375,95.46351000000001,95.46351000000001,0.9851930000000002,0.8833333333333333
none,96.79924374999999,0.9810606249999999,0.9375,95.46351000000001,95.46351000000001,0.9851930000000002,0.8833333333333333
f16,96.79924374999999,0.9810606249999999,0.9375,95.46351000000001,95.46351000000001,0.9851930000000002,0.8833333333333333
i8,91.030225,0.9522175,0.8125,90.84310666666667,90.84310666666667,0.9477586666666667,0.8166666666666667
