model,testScore,testavgFB,testG,default,trainScore,trainavgFB,trainG
original,96.80615625,0.981159375,0.9375,95.441705,95.441705,0.9848815000000001,0.8833333333333333
none,96.80615625,0.981159375,0.9375,95.441705,95.441705,0.9848815000000001,0.8833333333333333
f16,96.80615625,0.981159375,0.9375,95.44272000000001,95.44272000000001,0.9848960000000001,0.8833333333333333
i8,86.67468124999999,0.9435668749999998,0.6875,90.23638833333334,90.23638833333334,0.9605198333333335,0.7666666666666667
