model,testScore,testavgFB,testG,default,trainScore,trainavgFB,trainG
original,94.39644374999999,0.9735206249999999,0.875,93.83788666666668,93.83788666666668,0.9691126666666668,0.8666666666666667
none,94.39644374999999,0.9735206249999999,0.875,93.83788666666668,93.83788666666668,0.9691126666666668,0.8666666666666667
f16,94.39644374999999,0.9735206249999999,0.875,93.84127000000001,93.84127000000001,0.9691610000000002,0.8666666666666667
i8,64.2109,0.7833699999999999,0.3125,77.47225999999999,77.47225999999999,0.8353179999999999,0.6333333333333333
