model,testScore,testavgFB,testG,default,trainScore,trainavgFB,trainG
original,96.79880625,0.981054375,0.9375,97.110195,97.110195,0.9872885,0.9333333333333333
none,96.79880625,0.981054375,0.9375,97.110195,97.110195,0.9872885,0.9333333333333333
f16,96.79880625,0.981054375,0.9375,97.10918,97.10918,0.987274,0.9333333333333333
i8,88.49026875,0.942718125,0.75,86.21111333333332,86.21111333333332,0.9315873333333331,0.7
