model,testScore,testavgFB,testG,default,trainScore,trainavgFB,trainG
original,96.68378750000001,0.9794112500000001,0.9375,96.12801,96.12801,0.987543,0.9
none,96.68378750000001,0.9794112500000001,0.9375,96.12801,96.12801,0.987543,0.9
f16,96.68378750000001,0.9794112500000001,0.9375,96.12801,96.12801,0.987543,0.9
i8,64.24243125000001,0.837391875,0.1875,74.08381333333335,74.08381333333335,0.8511973333333335,0.48333333333333334
