model,testScore,testavgFB,testG,default,trainScore,trainavgFB,trainG
original,96.80865,0.9811949999999999,0.9375,95.87721166666667,95.87721166666667,0.9839601666666667,0.9
none,96.80865,0.9811949999999999,0.9375,95.87721166666667,95.87721166666667,0.9839601666666667,0.9
f16,96.80865,0.9811949999999999,0.9375,95.862395,95.862395,0.9837485000000001,0.9
i8,82.8409125,0.8887987500000001,0.6875,84.22451666666666,84.22451666666666,0.8889216666666666,0.7333333333333333
