model,testScore,testavgFB,testG,default,trainScore,trainavgFB,trainG
original,96.84500625,0.981714375,0.9375,96.12589833333332,96.12589833333332,0.9875128333333332,0.9
none,96.84500625,0.981714375,0.9375,96.12589833333332,96.12589833333332,0.9875128333333332,0.9
f16,96.84500625,0.981714375,0.9375,96.12589833333332,96.12589833333332,0.9875128333333332,0.9
i8,88.78636875000001,0.946948125,0.75,88.07449333333334,88.07449333333334,0.9439213333333334,0.7333333333333333
