model,testScore,testavgFB,testG,default,trainScore,trainavgFB,trainG
original,96.81306875,0.981258125,0.9375,96.46759333333333,96.46759333333333,0.9852513333333331,0.9166666666666666
none,96.81306875,0.981258125,0.9375,96.46759333333333,96.46759333333333,0.9852513333333331,0.9166666666666666
f16,96.81306875,0.981258125,0.9375,96.46759333333333,96.46759333333333,0.9852513333333331,0.9166666666666666
i8,88.95100625,0.922514375,0.8125,86.89765666666666,86.89765666666666,0.9128236666666666,0.7666666666666667
