model,testScore,testavgFB,testG,default,trainScore,trainavgFB,trainG
original,96.83809375,0.981615625,0.9375,97.13908166666667,97.13908166666667,0.9877011666666667,0.9333333333333333
none,96.83809375,0.981615625,0.9375,97.13908166666667,97.13908166666667,0.9877011666666667,0.9333333333333333
f16,96.83809375,0.981615625,0.9375,97.13908166666667,97.13908166666667,0.9877011666666667,0.9333333333333333
i8,90.19407499999998,0.9402724999999998,0.8125,88.8536,88.8536,0.92648,0.8
