model,testScore,testavgFB,testG,default,trainScore,trainavgFB,trainG
original,96.786075,0.9808724999999999,0.9375,95.47782499999998,95.47782499999998,0.9853974999999998,0.8833333333333333
none,96.786075,0.9808724999999999,0.9375,95.47782499999998,95.47782499999998,0.9853974999999998,0.8833333333333333
f16,96.786075,0.9808724999999999,0.9375,95.47586499999998,95.47586499999998,0.9853694999999998,0.8833333333333333
i8,96.354875,0.9747125000000001,0.9375,91.410105,91.410105,0.9630015000000001,0.8
