model,testScore,testavgFB,testG,default,trainScore,trainavgFB,trainG
original,96.76735,0.980605,0.9375,95.77283,95.77283,0.982469,0.9
none,96.76735,0.980605,0.9375,95.77283,95.77283,0.982469,0.9
f16,96.76735,0.980605,0.9375,95.77283,95.77283,0.982469,0.9
i8,87.30438125,0.9257768750000002,0.75,88.958645,88.958645,0.9351235000000001,0.7833333333333333
