model,testScore,testavgFB,testG,default,trainScore,trainavgFB,trainG
original,96.5905125,0.97807875,0.9375,96.01840166666666,96.01840166666666,0.9859771666666667,0.9
none,96.5905125,0.97807875,0.9375,96.01840166666666,96.01840166666666,0.9859771666666667,0.9
f16,96.5905125,0.97807875,0.9375,96.01588166666667,96.01588166666667,0.9859411666666666,0.9
i8,87.11433124999999,0.9230618749999998,0.75,88.28837,88.28837,0.932691,0.7666666666666667
