model,testScore,testavgFB,testG,default,trainScore,trainavgFB,trainG
original,96.80615625,0.981159375,0.9375,95.73849499999999,95.73849499999999,0.9819784999999999,0.9
none,96.80615625,0.981159375,0.9375,95.73849499999999,95.73849499999999,0.9819784999999999,0.9
f16,96.80615625,0.981159375,0.9375,95.74298666666667,95.74298666666667,0.9820426666666667,0.9
i8,90.6842125,0.92048875,0.875,88.93684,88.93684,0.9348120000000001,0.7833333333333333
