model,testScore,testavgFB,testG,default,trainScore,trainavgFB,trainG
original,96.81306875,0.981258125,0.9375,97.04665833333333,97.04665833333333,0.9863808333333333,0.9333333333333333
none,96.81306875,0.981258125,0.9375,97.04665833333333,97.04665833333333,0.9863808333333333,0.9333333333333333
f16,96.81306875,0.981258125,0.9375,97.04810499999999,97.04810499999999,0.9864014999999998,0.9333333333333333
i8,93.81868125,0.965266875,0.875,93.08180166666665,93.08180166666665,0.9725971666666665,0.8333333333333334
