model,testScore,testavgFB,testG,default,trainScore,trainavgFB,trainG
original,96.786075,0.9808724999999999,0.9375,95.39268166666668,95.39268166666668,0.9841811666666669,0.8833333333333333
none,96.786075,0.9808724999999999,0.9375,95.39268166666668,95.39268166666668,0.9841811666666669,0.8833333333333333
f16,96.786075,0.9808724999999999,0.9375,95.39094333333333,95.39094333333333,0.9841563333333333,0.8833333333333333
i8,89.14459375,0.952065625,0.75,88.66753333333331,88.66753333333331,0.9523933333333331,0.7333333333333333
