model,testScore,testavgFB,testG,default,trainScore,trainavgFB,trainG
original,96.8437375,0.98169625,0.9375,96.61679833333332,96.61679833333332,0.9873828333333332,0.9166666666666666
none,96.8437375,0.98169625,0.9375,96.61679833333332,96.61679833333332,0.9873828333333332,0.9166666666666666
f16,96.8437375,0.98169625,0.9375,96.624265,96.624265,0.9874894999999999,0.9166666666666666
i8,67.67734999999999,0.806105,0.375,75.24444666666668,75.24444666666668,0.8249206666666667,0.5833333333333334
