model,testScore,testavgFB,testG,default,trainScore,trainavgFB,trainG
original,96.7529125,0.98039875,0.9375,96.01847166666666,96.01847166666666,0.9859781666666666,0.9
none,96.7529125,0.98039875,0.9375,96.01847166666666,96.01847166666666,0.9859781666666666,0.9
f16,96.7529125,0.98039875,0.9375,96.02234499999999,96.02234499999999,0.9860334999999999,0.9
i8,93.67964375,0.9632806249999999,0.875,90.10995666666666,90.10995666666666,0.9587136666666666,0.7666666666666667
