model,testScore,testavgFB,testG,default,trainScore,trainavgFB,trainG
original,96.789925,0.9809275,0.9375,96.47378833333332,96.47378833333332,0.9853398333333332,0.9166666666666666
none,96.789925,0.9809275,0.9375,96.47378833333332,96.47378833333332,0.9853398333333332,0.9166666666666666
f16,96.789925,0.9809275,0.9375,96.47378833333332,96.47378833333332,0.9853398333333332,0.9166666666666666
i8,92.98174374999999,0.953310625,0.875,89.47569166666666,89.47569166666666,0.9282241666666666,0.8166666666666667
