model,testScore,testavgFB,testG,default,trainScore,trainavgFB,trainG
original,96.78060624999999,0.9807943749999999,0.9375,96.36882333333334,96.36882333333334,0.9838403333333334,0.9166666666666666
none,96.78060624999999,0.9807943749999999,0.9375,96.36882333333334,96.36882333333334,0.9838403333333334,0.9166666666666666
f16,96.78060624999999,0.9807943749999999,0.9375,96.3674,96.3674,0.98382,0.9166666666666666
i8,91.03565625,0.925509375,0.875,89.655005,89.655005,0.9450715,0.7833333333333333
