model,testScore,testavgFB,testG,default,trainScore,trainavgFB,trainG
original,96.81306875,0.981258125,0.9375,96.00377166666667,96.00377166666667,0.9857681666666666,0.9
none,96.81306875,0.981258125,0.9375,96.00377166666667,96.00377166666667,0.9857681666666666,0.9
f16,96.81306875,0.981258125,0.9375,96.00377166666667,96.00377166666667,0.9857681666666666,0.9
i8,92.11912500000001,0.9409875000000001,0.875,89.67275333333332,89.67275333333332,0.9310393333333332,0.8166666666666667
