model,testScore,testavgFB,testG,default,trainScore,trainavgFB,trainG
original,96.789925,0.9809275,0.9375,95.28348166666666,95.28348166666666,0.9826211666666665,0.8833333333333333
none,96.789925,0.9809275,0.9375,95.28348166666666,95.28348166666666,0.9826211666666665,0.8833333333333333
f16,96.789925,0.9809275,0.9375,95.25580833333332,95.25580833333332,0.9822258333333331,0.8833333333333333
i8,88.64505625000001,0.9449293750000002,0.75,84.88297833333334,84.88297833333334,0.9197568333333334,0.6833333333333333
