model,testScore,testavgFB,testG,default,trainScore,trainavgFB,trainG
original,96.822475,0.9813925,0.9375,96.70365666666666,96.70365666666666,0.9886236666666666,0.9166666666666666
none,96.822475,0.9813925,0.9375,96.70365666666666,96.70365666666666,0.9886236666666666,0.9166666666666666
f16,96.822475,0.9813925,0.9375,97.20552333333333,97.20552333333333,0.9886503333333333,0.9333333333333333
i8,85.99905625000001,0.9071293750000001,0.75,87.42975166666665,87.42975166666665,0.9132821666666665,0.7833333333333333
