model,testScore,testavgFB,testG,default,trainScore,trainavgFB,trainG
original,96.56671250000001,0.9777387500000001,0.9375,96.05670333333333,96.05670333333333,0.9865243333333333,0.9
none,96.56671250000001,0.9777387500000001,0.9375,96.05670333333333,96.05670333333333,0.9865243333333333,0.9
f16,96.56671250000001,0.9777387500000001,0.9375,96.05311,96.05311,0.986473,0.9
i8,81.45928125,0.895846875,0.625,83.70318833333332,83.70318833333332,0.8957598333333332,0.7
