model,testScore,testavgFB,testG,default,trainScore,trainavgFB,trainG
original,96.82628125000001,0.981446875,0.9375,97.21610499999998,97.21610499999998,0.9888014999999998,0.9333333333333333
none,96.82628125000001,0.981446875,0.9375,97.21610499999998,97.21610499999998,0.9888014999999998,0.9333333333333333
f16,96.82628125000001,0.981446875,0.9375,97.21610499999998,97.21610499999998,0.9888014999999998,0.9333333333333333
i8,84.26567499999999,0.9091524999999999,0.6875,86.22206999999999,86.22206999999999,0.9246009999999999,0.7166666666666667
