model,testScore,testavgFB,testG,default,trainScore,trainavgFB,trainG
original,96.74875625,0.9803393749999999,0.9375,95.86222000000001,95.86222000000001,0.9837460000000001,0.9
none,96.74875625,0.9803393749999999,0.9375,95.86222000000001,95.86222000000001,0.9837460000000001,0.9
f16,96.74875625,0.9803393749999999,0.9375,95.86222000000001,95.86222000000001,0.9837460000000001,0.9
i8,90.91993124999999,0.9506418749999999,0.8125,90.73183166666666,90.73183166666666,0.9390261666666666,0.8333333333333334
