model,testScore,testavgFB,testG,default,trainScore,trainavgFB,trainG
original,96.79880625,0.981054375,0.9375,96.49857999999999,96.49857999999999,0.9856939999999998,0.9166666666666666
none,96.79880625,0.981054375,0.9375,96.49857999999999,96.49857999999999,0.9856939999999998,0.9166666666666666
f16,96.79880625,0.981054375,0.9375,96.49857999999999,96.49857999999999,0.9856939999999998,0.9166666666666666
i8,83.31219375,0.868745625,0.75,85.64800666666665,85.64800666666665,0.8878286666666664,0.7833333333333333
