model,testScore,testavgFB,testG,default,trainScore,trainavgFB,trainG
original,96.80865,0.9811949999999999,0.9375,95.28130000000002,95.28130000000002,0.9825900000000002,0.8833333333333333
none,96.80865,0.9811949999999999,0.9375,95.28130000000002,95.28130000000002,0.9825900000000002,0.8833333333333333
f16,96.80865,0.9811949999999999,0.9375,95.28333000000002,95.28333000000002,0.9826190000000002,0.8833333333333333
i8,84.30054375,0.9096506249999999,0.6875,86.00485,86.00485,0.914355,0.7333333333333333
