model,testScore,testavgFB,testG,default,trainScore,trainavgFB,trainG
original,96.81306875,0.981258125,0.9375,95.44220666666668,95.44220666666668,0.9848886666666667,0.8833333333333333
none,96.81306875,0.981258125,0.9375,95.44220666666668,95.44220666666668,0.9848886666666667,0.8833333333333333
f16,96.81306875,0.981258125,0.9375,95.43085500000001,95.43085500000001,0.9847265000000002,0.8833333333333333
i8,92.5771,0.94753,0.875,89.60419666666667,89.60419666666667,0.9443456666666667,0.7833333333333333
