model,testScore,testavgFB,testG,default,trainScore,trainavgFB,trainG
original,96.7999,0.98107,0.9375,95.52642833333333,95.52642833333333,0.9860918333333333,0.8833333333333333
none,96.7999,0.98107,0.9375,95.52642833333333,95.52642833333333,0.9860918333333333,0.8833333333333333
f16,96.7999,0.98107,0.9375,95.52204166666667,95.52204166666667,0.9860291666666667,0.8833333333333333
i8,92.5533,0.94719,0.875,89.82857166666669,89.82857166666669,0.9404081666666669,0.8
