model,testScore,testavgFB,testG,default,trainScore,trainavgFB,trainG
original,96.789925,0.9809275,0.9375,96.4374,96.4374,0.9848199999999999,0.9166666666666666
none,96.789925,0.9809275,0.9375,96.4374,96.4374,0.9848199999999999,0.9166666666666666
f16,96.789925,0.9809275,0.9375,96.43539333333334,96.43539333333334,0.9847913333333335,0.9166666666666666
i8,86.88035625,0.919719375,0.75,88.01825166666666,88.01825166666666,0.9288321666666666,0.7666666666666667
