model,testScore,testavgFB,testG,default,trainScore,trainavgFB,trainG
original,96.4856875,0.97658125,0.9375,96.13921,96.13921,0.987703,0.9
none,96.4856875,0.97658125,0.9375,96.13921,96.13921,0.987703,0.9
f16,96.4856875,0.97658125,0.9375,96.13786833333333,96.13786833333333,0.9876838333333332,0.9
i8,85.18482499999999,0.8954975,0.75,83.99271166666665,83.99271166666665,0.8856101666666666,0.7333333333333333
