model,testScore,testavgFB,testG,default,trainScore,trainavgFB,trainG
original,96.78515625,0.980859375,0.9375,97.083595,97.083595,0.9869085,0.9333333333333333
none,96.78515625,0.980859375,0.9375,97.083595,97.083595,0.9869085,0.9333333333333333
f16,96.78515625,0.980859375,0.9375,97.08395666666667,97.08395666666667,0.9869136666666666,0.9333333333333333
i8,87.65876250000001,0.9040537500000001,0.8125,83.85539166666666,83.85539166666666,0.8979341666666666,0.7
