model,testScore,testavgFB,testG,default,trainScore,trainavgFB,trainG
original,96.789925,0.9809275,0.9375,96.97339166666664,96.97339166666664,0.9853341666666664,0.9333333333333333
none,96.789925,0.9809275,0.9375,96.97339166666664,96.97339166666664,0.9853341666666664,0.9333333333333333
f16,96.789925,0.9809275,0.9375,96.97339166666664,96.97339166666664,0.9853341666666664,0.9333333333333333
i8,86.7385625,0.91769375,0.75,86.983295,86.983295,0.9426185,0.7
