model,testScore,testavgFB,testG,default,trainScore,trainavgFB,trainG
original,96.808125,0.9811875000000001,0.9375,95.46432666666666,95.46432666666666,0.9852046666666666,0.8833333333333333
none,96.808125,0.9811875000000001,0.9375,95.46432666666666,95.46432666666666,0.9852046666666666,0.8833333333333333
f16,96.808125,0.9811875000000001,0.9375,95.46432666666666,95.46432666666666,0.9852046666666666,0.8833333333333333
i8,85.32464999999999,0.8974949999999999,0.75,85.41913833333332,85.41913833333332,0.8988448333333332,0.75
