model,testScore,testavgFB,testG,default,trainScore,trainavgFB,trainG
original,96.77666875,0.9807381249999999,0.9375,94.84194333333333,94.84194333333333,0.9834563333333334,0.8666666666666667
none,96.77666875,0.9807381249999999,0.9375,94.84194333333333,94.84194333333333,0.9834563333333334,0.8666666666666667
f16,96.77666875,0.9807381249999999,0.9375,94.84250333333334,94.84250333333334,0.9834643333333334,0.8666666666666667
i8,93.88929375,0.966275625,0.875,89.43276499999999,89.43276499999999,0.9490394999999999,0.7666666666666667
