model,testScore,testavgFB,testG,default,trainScore,trainavgFB,trainG
original,90.72449999999999,0.9478499999999999,0.8125,89.88226000000002,89.88226000000002,0.9483180000000002,0.7833333333333333
none,90.72449999999999,0.9478499999999999,0.8125,89.88226000000002,89.88226000000002,0.9483180000000002,0.7833333333333333
f16,90.72449999999999,0.9478499999999999,0.8125,89.88192166666667,89.88192166666667,0.9483131666666668,0.7833333333333333
i8,84.4150375,0.91128625,0.6875,84.61600166666665,84.61600166666665,0.9016571666666665,0.7166666666666667
