model,testScore,testavgFB,testG,default,trainScore,trainavgFB,trainG
original,96.80865,0.9811949999999999,0.9375,96.03067499999999,96.03067499999999,0.9861524999999999,0.9
none,96.80865,0.9811949999999999,0.9375,96.03067499999999,96.03067499999999,0.9861524999999999,0.9
f16,96.80865,0.9811949999999999,0.9375,96.02929833333333,96.02929833333333,0.9861328333333332,0.9
i8,89.7837,0.93441,0.8125,88.29132,88.29132,0.939876,0.75
