model,testScore,testavgFB,testG,default,trainScore,trainavgFB,trainG
original,96.77666875,0.9807381249999999,0.9375,94.63182833333333,94.63182833333333,0.9733118333333334,0.8833333333333333
none,96.77666875,0.9807381249999999,0.9375,94.63182833333333,94.63182833333333,0.9733118333333334,0.8833333333333333
f16,96.77666875,0.9807381249999999,0.9375,94.63081333333332,94.63081333333332,0.9732973333333332,0.8833333333333333
i8,91.19433124999999,0.9545618749999999,0.8125,86.73251000000002,86.73251000000002,0.9318930000000002,0.7166666666666667
