model,testScore,testavgFB,testG,default,trainScore,trainavgFB,trainG
original,96.74875625,0.9803393749999999,0.9375,96.56960666666666,96.56960666666666,0.9867086666666666,0.9166666666666666
none,96.74875625,0.9803393749999999,0.9375,96.56960666666666,96.56960666666666,0.9867086666666666,0.9166666666666666
f16,96.74875625,0.9803393749999999,0.9375,96.56960666666666,96.56960666666666,0.9867086666666666,0.9166666666666666
i8,77.62393125,0.8678418749999999,0.5625,81.61393833333332,81.61393833333332,0.8944848333333333,0.6333333333333333
