model,testScore,testavgFB,testG,default,trainScore,trainavgFB,trainG
original,96.6130875,0.97840125,0.9375,96.00286166666666,96.00286166666666,0.9857551666666666,0.9
none,96.6130875,0.97840125,0.9375,96.00286166666666,96.00286166666666,0.9857551666666666,0.9
f16,96.6130875,0.97840125,0.9375,96.00286166666666,96.00286166666666,0.9857551666666666,0.9
i8,86.2037625,0.91005375,0.75,86.531205,86.531205,0.9147314999999999,0.75
