model,testScore,testavgFB,testG,default,trainScore,trainavgFB,trainG
original,96.776275,0.9807325,0.9375,97.64759833333332,97.64759833333332,0.9878228333333331,0.95
none,96.776275,0.9807325,0.9375,97.64759833333332,97.64759833333332,0.9878228333333331,0.95
f16,96.776275,0.9807325,0.9375,97.64813499999998,97.64813499999998,0.9878304999999998,0.95
i8,87.318825,0.8991975000000001,0.8125,84.93333666666666,84.93333666666666,0.8990476666666666,0.7333333333333333
