model,testScore,testavgFB,testG,default,trainScore,trainavgFB,trainG
original,96.74674375,0.980310625,0.9375,95.95782833333332,95.95782833333332,0.9851118333333332,0.9
none,96.74674375,0.980310625,0.9375,95.95782833333332,95.95782833333332,0.9851118333333332,0.9
f16,96.74674375,0.980310625,0.9375,95.95782833333332,95.95782833333332,0.9851118333333332,0.9
i8,91.00179375,0.9250256250000001,0.875,89.106465,89.106465,0.9229495,0.8166666666666667
