model,testScore,testavgFB,testG,default,trainScore,trainavgFB,trainG
original,96.48975624999999,0.9766393749999999,0.9375,93.69609,93.69609,0.9670869999999999,0.8666666666666667
none,96.48975624999999,0.9766393749999999,0.9375,93.69609,93.69609,0.9670869999999999,0.8666666666666667
f16,96.48975624999999,0.9766393749999999,0.9375,93.71949333333333,93.71949333333333,0.9674213333333334,0.8666666666666667
i8,48.656974999999996,0.6147425,0.1875,70.382045,70.382045,0.7697435,0.55
