model,testScore,testavgFB,testG,default,trainScore,trainavgFB,trainG
original,96.76975625,0.980639375,0.9375,95.98834833333332,95.98834833333332,0.9855478333333332,0.9
none,96.76975625,0.980639375,0.9375,95.98834833333332,95.98834833333332,0.9855478333333332,0.9
f16,96.76975625,0.980639375,0.9375,95.98769499999999,95.98769499999999,0.9855384999999999,0.9
i8,76.95451875,0.831493125,0.625,82.25153,82.25153,0.867879,0.7166666666666667
