model,testScore,testavgFB,testG,default,trainScore,trainavgFB,trainG
original,96.789925,0.9809275,0.9375,94.72912666666666,94.72912666666666,0.9818446666666666,0.8666666666666667
none,96.789925,0.9809275,0.9375,94.72912666666666,94.72912666666666,0.9818446666666666,0.8666666666666667
f16,96.789925,0.9809275,0.9375,94.72912666666666,94.72912666666666,0.9818446666666666,0.8666666666666667
i8,88.77788125,0.9468268749999998,0.75,90.27931166666666,90.27931166666666,0.9539901666666666,0.7833333333333333
