model,testScore,testavgFB,testG,default,trainScore,trainavgFB,trainG
original,96.76245,0.9805349999999999,0.9375,96.63888333333333,96.63888333333333,0.9876983333333332,0.9166666666666666
none,96.76245,0.9805349999999999,0.9375,96.63888333333333,96.63888333333333,0.9876983333333332,0.9166666666666666
f16,96.76245,0.9805349999999999,0.9375,96.63597833333333,96.63597833333333,0.9876568333333332,0.9166666666666666
i8,89.43168750000001,0.92938125,0.8125,89.10603,89.10603,0.937229,0.7833333333333333
