model,testScore,testavgFB,testG,default,trainScore,trainavgFB,trainG
original,96.82610625,0.9814443749999999,0.9375,96.60468833333333,96.60468833333333,0.9872098333333332,0.9166666666666666
none,96.82610625,0.9814443749999999,0.9375,96.60468833333333,96.60468833333333,0.9872098333333332,0.9166666666666666
f16,96.82610625,0.9814443749999999,0.9375,96.60468833333333,96.60468833333333,0.9872098333333332,0.9166666666666666
i8,66.64471875000001,0.791353125,0.375,79.18710999999999,79.18710999999999,0.8526729999999998,0.65
