model,testScore,testavgFB,testG,default,trainScore,trainavgFB,trainG
original,96.8437375,0.98169625,0.9375,96.127275,96.127275,0.9875325,0.9
none,96.8437375,0.98169625,0.9375,96.127275,96.127275,0.9875325,0.9
f16,96.8437375,0.98169625,0.9375,96.127275,96.127275,0.9875325,0.9
i8,84.99293750000001,0.89275625,0.75,84.24398333333332,84.24398333333332,0.9106283333333333,0.6833333333333333
