model,testScore,testavgFB,testG,default,trainScore,trainavgFB,trainG
original,96.78559375,0.9808656250000001,0.9375,97.05861666666667,97.05861666666667,0.9865516666666666,0.9333333333333333
none,96.78559375,0.9808656250000001,0.9375,97.05861666666667,97.05861666666667,0.9865516666666666,0.9333333333333333
f16,96.78559375,0.9808656250000001,0.9375,97.05861666666667,97.05861666666667,0.9865516666666666,0.9333333333333333
i8,83.7227375,0.90139625,0.6875,85.34631333333331,85.34631333333331,0.9049473333333331,0.7333333333333333
