model,testScore,testavgFB,testG,default,trainScore,trainavgFB,trainG
original,96.80615625,0.981159375,0.9375,95.46870166666666,95.46870166666666,0.9852671666666666,0.8833333333333333
none,96.80615625,0.981159375,0.9375,95.46870166666666,95.46870166666666,0.9852671666666666,0.8833333333333333
f16,96.80615625,0.981159375,0.9375,95.97464,95.97464,0.985352,0.9
i8,90.80517499999999,0.9490024999999999,0.8125,90.21348833333333,90.21348833333333,0.9530498333333334,0.7833333333333333
