model,testScore,testavgFB,testG,default,trainScore,trainavgFB,trainG
original,96.79189375,0.980955625,0.9375,96.50453,96.50453,0.9857790000000001,0.9166666666666666
none,96.79189375,0.980955625,0.9375,96.50453,96.50453,0.9857790000000001,0.9166666666666666
f16,96.79189375,0.980955625,0.9375,96.50453,96.50453,0.9857790000000001,0.9166666666666666
i8,87.97809375,0.908615625,0.8125,87.70795333333334,87.70795333333334,0.9243993333333334,0.7666666666666667
