model,testScore,testavgFB,testG,default,trainScore,trainavgFB,trainG
original,96.786075,0.9808724999999999,0.9375,95.91553666666667,95.91553666666667,0.9845076666666667,0.9
none,96.786075,0.9808724999999999,0.9375,95.91553666666667,95.91553666666667,0.9845076666666667,0.9
f16,96.786075,0.9808724999999999,0.9375,95.91553666666667,95.91553666666667,0.9845076666666667,0.9
i8,93.73866249999999,0.9641237499999998,0.875,92.71669333333334,92.71669333333334,0.9673813333333334,0.8333333333333334
