model,testScore,testavgFB,testG,default,trainScore,trainavgFB,trainG
original,96.77176875,0.980668125,0.9375,96.60475833333334,96.60475833333334,0.9872108333333334,0.9166666666666666
none,96.77176875,0.980668125,0.9375,96.60475833333334,96.60475833333334,0.9872108333333334,0.9166666666666666
f16,96.77176875,0.980668125,0.9375,96.60475833333334,96.60475833333334,0.9872108333333334,0.9166666666666666
i8,87.67875,0.931125,0.75,86.90503833333334,86.90503833333334,0.9272148333333334,0.7333333333333333
