model,testScore,testavgFB,testG,default,trainScore,trainavgFB,trainG
original,96.786075,0.9808724999999999,0.9375,95.33817499999999,95.33817499999999,0.9834025,0.8833333333333333
none,96.786075,0.9808724999999999,0.9375,95.33817499999999,95.33817499999999,0.9834025,0.8833333333333333
f16,96.786075,0.9808724999999999,0.9375,95.33815166666666,95.33815166666666,0.9834021666666666,0.8833333333333333
i8,92.9137125,0.95233875,0.875,91.14806166666668,91.14806166666668,0.9521151666666667,0.8166666666666667
