model,testScore,testavgFB,testG,default,trainScore,trainavgFB,trainG
original,96.80865,0.9811949999999999,0.9375,95.64277000000001,95.64277000000001,0.9806110000000001,0.9
none,96.80865,0.9811949999999999,0.9375,95.64277000000001,95.64277000000001,0.9806110000000001,0.9
f16,96.80865,0.9811949999999999,0.9375,95.68341666666667,95.68341666666667,0.9811916666666668,0.9
i8,69.51761249999998,0.8056087499999999,0.4375,79.54005000000001,79.54005000000001,0.857715,0.65
