model,testScore,testavgFB,testG,default,trainScore,trainavgFB,trainG
original,96.8580875,0.98190125,0.9375,96.673475,96.673475,0.9881924999999999,0.9166666666666666
none,96.8580875,0.98190125,0.9375,96.673475,96.673475,0.9881924999999999,0.9166666666666666
f16,96.8580875,0.98190125,0.9375,96.673475,96.673475,0.9881924999999999,0.9166666666666666
i8,75.25653125,0.834021875,0.5625,73.99336666666667,73.99336666666667,0.8284766666666668,0.5333333333333333
