model,testScore,testavgFB,testG,default,trainScore,trainavgFB,trainG
original,96.776275,0.9807325,0.9375,96.53635666666666,96.53635666666666,0.9862336666666666,0.9166666666666666
none,96.776275,0.9807325,0.9375,96.53635666666666,96.53635666666666,0.9862336666666666,0.9166666666666666
f16,96.776275,0.9807325,0.9375,96.52999833333332,96.52999833333332,0.9861428333333332,0.9166666666666666
i8,82.29696875,0.881028125,0.6875,85.29220333333333,85.29220333333333,0.9041743333333333,0.7333333333333333
