model,testScore,testavgFB,testG,default,trainScore,trainavgFB,trainG
original,96.774875,0.9807125,0.9375,95.49057666666667,95.49057666666667,0.9855796666666666,0.8833333333333333
none,96.774875,0.9807125,0.9375,95.49057666666667,95.49057666666667,0.9855796666666666,0.8833333333333333
f16,96.7658625,0.98058375,0.9375,95.49057666666667,95.49057666666667,0.9855796666666666,0.8833333333333333
i8,85.03655,0.920165,0.6875,84.17910666666668,84.17910666666668,0.9025586666666668,0.7
