model,testScore,testavgFB,testG,default,trainScore,trainavgFB,trainG
original,96.667075,0.9791724999999999,0.9375,96.28783333333334,96.28783333333334,0.9826833333333335,0.9166666666666666
none,96.667075,0.9791724999999999,0.9375,96.28783333333334,96.28783333333334,0.9826833333333335,0.9166666666666666
f16,96.667075,0.9791724999999999,0.9375,96.28691166666667,96.28691166666667,0.9826701666666667,0.9166666666666666
i8,90.38758125,0.943036875,0.8125,89.11664333333334,89.11664333333334,0.9516663333333335,0.75
