model,testScore,testavgFB,testG,default,trainScore,trainavgFB,trainG
original,96.80361875,0.981123125,0.9375,96.09548333333333,96.09548333333333,0.9870783333333333,0.9
none,96.80361875,0.981123125,0.9375,96.09548333333333,96.09548333333333,0.9870783333333333,0.9
f16,96.80361875,0.981123125,0.9375,96.09548333333333,96.09548333333333,0.9870783333333333,0.9
i8,83.69600625000001,0.9010143750000001,0.6875,83.55797166666667,83.55797166666667,0.9008281666666667,0.6833333333333333
