model,testScore,testavgFB,testG,default,trainScore,trainavgFB,trainG
original,96.8012125,0.9810887500000001,0.9375,97.17287999999999,97.17287999999999,0.988184,0.9333333333333333
none,96.8012125,0.9810887500000001,0.9375,97.17287999999999,97.17287999999999,0.988184,0.9333333333333333
f16,96.8012125,0.9810887500000001,0.9375,97.17287999999999,97.17287999999999,0.988184,0.9333333333333333
i8,81.77770000000001,0.8736100000000002,0.6875,83.32298166666666,83.32298166666666,0.8974711666666665,0.6833333333333333
