model,testScore,testavgFB,testG,default,trainScore,trainavgFB,trainG
original,96.79880625,0.981054375,0.9375,96.59274166666667,96.59274166666667,0.9870391666666667,0.9166666666666666
none,96.79880625,0.981054375,0.9375,96.59274166666667,96.59274166666667,0.9870391666666667,0.9166666666666666
f16,96.79880625,0.981054375,0.9375,96.59274166666667,96.59274166666667,0.9870391666666667,0.9166666666666666
i8,88.03155625000001,0.9093793750000001,0.8125,85.829885,85.829885,0.9118555,0.7333333333333333
