model,testScore,testavgFB,testG,default,trainScore,trainavgFB,trainG
original,96.874625,0.9821374999999999,0.9375,96.10275166666666,96.10275166666666,0.9871821666666667,0.9
none,96.874625,0.9821374999999999,0.9375,96.10275166666666,96.10275166666666,0.9871821666666667,0.9
f16,96.874625,0.9821374999999999,0.9375,96.10275166666666,96.10275166666666,0.9871821666666667,0.9
i8,91.37375625,0.930339375,0.875,91.25469666666667,91.25469666666667,0.9464956666666667,0.8333333333333334
