model,testScore,testavgFB,testG,default,trainScore,trainavgFB,trainG
original,94.15765625,0.970109375,0.875,94.75576333333332,94.75576333333332,0.9750823333333332,0.8833333333333333
none,94.15765625,0.970109375,0.875,94.75576333333332,94.75576333333332,0.9750823333333332,0.8833333333333333
f16,94.15765625,0.970109375,0.875,94.75576333333332,94.75576333333332,0.9750823333333332,0.8833333333333333
i8,70.40656874999999,0.8183081249999999,0.4375,81.05271666666667,81.05271666666667,0.8721816666666666,0.6666666666666666
