model,testScore,testavgFB,testG,default,trainScore,trainavgFB,trainG
original,96.82628125000001,0.981446875,0.9375,97.11478,97.11478,0.987354,0.9333333333333333
none,96.82628125000001,0.981446875,0.9375,97.11478,97.11478,0.987354,0.9333333333333333
f16,96.82628125000001,0.981446875,0.9375,97.11478,97.11478,0.987354,0.9333333333333333
i8,79.7655,0.8716499999999999,0.625,82.77620333333334,82.77620333333334,0.8753743333333334,0.7166666666666667
