model,testScore,testavgFB,testG,default,trainScore,trainavgFB,trainG
original,96.69826875,0.9796181249999999,0.9375,95.93314166666667,95.93314166666667,0.9847591666666666,0.9
none,96.69826875,0.9796181249999999,0.9375,95.93314166666667,95.93314166666667,0.9847591666666666,0.9
f16,96.69826875,0.9796181249999999,0.9375,95.93314166666667,95.93314166666667,0.9847591666666666,0.9
i8,80.06763124999999,0.9027518749999999,0.5625,83.79741499999999,83.79741499999999,0.9185344999999998,0.65
