model,testScore,testavgFB,testG,default,trainScore,trainavgFB,trainG
original,96.78559375,0.9808656250000001,0.9375,95.356085,95.356085,0.9765155,0.9
none,96.78559375,0.9808656250000001,0.9375,95.356085,95.356085,0.9765155,0.9
f16,96.78559375,0.9808656250000001,0.9375,95.356085,95.356085,0.9765155,0.9
i8,64.127475,0.7553925000000001,0.375,78.50850833333332,78.50850833333332,0.8358358333333332,0.6666666666666666
