model,testScore,testavgFB,testG,default,trainScore,trainavgFB,trainG
original,96.79924374999999,0.9810606249999999,0.9375,96.43814666666668,96.43814666666668,0.9848306666666669,0.9166666666666666
none,96.79924374999999,0.9810606249999999,0.9375,96.43814666666668,96.43814666666668,0.9848306666666669,0.9166666666666666
f16,96.79924374999999,0.9810606249999999,0.9375,96.43814666666668,96.43814666666668,0.9848306666666669,0.9166666666666666
i8,91.57784375,0.9600406250000001,0.8125,90.95107833333334,90.95107833333334,0.9635868333333334,0.7833333333333333
