model,testScore,testavgFB,testG,default,trainScore,trainavgFB,trainG
original,96.75803124999999,0.9804718749999999,0.9375,96.44363000000001,96.44363000000001,0.9849090000000001,0.9166666666666666
none,96.75803124999999,0.9804718749999999,0.9375,96.44363000000001,96.44363000000001,0.9849090000000001,0.9166666666666666
f16,96.75803124999999,0.9804718749999999,0.9375,96.44363000000001,96.44363000000001,0.9849090000000001,0.9166666666666666
i8,96.3413125,0.97451875,0.9375,92.39899666666666,92.39899666666666,0.9699856666666666,0.8166666666666667
