model,testScore,testavgFB,testG,default,trainScore,trainavgFB,trainG
original,96.7999,0.98107,0.9375,96.52177333333334,96.52177333333334,0.9860253333333334,0.9166666666666666
none,96.7999,0.98107,0.9375,96.52177333333334,96.52177333333334,0.9860253333333334,0.9166666666666666
f16,96.7999,0.98107,0.9375,96.522345,96.522345,0.9860335,0.9166666666666666
i8,91.17613750000001,0.92751625,0.875,86.34271833333334,86.34271833333334,0.9120388333333334,0.75
