model,testScore,testavgFB,testG,default,trainScore,trainavgFB,trainG
original,96.821775,0.9813824999999999,0.9375,95.33332166666666,95.33332166666666,0.9833331666666667,0.8833333333333333
none,96.821775,0.9813824999999999,0.9375,95.33332166666666,95.33332166666666,0.9833331666666667,0.8833333333333333
f16,96.821775,0.9813824999999999,0.9375,95.33332166666666,95.33332166666666,0.9833331666666667,0.8833333333333333
i8,93.154775,0.9557825,0.875,91.35530666666666,91.35530666666666,0.9622186666666667,0.8
