model,testScore,testavgFB,testG,default,trainScore,trainavgFB,trainG
original,96.79924374999999,0.9810606249999999,0.9375,95.98096333333332,95.98096333333332,0.9854423333333332,0.9
none,96.79924374999999,0.9810606249999999,0.9375,95.98096333333332,95.98096333333332,0.9854423333333332,0.9
f16,96.79924374999999,0.9810606249999999,0.9375,95.98096333333332,95.98096333333332,0.9854423333333332,0.9
i8,92.19397500000001,0.9688425,0.8125,92.08664333333333,92.08664333333333,0.9726663333333332,0.8
