model,testScore,testavgFB,testG,default,trainScore,trainavgFB,trainG
original,96.8027875,0.98111125,0.9375,96.65553166666666,96.65553166666666,0.9879361666666665,0.9166666666666666
none,96.8027875,0.98111125,0.9375,96.65553166666666,96.65553166666666,0.9879361666666665,0.9166666666666666
f16,96.8027875,0.98111125,0.9375,96.65287166666666,96.65287166666666,0.9878981666666665,0.9166666666666666
i8,79.76055625000001,0.871579375,0.625,84.60170166666666,84.60170166666666,0.8871671666666665,0.75
