model,testScore,testavgFB,testG,default,trainScore,trainavgFB,trainG
original,96.59943750000001,0.97820625,0.9375,96.07648999999999,96.07648999999999,0.986807,0.9
none,96.59943750000001,0.97820625,0.9375,96.07648999999999,96.07648999999999,0.986807,0.9
f16,96.59943750000001,0.97820625,0.9375,96.07648999999999,96.07648999999999,0.986807,0.9
i8,85.81814375,0.931330625,0.6875,86.00567666666664,86.00567666666664,0.9215096666666664,0.7166666666666667
