model,testScore,testavgFB,testG,default,trainScore,trainavgFB,trainG
original,96.74070624999999,0.9802243749999999,0.9375,94.25820000000002,94.25820000000002,0.9822600000000001,0.85
none,96.74070624999999,0.9802243749999999,0.9375,94.25820000000002,94.25820000000002,0.9822600000000001,0.85
f16,96.74070624999999,0.9802243749999999,0.9375,94.25820000000002,94.25820000000002,0.9822600000000001,0.85
i8,92.85132499999999,0.9514474999999999,0.875,91.28069833333335,91.28069833333335,0.9611528333333335,0.8
