model,testScore,testavgFB,testG,default,trainScore,trainavgFB,trainG
original,96.80361875,0.981123125,0.9375,96.58035166666666,96.58035166666666,0.9868621666666666,0.9166666666666666
none,96.80361875,0.981123125,0.9375,96.58035166666666,96.58035166666666,0.9868621666666666,0.9166666666666666
f16,96.80361875,0.981123125,0.9375,96.57826333333333,96.57826333333333,0.9868323333333333,0.9166666666666666
i8,66.6711875,0.79173125,0.375,69.84267333333335,69.84267333333335,0.8048953333333336,0.45
