model,testScore,testavgFB,testG,default,trainScore,trainavgFB,trainG
original,96.80865,0.9811949999999999,0.9375,94.784135,94.784135,0.9826305000000002,0.8666666666666667
none,96.80865,0.9811949999999999,0.9375,94.784135,94.784135,0.9826305000000002,0.8666666666666667
f16,96.80865,0.9811949999999999,0.9375,94.784135,94.784135,0.9826305000000002,0.8666666666666667
i8,93.62504375,0.962500625,0.875,91.91809833333333,91.91809833333333,0.9559728333333333,0.8333333333333334
