model,testScore,testavgFB,testG,default,trainScore,trainavgFB,trainG
original,96.78498125,0.980856875,0.9375,96.54155999999999,96.54155999999999,0.9863079999999999,0.9166666666666666
none,96.78498125,0.980856875,0.9375,96.54155999999999,96.54155999999999,0.9863079999999999,0.9166666666666666
f16,96.78498125,0.980856875,0.9375,96.54155999999999,96.54155999999999,0.9863079999999999,0.9166666666666666
i8,85.92608125000001,0.9060868750000002,0.75,85.08207166666668,85.08207166666668,0.9154581666666668,0.7
