model,testScore,testavgFB,testG,default,trainScore,trainavgFB,trainG
original,96.80865,0.9811949999999999,0.9375,96.51403833333333,96.51403833333333,0.9859148333333333,0.9166666666666666
none,96.80865,0.9811949999999999,0.9375,96.51403833333333,96.51403833333333,0.9859148333333333,0.9166666666666666
f16,96.80865,0.9811949999999999,0.9375,96.51259166666665,96.51259166666665,0.9858941666666665,0.9166666666666666
i8,88.4707125,0.94243875,0.75,89.23492166666666,89.23492166666666,0.9462131666666665,0.7666666666666667
