model,testScore,testavgFB,testG,default,trainScore,trainavgFB,trainG
original,96.81245625,0.981249375,0.9375,96.49289833333333,96.49289833333333,0.9856128333333333,0.9166666666666666
none,96.81245625,0.981249375,0.9375,96.49289833333333,96.49289833333333,0.9856128333333333,0.9166666666666666
f16,96.81245625,0.981249375,0.9375,96.49305,96.49305,0.9856149999999999,0.9166666666666666
i8,78.6174625,0.82846375,0.6875,81.54764333333334,81.54764333333334,0.8649663333333334,0.7
