model,testScore,testavgFB,testG,default,trainScore,trainavgFB,trainG
original,96.79924374999999,0.9810606249999999,0.9375,96.00963999999999,96.00963999999999,0.9858519999999998,0.9
none,96.79924374999999,0.9810606249999999,0.9375,96.00963999999999,96.00963999999999,0.9858519999999998,0.9
f16,96.79924374999999,0.9810606249999999,0.9375,96.01351333333332,96.01351333333332,0.9859073333333332,0.9
i8,84.77934375000001,0.9164906250000001,0.6875,85.65532666666665,85.65532666666665,0.9165046666666665,0.7166666666666667
