model,testScore,testavgFB,testG,default,trainScore,trainavgFB,trainG
original,96.80865,0.9811949999999999,0.9375,94.79475166666667,94.79475166666667,0.9827821666666667,0.8666666666666667
none,96.80865,0.9811949999999999,0.9375,94.79475166666667,94.79475166666667,0.9827821666666667,0.8666666666666667
f16,96.80865,0.9811949999999999,0.9375,94.79752833333333,94.79752833333333,0.9828218333333333,0.8666666666666667
i8,84.317125,0.9098875,0.6875,86.80110166666667,86.80110166666667,0.9185871666666667,0.75
