model,testScore,testavgFB,testG,default,trainScore,trainavgFB,trainG
original,96.77666875,0.9807381249999999,0.9375,96.06381999999998,96.06381999999998,0.9866259999999998,0.9
none,96.77666875,0.9807381249999999,0.9375,96.06381999999998,96.06381999999998,0.9866259999999998,0.9
f16,96.77666875,0.9807381249999999,0.9375,96.06607166666664,96.06607166666664,0.9866581666666664,0.9
i8,93.07528124999999,0.9546468749999999,0.875,91.57795499999999,91.57795499999999,0.9582564999999998,0.8166666666666667
