model,testScore,testavgFB,testG,default,trainScore,trainavgFB,trainG
original,96.80865,0.9811949999999999,0.9375,94.86965166666667,94.86965166666667,0.9838521666666667,0.8666666666666667
none,96.80865,0.9811949999999999,0.9375,94.86965166666667,94.86965166666667,0.9838521666666667,0.8666666666666667
f16,96.80865,0.9811949999999999,0.9375,94.86965166666667,94.86965166666667,0.9838521666666667,0.8666666666666667
i8,90.9201125,0.92385875,0.875,87.71308666666667,87.71308666666667,0.9244726666666667,0.7666666666666667
