model,testScore,testavgFB,testG,default,trainScore,trainavgFB,trainG
original,96.7889625,0.9809137499999999,0.9375,96.50178833333334,96.50178833333334,0.9857398333333334,0.9166666666666666
none,96.7889625,0.9809137499999999,0.9375,96.50178833333334,96.50178833333334,0.9857398333333334,0.9166666666666666
f16,96.7889625,0.9809137499999999,0.9375,96.50075000000001,96.50075000000001,0.9857250000000001,0.9166666666666666
i8,79.0901375,0.8352162499999999,0.6875,81.92811833333333,81.92811833333333,0.8632588333333333,0.7166666666666667
