model,testScore,testavgFB,testG,default,trainScore,trainavgFB,trainG
original,96.786075,0.9808724999999999,0.9375,94.3669,94.3669,0.97667,0.8666666666666667
none,96.786075,0.9808724999999999,0.9375,94.3669,94.3669,0.97667,0.8666666666666667
f16,96.786075,0.9808724999999999,0.9375,94.3669,94.3669,0.97667,0.8666666666666667
i8,94.04622499999999,0.9685174999999999,0.875,92.05585500000001,92.05585500000001,0.9722265000000001,0.8
