model,testScore,testavgFB,testG,default,trainScore,trainavgFB,trainG
original,96.80375000000001,0.981125,0.9375,97.034105,97.034105,0.9862015,0.9333333333333333
none,96.80375000000001,0.981125,0.9375,97.034105,97.034105,0.9862015,0.9333333333333333
f16,96.80375000000001,0.981125,0.9375,97.034105,97.034105,0.9862015,0.9333333333333333
i8,90.324975,0.9421424999999999,0.8125,88.75405833333332,88.75405833333332,0.9322008333333331,0.7833333333333333
