model,testScore,testavgFB,testG,default,trainScore,trainavgFB,trainG
original,96.80865,0.9811949999999999,0.9375,94.77367,94.77367,0.9824809999999999,0.8666666666666667
none,96.80865,0.9811949999999999,0.9375,94.77367,94.77367,0.9824809999999999,0.8666666666666667
f16,96.80865,0.9811949999999999,0.9375,94.77367,94.77367,0.9824809999999999,0.8666666666666667
i8,90.679175,0.9472025,0.8125,90.22411833333334,90.22411833333334,0.9460588333333333,0.8
