model,testScore,testavgFB,testG,default,trainScore,trainavgFB,trainG
original,96.81306875,0.981258125,0.9375,95.96524833333334,95.96524833333334,0.9852178333333333,0.9
none,96.81306875,0.981258125,0.9375,95.96524833333334,95.96524833333334,0.9852178333333333,0.9
f16,96.81306875,0.981258125,0.9375,95.96936666666667,95.96936666666667,0.9852766666666668,0.9
i8,92.69815625,0.949259375,0.875,89.88426833333334,89.88426833333334,0.9412038333333334,0.8
