model,testScore,testavgFB,testG,default,trainScore,trainavgFB,trainG
original,96.789925,0.9809275,0.9375,96.36804166666667,96.36804166666667,0.9838291666666666,0.9166666666666666
none,96.789925,0.9809275,0.9375,96.36804166666667,96.36804166666667,0.9838291666666666,0.9166666666666666
f16,96.789925,0.9809275,0.9375,96.37014166666667,96.37014166666667,0.9838591666666667,0.9166666666666666
i8,73.71683124999998,0.8388118749999999,0.5,81.31623333333334,81.31623333333334,0.8688033333333335,0.6833333333333333
