model,testScore,testavgFB,testG,default,trainScore,trainavgFB,trainG
original,96.776275,0.9807325,0.9375,96.56869666666665,96.56869666666665,0.9866956666666665,0.9166666666666666
none,96.776275,0.9807325,0.9375,96.56869666666665,96.56869666666665,0.9866956666666665,0.9166666666666666
f16,96.776275,0.9807325,0.9375,96.57315333333334,96.57315333333334,0.9867593333333333,0.9166666666666666
i8,86.40706875,0.912958125,0.75,88.86086833333333,88.86086833333333,0.9265838333333333,0.8
