model,testScore,testavgFB,testG,default,trainScore,trainavgFB,trainG
original,96.786075,0.9808724999999999,0.9375,94.79329333333332,94.79329333333332,0.9827613333333332,0.8666666666666667
none,96.786075,0.9808724999999999,0.9375,94.79329333333332,94.79329333333332,0.9827613333333332,0.8666666666666667
f16,96.786075,0.9808724999999999,0.9375,94.79329333333332,94.79329333333332,0.9827613333333332,0.8666666666666667
i8,93.69255,0.9634649999999999,0.875,91.05510000000001,91.05510000000001,0.9579300000000001,0.8
