model,testScore,testavgFB,testG,default,trainScore,trainavgFB,trainG
original,96.79924374999999,0.9810606249999999,0.9375,96.44330333333333,96.44330333333333,0.9849043333333333,0.9166666666666666
none,96.79924374999999,0.9810606249999999,0.9375,96.44330333333333,96.44330333333333,0.9849043333333333,0.9166666666666666
f16,96.79924374999999,0.9810606249999999,0.9375,96.44918333333332,96.44918333333332,0.9849883333333332,0.9166666666666666
i8,93.90119375,0.966445625,0.875,91.74730666666666,91.74730666666666,0.9678186666666665,0.8
