model,testScore,testavgFB,testG,default,trainScore,trainavgFB,trainG
original,96.64944375,0.978920625,0.9375,96.06442666666666,96.06442666666666,0.9866346666666667,0.9
none,96.64944375,0.978920625,0.9375,96.06442666666666,96.06442666666666,0.9866346666666667,0.9
f16,96.64944375,0.978920625,0.9375,96.06932666666667,96.06932666666667,0.9867046666666667,0.9
i8,76.870425,0.8570774999999999,0.5625,82.75193666666667,82.75193666666667,0.8750276666666665,0.7166666666666667
