model,testScore,testavgFB,testG,default,trainScore,trainavgFB,trainG
original,96.80865,0.9811949999999999,0.9375,96.51268499999999,96.51268499999999,0.9858954999999999,0.9166666666666666
none,96.80865,0.9811949999999999,0.9375,96.51268499999999,96.51268499999999,0.9858954999999999,0.9166666666666666
f16,96.80865,0.9811949999999999,0.9375,96.50684,96.50684,0.9858119999999999,0.9166666666666666
i8,75.45821874999999,0.8369031249999999,0.5625,80.16330833333333,80.16330833333333,0.8594758333333334,0.6666666666666666
