model,testScore,testavgFB,testG,default,trainScore,trainavgFB,trainG
original,96.8012125,0.9810887500000001,0.9375,96.64751666666668,96.64751666666668,0.9878216666666667,0.9166666666666666
none,96.8012125,0.9810887500000001,0.9375,96.64751666666668,96.64751666666668,0.9878216666666667,0.9166666666666666
f16,96.8012125,0.9810887500000001,0.9375,96.64751666666668,96.64751666666668,0.9878216666666667,0.9166666666666666
i8,87.1097375,0.92299625,0.75,87.01331499999999,87.01331499999999,0.9359044999999999,0.7166666666666667
