model,testScore,testavgFB,testG,default,trainScore,trainavgFB,trainG
original,96.703825,0.9796975,0.9375,95.45394499999999,95.45394499999999,0.9779134999999999,0.9
none,96.703825,0.9796975,0.9375,95.45394499999999,95.45394499999999,0.9779134999999999,0.9
f16,96.703825,0.9796975,0.9375,95.45394499999999,95.45394499999999,0.9779134999999999,0.9
i8,88.57536875,0.917148125,0.8125,87.23662166666668,87.23662166666668,0.9105231666666668,0.7833333333333333
