model,testScore,testavgFB,testG,default,trainScore,trainavgFB,trainG
original,96.703475,0.9796925,0.9375,92.74428333333333,92.74428333333333,0.9749183333333333,0.8166666666666667
none,96.703475,0.9796925,0.9375,92.74428333333333,92.74428333333333,0.9749183333333333,0.8166666666666667
f16,96.759125,0.9804875,0.9375,92.78785833333333,92.78785833333333,0.9755408333333334,0.8166666666666667
i8,85.69048749999999,0.9027212499999999,0.75,87.95799333333333,87.95799333333333,0.9279713333333334,0.7666666666666667
