model,testScore,testavgFB,testG,default,trainScore,trainavgFB,trainG
original,96.786075,0.9808724999999999,0.9375,94.76653000000002,94.76653000000002,0.9823790000000002,0.8666666666666667
none,96.786075,0.9808724999999999,0.9375,94.76653000000002,94.76653000000002,0.9823790000000002,0.8666666666666667
f16,96.786075,0.9808724999999999,0.9375,94.76710166666669,94.76710166666669,0.9823871666666669,0.8666666666666667
i8,85.60023125,0.9014318749999999,0.75,86.42428000000001,86.42428000000001,0.913204,0.75
