model,testScore,testavgFB,testG,default,trainScore,trainavgFB,trainG
original,96.73904375000001,0.980200625,0.9375,96.04991333333332,96.04991333333332,0.9864273333333331,0.9
none,96.73904375000001,0.980200625,0.9375,96.04991333333332,96.04991333333332,0.9864273333333331,0.9
f16,96.73904375000001,0.980200625,0.9375,96.05054333333332,96.05054333333332,0.9864363333333331,0.9
i8,75.3284125,0.83504875,0.5625,81.93449666666667,81.93449666666667,0.8776356666666668,0.6833333333333333
