model,testScore,testavgFB,testG,default,trainScore,trainavgFB,trainG
original,96.776275,0.9807325,0.9375,97.07600000000001,97.07600000000001,0.9868,0.9333333333333333
none,96.776275,0.9807325,0.9375,97.07600000000001,97.07600000000001,0.9868,0.9333333333333333
f16,96.776275,0.9807325,0.9375,97.07734166666665,97.07734166666665,0.9868191666666666,0.9333333333333333
i8,82.10595624999999,0.878299375,0.6875,78.984925,78.984925,0.8569275,0.6333333333333333
