model,testScore,testavgFB,testG,default,trainScore,trainavgFB,trainG
original,96.78498125,0.980856875,0.9375,96.51970833333333,96.51970833333333,0.9859958333333333,0.9166666666666666
none,96.78498125,0.980856875,0.9375,96.51970833333333,96.51970833333333,0.9859958333333333,0.9166666666666666
f16,96.78498125,0.980856875,0.9375,96.51970833333333,96.51970833333333,0.9859958333333333,0.9166666666666666
i8,93.74119999999999,0.9641599999999999,0.875,91.97245333333333,91.97245333333333,0.9567493333333333,0.8333333333333334
