model,testScore,testavgFB,testG,default,trainScore,trainavgFB,trainG
original,96.80865,0.9811949999999999,0.9375,96.01939333333333,96.01939333333333,0.9859913333333333,0.9
none,96.80865,0.9811949999999999,0.9375,96.01939333333333,96.01939333333333,0.9859913333333333,0.9
f16,96.80865,0.9811949999999999,0.9375,96.01939333333333,96.01939333333333,0.9859913333333333,0.9
i8,84.17165625000001,0.907809375,0.6875,86.87752833333334,86.87752833333334,0.9268218333333335,0.7333333333333333
