model,testScore,testavgFB,testG,default,trainScore,trainavgFB,trainG
original,96.80865,0.9811949999999999,0.9375,94.73017666666667,94.73017666666667,0.9818596666666667,0.8666666666666667
none,96.80865,0.9811949999999999,0.9375,94.73017666666667,94.73017666666667,0.9818596666666667,0.8666666666666667
f16,96.80865,0.9811949999999999,0.9375,94.72927833333334,94.72927833333334,0.9818468333333334,0.8666666666666667
i8,72.15013125,0.870001875,0.375,76.979515,76.979515,0.8925645000000001,0.48333333333333334
