model,testScore,testavgFB,testG,default,trainScore,trainavgFB,trainG
original,96.72233125,0.979961875,0.9375,96.49813666666667,96.49813666666667,0.9856876666666667,0.9166666666666666
none,96.72233125,0.979961875,0.9375,96.49813666666667,96.49813666666667,0.9856876666666667,0.9166666666666666
f16,96.72233125,0.979961875,0.9375,96.49813666666667,96.49813666666667,0.9856876666666667,0.9166666666666666
i8,93.48718749999999,0.96053125,0.875,92.24032166666666,92.24032166666666,0.9534331666666666,0.85
