model,testScore,testavgFB,testG,default,trainScore,trainavgFB,trainG
original,96.82755,0.981465,0.9375,96.52800333333333,96.52800333333333,0.9861143333333333,0.9166666666666666
none,96.82755,0.981465,0.9375,96.52800333333333,96.52800333333333,0.9861143333333333,0.9166666666666666
f16,96.82755,0.981465,0.9375,96.525705,96.525705,0.9860814999999999,0.9166666666666666
i8,88.35784375,0.9140406249999999,0.8125,87.71936333333333,87.71936333333333,0.9245623333333334,0.7666666666666667
