model,testScore,testavgFB,testG,default,trainScore,trainavgFB,trainG
original,96.7889625,0.9809137499999999,0.9375,97.15102833333331,97.15102833333331,0.9878718333333331,0.9333333333333333
none,96.7889625,0.9809137499999999,0.9375,97.15102833333331,97.15102833333331,0.9878718333333331,0.9333333333333333
f16,96.7889625,0.9809137499999999,0.9375,97.14861333333332,97.14861333333332,0.9878373333333331,0.9333333333333333
i8,69.99995,0.839285,0.375,77.08558500000001,77.08558500000001,0.8583655000000001,0.5666666666666667
