model,testScore,testavgFB,testG,default,trainScore,trainavgFB,trainG
original,96.79924374999999,0.9810606249999999,0.9375,94.22561499999999,94.22561499999999,0.9817944999999999,0.85
none,96.79924374999999,0.9810606249999999,0.9375,94.22561499999999,94.22561499999999,0.9817944999999999,0.85
f16,96.79924374999999,0.9810606249999999,0.9375,94.20712333333333,94.20712333333333,0.9815303333333333,0.85
i8,87.82881875,0.906483125,0.8125,87.28172333333335,87.28172333333335,0.9183103333333335,0.7666666666666667
