model,testScore,testavgFB,testG,default,trainScore,trainavgFB,trainG
original,96.79924374999999,0.9810606249999999,0.9375,95.34929333333334,95.34929333333334,0.9835613333333334,0.8833333333333333
none,96.79924374999999,0.9810606249999999,0.9375,95.34929333333334,95.34929333333334,0.9835613333333334,0.8833333333333333
f16,96.79924374999999,0.9810606249999999,0.9375,95.35311999999999,95.35311999999999,0.9836159999999999,0.8833333333333333
i8,70.93191250000001,0.8525987500000001,0.375,81.101575,81.101575,0.8800225,0.65
