model,testScore,testavgFB,testG,default,trainScore,trainavgFB,trainG
original,96.808125,0.9811875000000001,0.9375,96.56986333333333,96.56986333333333,0.9867123333333332,0.9166666666666666
none,96.808125,0.9811875000000001,0.9375,96.56986333333333,96.56986333333333,0.9867123333333332,0.9166666666666666
f16,96.808125,0.9811875000000001,0.9375,96.56986333333333,96.56986333333333,0.9867123333333332,0.9166666666666666
i8,88.32436874999999,0.9403481249999999,0.75,89.96568833333333,89.96568833333333,0.9495098333333334,0.7833333333333333
