model,testScore,testavgFB,testG,default,trainScore,trainavgFB,trainG
original,96.77176875,0.980668125,0.9375,95.95037333333333,95.95037333333333,0.9850053333333334,0.9
none,96.77176875,0.980668125,0.9375,95.95037333333333,95.95037333333333,0.9850053333333334,0.9
f16,96.77176875,0.980668125,0.9375,95.948845,95.948845,0.9849835000000001,0.9
i8,90.6285125,0.9464787499999999,0.8125,88.98874,88.98874,0.956982,0.7333333333333333
