model,testScore,testavgFB,testG,default,trainScore,trainavgFB,trainG
original,96.79924374999999,0.9810606249999999,0.9375,96.54674,96.54674,0.986382,0.9166666666666666
none,96.79924374999999,0.9810606249999999,0.9375,96.54674,96.54674,0.986382,0.9166666666666666
f16,96.79924374999999,0.9810606249999999,0.9375,96.54766166666666,96.54766166666666,0.9863951666666666,0.9166666666666666
i8,87.61155000000001,0.930165,0.75,88.80934500000001,88.80934500000001,0.9401335000000002,0.7666666666666667
