model,testScore,testavgFB,testG,default,trainScore,trainavgFB,trainG
original,96.7810875,0.98080125,0.9375,95.86062166666667,95.86062166666667,0.9837231666666667,0.9
none,96.7810875,0.98080125,0.9375,95.86062166666667,95.86062166666667,0.9837231666666667,0.9
f16,96.7810875,0.98080125,0.9375,95.86318833333334,95.86318833333334,0.9837598333333334,0.9
i8,88.6776125,0.91860875,0.8125,87.93519500000001,87.93519500000001,0.9347885,0.75
