model,testScore,testavgFB,testG,default,trainScore,trainavgFB,trainG
original,96.79924374999999,0.9810606249999999,0.9375,96.06128833333334,96.06128833333334,0.9865898333333334,0.9
none,96.79924374999999,0.9810606249999999,0.9375,96.06128833333334,96.06128833333334,0.9865898333333334,0.9
f16,96.79924374999999,0.9810606249999999,0.9375,96.07310666666667,96.07310666666667,0.9867586666666668,0.9
i8,88.12754375,0.9107506249999999,0.8125,87.0846,87.0846,0.9297799999999998,0.7333333333333333
