model,testScore,testavgFB,testG,default,trainScore,trainavgFB,trainG
original,96.8155625,0.98129375,0.9375,96.15032833333333,96.15032833333333,0.9878618333333333,0.9
none,96.8155625,0.98129375,0.9375,96.15032833333333,96.15032833333333,0.9878618333333333,0.9
f16,96.8155625,0.98129375,0.9375,96.15193833333333,96.15193833333333,0.9878848333333333,0.9
i8,85.130925,0.8947275000000001,0.75,86.35999666666666,86.35999666666666,0.9122856666666667,0.75
