model,testScore,testavgFB,testG,default,trainScore,trainavgFB,trainG
original,96.73991875,0.980213125,0.9375,96.61271500000001,96.61271500000001,0.9873245,0.9166666666666666
none,96.73991875,0.980213125,0.9375,96.61271500000001,96.61271500000001,0.9873245,0.9166666666666666
f16,96.73991875,0.980213125,0.9375,96.61107000000001,96.61107000000001,0.9873010000000001,0.9166666666666666
i8,78.46069374999999,0.879795625,0.5625,82.82908499999999,82.82908499999999,0.8904154999999999,0.6833333333333333
