model,testScore,testavgFB,testG,default,trainScore,trainavgFB,trainG
original,96.76494375,0.9805706249999999,0.9375,96.50647833333332,96.50647833333332,0.9858068333333332,0.9166666666666666
none,96.76494375,0.9805706249999999,0.9375,96.50647833333332,96.50647833333332,0.9858068333333332,0.9166666666666666
f16,96.76494375,0.9805706249999999,0.9375,96.50700333333333,96.50700333333333,0.9858143333333332,0.9166666666666666
i8,82.62675625,0.885739375,0.6875,84.02067499999998,84.02067499999998,0.8931524999999999,0.7166666666666667
