model,testScore,testavgFB,testG,default,trainScore,trainavgFB,trainG
original,96.78498125,0.980856875,0.9375,96.58336166666665,96.58336166666665,0.9869051666666664,0.9166666666666666
none,96.78498125,0.980856875,0.9375,96.58336166666665,96.58336166666665,0.9869051666666664,0.9166666666666666
f16,96.78498125,0.980856875,0.9375,96.58336166666665,96.58336166666665,0.9869051666666664,0.9166666666666666
i8,91.58830625,0.933404375,0.875,88.00337666666667,88.00337666666667,0.9286196666666666,0.7666666666666667
