model,testScore,testavgFB,testG,default,trainScore,trainavgFB,trainG
original,96.7999,0.98107,0.9375,95.40024166666667,95.40024166666667,0.9842891666666668,0.8833333333333333
none,96.7999,0.98107,0.9375,95.40024166666667,95.40024166666667,0.9842891666666668,0.8833333333333333
f16,96.7999,0.98107,0.9375,95.40024166666667,95.40024166666667,0.9842891666666668,0.8833333333333333
i8,93.33576875,0.9583681249999999,0.875,92.23848666666667,92.23848666666667,0.9676926666666669,0.8166666666666667
