model,testScore,testavgFB,testG,default,trainScore,trainavgFB,trainG
original,96.79443125,0.980991875,0.9375,95.73722333333333,95.73722333333333,0.9819603333333333,0.9
none,96.79443125,0.980991875,0.9375,95.73722333333333,95.73722333333333,0.9819603333333333,0.9
f16,96.79443125,0.980991875,0.9375,95.73722333333333,95.73722333333333,0.9819603333333333,0.9
i8,88.38291249999999,0.9143987499999999,0.8125,88.66850833333334,88.66850833333334,0.9238358333333334,0.8
