model,testScore,testavgFB,testG,default,trainScore,trainavgFB,trainG
original,96.80865,0.9811949999999999,0.9375,95.84654000000002,95.84654000000002,0.9835220000000002,0.9
none,96.80865,0.9811949999999999,0.9375,95.84654000000002,95.84654000000002,0.9835220000000002,0.9
f16,96.80865,0.9811949999999999,0.9375,95.84654000000002,95.84654000000002,0.9835220000000002,0.9
i8,89.66771874999999,0.932753125,0.8125,88.25320833333333,88.25320833333333,0.9250458333333332,0.7833333333333333
