model,testScore,testavgFB,testG,default,trainScore,trainavgFB,trainG
original,96.79924374999999,0.9810606249999999,0.9375,95.96834000000001,95.96834000000001,0.9852620000000001,0.9
none,96.79924374999999,0.9810606249999999,0.9375,95.96834000000001,95.96834000000001,0.9852620000000001,0.9
f16,96.79924374999999,0.9810606249999999,0.9375,95.95337166666667,95.95337166666667,0.9850481666666667,0.9
i8,87.82526875,0.933218125,0.75,89.27322333333333,89.27322333333333,0.9467603333333334,0.7666666666666667
