model,testScore,testavgFB,testG,default,trainScore,trainavgFB,trainG
original,96.76735,0.980605,0.9375,94.96864333333333,94.96864333333333,0.9852663333333332,0.8666666666666667
none,96.76735,0.980605,0.9375,94.96864333333333,94.96864333333333,0.9852663333333332,0.8666666666666667
f16,96.76735,0.980605,0.9375,95.48720499999999,95.48720499999999,0.9855314999999999,0.8833333333333333
i8,89.10771875,0.9247531250000001,0.8125,87.66788666666666,87.66788666666666,0.9381126666666666,0.7333333333333333
