model,testScore,testavgFB,testG,default,trainScore,trainavgFB,trainG
original,96.786075,0.9808724999999999,0.9375,95.96933166666666,95.96933166666666,0.9852761666666666,0.9
none,96.786075,0.9808724999999999,0.9375,95.96933166666666,95.96933166666666,0.9852761666666666,0.9
f16,96.786075,0.9808724999999999,0.9375,95.97240000000001,95.97240000000001,0.9853200000000001,0.9
i8,87.06121875,0.922303125,0.75,88.34784666666665,88.34784666666665,0.9335406666666665,0.7666666666666667
