model,testScore,testavgFB,testG,default,trainScore,trainavgFB,trainG
original,96.75803124999999,0.9804718749999999,0.9375,94.61767499999999,94.61767499999999,0.9802525,0.8666666666666667
none,96.75803124999999,0.9804718749999999,0.9375,94.61767499999999,94.61767499999999,0.9802525,0.8666666666666667
f16,96.75803124999999,0.9804718749999999,0.9375,94.63742666666667,94.63742666666667,0.9805346666666667,0.8666666666666667
i8,93.7684125,0.96454875,0.875,92.94244333333333,92.94244333333333,0.9706063333333333,0.8333333333333334
