model,testScore,testavgFB,testG,default,trainScore,trainavgFB,trainG
original,96.789925,0.9809275,0.9375,95.94340833333332,95.94340833333332,0.9849058333333331,0.9
none,96.789925,0.9809275,0.9375,95.94340833333332,95.94340833333332,0.9849058333333331,0.9
f16,96.789925,0.9809275,0.9375,95.94340833333332,95.94340833333332,0.9849058333333331,0.9
i8,92.03643749999999,0.93980625,0.875,91.08933333333334,91.08933333333334,0.9441333333333334,0.8333333333333334
