model,testScore,testavgFB,testG,default,trainScore,trainavgFB,trainG
original,93.82358125,0.965336875,0.875,92.14461833333333,92.14461833333333,0.9592088333333333,0.8333333333333334
none,93.82358125,0.965336875,0.875,92.14461833333333,92.14461833333333,0.9592088333333333,0.8333333333333334
f16,93.82358125,0.965336875,0.875,92.14461833333333,92.14461833333333,0.9592088333333333,0.8333333333333334
i8,70.34427500000001,0.7906325000000001,0.5,79.20453166666668,79.20453166666668,0.8386361666666668,0.6833333333333333
