model,testScore,testavgFB,testG,default,trainScore,trainavgFB,trainG
original,96.786075,0.9808724999999999,0.9375,96.53590166666666,96.53590166666666,0.9862271666666665,0.9166666666666666
none,96.786075,0.9808724999999999,0.9375,96.53590166666666,96.53590166666666,0.9862271666666665,0.9166666666666666
f16,96.786075,0.9808724999999999,0.9375,96.53110666666666,96.53110666666666,0.9861586666666666,0.9166666666666666
i8,90.83138124999998,0.9493768749999998,0.8125,88.42222166666667,88.42222166666667,0.9346031666666667,0.7666666666666667
