model,testScore,testavgFB,testG,default,trainScore,trainavgFB,trainG
original,96.78174375,0.980810625,0.9375,96.48855833333332,96.48855833333332,0.9855508333333332,0.9166666666666666
none,96.78174375,0.980810625,0.9375,96.48855833333332,96.48855833333332,0.9855508333333332,0.9166666666666666
f16,96.78174375,0.980810625,0.9375,96.48855833333332,96.48855833333332,0.9855508333333332,0.9166666666666666
i8,70.57740625,0.8475343750000001,0.375,79.58419500000001,79.58419500000001,0.8654885000000001,0.6333333333333333
