model,testScore,testavgFB,testG,default,trainScore,trainavgFB,trainG
original,96.64016875,0.978788125,0.9375,96.73246166666667,96.73246166666667,0.9890351666666667,0.9166666666666666
none,96.64016875,0.978788125,0.9375,96.73246166666667,96.73246166666667,0.9890351666666667,0.9166666666666666
f16,96.64016875,0.978788125,0.9375,96.73310333333333,96.73310333333333,0.9890443333333334,0.9166666666666666
i8,82.96323124999999,0.9173318749999999,0.625,83.855635,83.855635,0.9050805,0.6833333333333333
