model,testScore,testavgFB,testG,default,trainScore,trainavgFB,trainG
original,96.739875,0.9802124999999999,0.9375,95.70057833333333,95.70057833333333,0.9814368333333333,0.9
none,96.739875,0.9802124999999999,0.9375,95.70057833333333,95.70057833333333,0.9814368333333333,0.9
f16,96.739875,0.9802124999999999,0.9375,95.70342500000001,95.70342500000001,0.9814775000000001,0.9
i8,54.75213125,0.728601875,0.125,73.94009333333335,73.94009333333335,0.7920013333333334,0.6166666666666667
