model,testScore,testavgFB,testG,default,trainScore,trainavgFB,trainG
original,96.76367499999999,0.9805524999999999,0.9375,95.33818666666667,95.33818666666667,0.9834026666666668,0.8833333333333333
none,96.76367499999999,0.9805524999999999,0.9375,95.33818666666667,95.33818666666667,0.9834026666666668,0.8833333333333333
f16,96.76367499999999,0.9805524999999999,0.9375,95.34472000000001,95.34472000000001,0.9834960000000001,0.8833333333333333
i8,85.6818625,0.9293837499999998,0.6875,85.13507166666666,85.13507166666666,0.9233581666666666,0.6833333333333333
