model,testScore,testavgFB,testG,default,trainScore,trainavgFB,trainG
original,96.79924374999999,0.9810606249999999,0.9375,96.46527166666665,96.46527166666665,0.9852181666666665,0.9166666666666666
none,96.79924374999999,0.9810606249999999,0.9375,96.46527166666665,96.46527166666665,0.9852181666666665,0.9166666666666666
f16,96.79924374999999,0.9810606249999999,0.9375,96.46527166666665,96.46527166666665,0.9852181666666665,0.9166666666666666
i8,92.98826249999999,0.9534037499999999,0.875,92.175255,92.175255,0.9596465000000001,0.8333333333333334
