model,testScore,testavgFB,testG,default,trainScore,trainavgFB,trainG
original,96.765425,0.9805775,0.9375,96.60016166666666,96.60016166666666,0.9871451666666667,0.9166666666666666
none,96.765425,0.9805775,0.9375,96.60016166666666,96.60016166666666,0.9871451666666667,0.9166666666666666
f16,96.765425,0.9805775,0.9375,96.60016166666666,96.60016166666666,0.9871451666666667,0.9166666666666666
i8,90.30896249999999,0.94191375,0.8125,89.31337166666667,89.31337166666667,0.9330481666666668,0.8
