model,testScore,testavgFB,testG,default,trainScore,trainavgFB,trainG
original,93.43691874999999,0.9598131249999999,0.875,94.52743333333332,94.52743333333332,0.9789633333333332,0.8666666666666667
none,93.43691874999999,0.9598131249999999,0.875,94.52743333333332,94.52743333333332,0.9789633333333332,0.8666666666666667
f16,93.43691874999999,0.9598131249999999,0.875,94.52743333333332,94.52743333333332,0.9789633333333332,0.8666666666666667
i8,62.59989375000001,0.7603556250000001,0.3125,77.81265833333333,77.81265833333333,0.8401808333333334,0.6333333333333333
