model,testScore,testavgFB,testG,default,trainScore,trainavgFB,trainG
original,96.80865,0.9811949999999999,0.9375,95.92313166666666,95.92313166666666,0.9846161666666666,0.9
none,96.80865,0.9811949999999999,0.9375,95.92313166666666,95.92313166666666,0.9846161666666666,0.9
f16,96.80865,0.9811949999999999,0.9375,95.92709833333333,95.92709833333333,0.9846728333333333,0.9
i8,21.94220625,0.28667437500000004,0.0625,33.782801666666664,33.782801666666664,0.39689716666666663,0.2
