model,testScore,testavgFB,testG,default,trainScore,trainavgFB,trainG
original,96.7030375,0.97968625,0.9375,96.03772166666666,96.03772166666666,0.9862531666666665,0.9
none,96.7030375,0.97968625,0.9375,96.03772166666666,96.03772166666666,0.9862531666666665,0.9
f16,96.7030375,0.97968625,0.9375,96.03772166666666,96.03772166666666,0.9862531666666665,0.9
i8,64.98330625,0.794404375,0.3125,77.68514166666667,77.68514166666667,0.8383591666666667,0.6333333333333333
