model,testScore,testavgFB,testG,default,trainScore,trainavgFB,trainG
original,96.80431875000001,0.981133125,0.9375,94.96698666666666,94.96698666666666,0.9852426666666666,0.8666666666666667
none,96.80431875000001,0.981133125,0.9375,94.96698666666666,94.96698666666666,0.9852426666666666,0.8666666666666667
f16,96.80431875000001,0.981133125,0.9375,94.96698666666666,94.96698666666666,0.9852426666666666,0.8666666666666667
i8,88.95476875,0.9225681250000001,0.8125,88.631135,88.631135,0.9447305,0.75
