model,testScore,testavgFB,testG,default,trainScore,trainavgFB,trainG
original,96.77185625,0.980669375,0.9375,96.62183833333332,96.62183833333332,0.9874548333333332,0.9166666666666666
none,96.77185625,0.980669375,0.9375,96.62183833333332,96.62183833333332,0.9874548333333332,0.9166666666666666
f16,96.77185625,0.980669375,0.9375,96.62183833333332,96.62183833333332,0.9874548333333332,0.9166666666666666
i8,81.84756250000001,0.90139375,0.625,82.60410333333331,82.60410333333331,0.8943443333333331,0.6666666666666666
