model,testScore,testavgFB,testG,default,trainScore,trainavgFB,trainG
original,96.51688125000001,0.9770268750000001,0.9375,95.962205,95.962205,0.9780314999999999,0.9166666666666666
none,96.51688125000001,0.9770268750000001,0.9375,95.962205,95.962205,0.9780314999999999,0.9166666666666666
f16,96.51688125000001,0.9770268750000001,0.9375,95.96149333333332,95.96149333333332,0.9780213333333332,0.9166666666666666
i8,54.80416875,0.648988125,0.3125,72.31214500000002,72.31214500000002,0.7901735000000001,0.5666666666666667
