model,testScore,testavgFB,testG,default,trainScore,trainavgFB,trainG
original,96.75400625,0.980414375,0.9375,96.62244500000001,96.62244500000001,0.9874635000000002,0.9166666666666666
none,96.75400625,0.980414375,0.9375,96.62244500000001,96.62244500000001,0.9874635000000002,0.9166666666666666
f16,96.75400625,0.980414375,0.9375,96.62055500000001,96.62055500000001,0.9874365,0.9166666666666666
i8,88.37648125000001,0.9143068750000001,0.8125,85.05467999999999,85.05467999999999,0.907924,0.7166666666666667
