model,testScore,testavgFB,testG,default,trainScore,trainavgFB,trainG
original,96.76494375,0.9805706249999999,0.9375,96.56575666666667,96.56575666666667,0.9866536666666667,0.9166666666666666
none,96.76494375,0.9805706249999999,0.9375,96.56575666666667,96.56575666666667,0.9866536666666667,0.9166666666666666
f16,96.76494375,0.9805706249999999,0.9375,96.56575666666667,96.56575666666667,0.9866536666666667,0.9166666666666666
i8,86.29328125,0.8845468750000001,0.8125,84.04227,84.04227,0.893461,0.7166666666666667
