model,testScore,testavgFB,testG,default,trainScore,trainavgFB,trainG
original,96.74394375,0.980270625,0.9375,95.90388166666666,95.90388166666666,0.9843411666666667,0.9
none,96.74394375,0.980270625,0.9375,95.90388166666666,95.90388166666666,0.9843411666666667,0.9
f16,96.74394375,0.980270625,0.9375,95.90518833333333,95.90518833333333,0.9843598333333333,0.9
i8,83.9057875,0.9040112499999999,0.6875,86.23335333333331,86.23335333333331,0.9176193333333331,0.7333333333333333
