model,testScore,testavgFB,testG,default,trainScore,trainavgFB,trainG
original,96.80865,0.9811949999999999,0.9375,95.39444333333333,95.39444333333333,0.9842063333333333,0.8833333333333333
none,96.80865,0.9811949999999999,0.9375,95.39444333333333,95.39444333333333,0.9842063333333333,0.8833333333333333
f16,96.80865,0.9811949999999999,0.9375,95.39066333333332,95.39066333333332,0.9841523333333332,0.8833333333333333
i8,84.27958125,0.9361368750000001,0.625,86.276785,86.276785,0.9325255000000001,0.7
