model,testScore,testavgFB,testG,default,trainScore,trainavgFB,trainG
original,96.76735,0.980605,0.9375,94.83907333333333,94.83907333333333,0.9834153333333333,0.8666666666666667
none,96.76735,0.980605,0.9375,94.83907333333333,94.83907333333333,0.9834153333333333,0.8666666666666667
f16,96.76735,0.980605,0.9375,94.84051999999998,94.84051999999998,0.9834359999999999,0.8666666666666667
i8,90.26919375,0.9413456250000001,0.8125,89.84546333333334,89.84546333333334,0.9477923333333335,0.7833333333333333
