model,testScore,testavgFB,testG,default,trainScore,trainavgFB,trainG
original,96.79049375,0.980935625,0.9375,95.511775,95.511775,0.9858825,0.8833333333333333
none,96.79049375,0.980935625,0.9375,95.511775,95.511775,0.9858825,0.8833333333333333
f16,96.79049375,0.980935625,0.9375,95.50182333333333,95.50182333333333,0.9857403333333334,0.8833333333333333
i8,93.50910624999999,0.9608443749999999,0.875,92.38423000000002,92.38423000000002,0.9554890000000001,0.85
