model,testScore,testavgFB,testG,default,trainScore,trainavgFB,trainG
original,96.53455625,0.977279375,0.9375,95.14319,95.14319,0.980617,0.8833333333333333
none,96.53455625,0.977279375,0.9375,95.14319,95.14319,0.980617,0.8833333333333333
f16,96.5252375,0.9771462500000001,0.9375,95.14481166666667,95.14481166666667,0.9806401666666666,0.8833333333333333
i8,88.78046875,0.920078125,0.8125,84.88735333333334,84.88735333333334,0.9198193333333333,0.6833333333333333
