model,testScore,testavgFB,testG,default,trainScore,trainavgFB,trainG
original,96.79819375,0.9810456249999999,0.9375,96.48237499999999,96.48237499999999,0.9854624999999998,0.9166666666666666
none,96.79819375,0.9810456249999999,0.9375,96.48237499999999,96.48237499999999,0.9854624999999998,0.9166666666666666
f16,96.79819375,0.9810456249999999,0.9375,96.48237499999999,96.48237499999999,0.9854624999999998,0.9166666666666666
i8,82.90535625000001,0.8897193750000001,0.6875,83.81416333333333,83.81416333333333,0.8902023333333332,0.7166666666666667
