model,testScore,testavgFB,testG,default,trainScore,trainavgFB,trainG
original,94.5249375,0.9753562499999999,0.875,96.60464166666667,96.60464166666667,0.9872091666666666,0.9166666666666666
none,94.5249375,0.9753562499999999,0.875,96.60464166666667,96.60464166666667,0.9872091666666666,0.9166666666666666
f16,94.5249375,0.9753562499999999,0.875,96.60202833333332,96.60202833333332,0.9871718333333332,0.9166666666666666
i8,84.9617,0.8923099999999999,0.75,84.34543166666666,84.34543166666666,0.8835061666666666,0.75
