model,testScore,testavgFB,testG,default,trainScore,trainavgFB,trainG
original,96.76209999999999,0.9805299999999999,0.9375,96.54587666666666,96.54587666666666,0.9863696666666666,0.9166666666666666
none,96.76209999999999,0.9805299999999999,0.9375,96.54587666666666,96.54587666666666,0.9863696666666666,0.9166666666666666
f16,96.76209999999999,0.9805299999999999,0.9375,96.53980999999999,96.53980999999999,0.9862829999999999,0.9166666666666666
i8,85.62616874999999,0.9285881249999999,0.6875,86.84392833333332,86.84392833333332,0.9263418333333332,0.7333333333333333
