model,testScore,testavgFB,testG,default,trainScore,trainavgFB,trainG
original,96.77544375,0.980720625,0.9375,96.48921166666668,96.48921166666668,0.9855601666666668,0.9166666666666666
none,96.77544375,0.980720625,0.9375,96.48921166666668,96.48921166666668,0.9855601666666668,0.9166666666666666
f16,96.77544375,0.980720625,0.9375,96.49075166666668,96.49075166666668,0.9855821666666669,0.9166666666666666
i8,86.16465,0.9094949999999999,0.75,85.61763166666667,85.61763166666667,0.9159661666666667,0.7166666666666667
