model,testScore,testavgFB,testG,default,trainScore,trainavgFB,trainG
original,96.45825625,0.976189375,0.9375,97.20655,97.20655,0.9886649999999999,0.9333333333333333
none,96.45825625,0.976189375,0.9375,97.20655,97.20655,0.9886649999999999,0.9333333333333333
f16,96.45825625,0.976189375,0.9375,97.20510333333333,97.20510333333333,0.9886443333333332,0.9333333333333333
i8,46.03091250000001,0.6307987500000001,0.0625,66.89098333333334,66.89098333333334,0.7627283333333333,0.45
