model,testScore,testavgFB,testG,default,trainScore,trainavgFB,trainG
original,96.822475,0.9813925,0.9375,96.04634333333334,96.04634333333334,0.9863763333333334,0.9
none,96.822475,0.9813925,0.9375,96.04634333333334,96.04634333333334,0.9863763333333334,0.9
f16,96.81306875,0.981258125,0.9375,96.04543333333334,96.04543333333334,0.9863633333333334,0.9
i8,83.7282,0.92826,0.625,86.25879666666667,86.25879666666667,0.9251256666666666,0.7166666666666667
