model,testScore,testavgFB,testG,default,trainScore,trainavgFB,trainG
original,96.7572875,0.9804612500000001,0.9375,96.54650666666667,96.54650666666667,0.9863786666666667,0.9166666666666666
none,96.7572875,0.9804612500000001,0.9375,96.54650666666667,96.54650666666667,0.9863786666666667,0.9166666666666666
f16,96.7572875,0.9804612500000001,0.9375,96.547055,96.547055,0.9863864999999999,0.9166666666666666
i8,87.93691875,0.934813125,0.75,88.372895,88.372895,0.9338985,0.7666666666666667
