model,testScore,testavgFB,testG,default,trainScore,trainavgFB,trainG
original,96.77666875,0.9807381249999999,0.9375,95.33439666666666,95.33439666666666,0.9762056666666666,0.9
none,96.77666875,0.9807381249999999,0.9375,95.33439666666666,95.33439666666666,0.9762056666666666,0.9
f16,96.77666875,0.9807381249999999,0.9375,95.33439666666666,95.33439666666666,0.9762056666666666,0.9
i8,87.32721875,0.9261031249999999,0.75,88.41992499999999,88.41992499999999,0.9274275,0.7833333333333333
