model,testScore,testavgFB,testG,default,trainScore,trainavgFB,trainG
original,96.7723375,0.98067625,0.9375,96.04217833333333,96.04217833333333,0.9863168333333332,0.9
none,96.7723375,0.98067625,0.9375,96.04217833333333,96.04217833333333,0.9863168333333332,0.9
f16,96.7723375,0.98067625,0.9375,96.04217833333333,96.04217833333333,0.9863168333333332,0.9
i8,87.84325625,0.906689375,0.8125,88.17926166666668,88.17926166666668,0.9382751666666668,0.75
