model,testScore,testavgFB,testG,default,trainScore,trainavgFB,trainG
original,96.61505625000001,0.9784293750000002,0.9375,96.53711499999999,96.53711499999999,0.9862444999999999,0.9166666666666666
none,96.61505625000001,0.9784293750000002,0.9375,96.53711499999999,96.53711499999999,0.9862444999999999,0.9166666666666666
f16,96.61505625000001,0.9784293750000002,0.9375,96.53711499999999,96.53711499999999,0.9862444999999999,0.9166666666666666
i8,78.54434375,0.880990625,0.5625,83.92082,83.92082,0.8917260000000001,0.7166666666666667
