model,testScore,testavgFB,testG,default,trainScore,trainavgFB,trainG
original,96.79924374999999,0.9810606249999999,0.9375,96.12908333333331,96.12908333333331,0.987558333333333,0.9
none,96.79924374999999,0.9810606249999999,0.9375,96.12908333333331,96.12908333333331,0.987558333333333,0.9
f16,96.79924374999999,0.9810606249999999,0.9375,96.12908333333331,96.12908333333331,0.987558333333333,0.9
i8,91.73548124999999,0.935506875,0.875,83.86471166666666,83.86471166666666,0.9052101666666668,0.6833333333333333
