model,testScore,testavgFB,testG,default,trainScore,trainavgFB,trainG
original,96.73904375000001,0.980200625,0.9375,96.17262333333333,96.17262333333333,0.9881803333333333,0.9
none,96.73904375000001,0.980200625,0.9375,96.17262333333333,96.17262333333333,0.9881803333333333,0.9
f16,96.73904375000001,0.980200625,0.9375,96.1712,96.1712,0.9881599999999999,0.9
i8,87.3844,0.9269200000000001,0.75,85.48617333333333,85.48617333333333,0.9069453333333333,0.7333333333333333
