model,testScore,testavgFB,testG,default,trainScore,trainavgFB,trainG
original,96.786075,0.9808724999999999,0.9375,95.93264,95.93264,0.9847520000000001,0.9
none,96.786075,0.9808724999999999,0.9375,95.93264,95.93264,0.9847520000000001,0.9
f16,96.786075,0.9808724999999999,0.9375,95.93555666666667,95.93555666666667,0.9847936666666667,0.9
i8,45.42454375,0.595350625,0.125,55.44395500000001,55.44395500000001,0.6920565000000002,0.23333333333333334
