model,testScore,testavgFB,testG,default,trainScore,trainavgFB,trainG
original,96.808125,0.9811875000000001,0.9375,96.17265833333332,96.17265833333332,0.9881808333333332,0.9
none,96.808125,0.9811875000000001,0.9375,96.17265833333332,96.17265833333332,0.9881808333333332,0.9
f16,96.808125,0.9811875000000001,0.9375,96.17646166666665,96.17646166666665,0.9882351666666664,0.9
i8,87.66685625,0.9041693749999999,0.8125,87.72026,87.72026,0.9317179999999999,0.75
