model,testScore,testavgFB,testG,default,trainScore,trainavgFB,trainG
original,96.80865,0.9811949999999999,0.9375,94.85540666666667,94.85540666666667,0.9836486666666667,0.8666666666666667
none,96.80865,0.9811949999999999,0.9375,94.85540666666667,94.85540666666667,0.9836486666666667,0.8666666666666667
f16,96.80865,0.9811949999999999,0.9375,94.85257166666668,94.85257166666668,0.9836081666666667,0.8666666666666667
i8,88.75014999999999,0.9196449999999998,0.8125,87.14206166666668,87.14206166666668,0.9163151666666668,0.7666666666666667
