model,testScore,testavgFB,testG,default,trainScore,trainavgFB,trainG
original,96.81306875,0.981258125,0.9375,94.83858333333333,94.83858333333333,0.9834083333333333,0.8666666666666667
none,96.81306875,0.981258125,0.9375,94.83858333333333,94.83858333333333,0.9834083333333333,0.8666666666666667
f16,96.81306875,0.981258125,0.9375,94.84044999999999,94.84044999999999,0.983435,0.8666666666666667
i8,87.29804375,0.898900625,0.8125,85.57690833333332,85.57690833333332,0.8939558333333332,0.7666666666666667
