model,testScore,testavgFB,testG,default,trainScore,trainavgFB,trainG
original,96.66121249999999,0.9790887499999998,0.9375,97.11935333333334,97.11935333333334,0.9874193333333334,0.9333333333333333
none,96.66121249999999,0.9790887499999998,0.9375,97.11935333333334,97.11935333333334,0.9874193333333334,0.9333333333333333
f16,96.66121249999999,0.9790887499999998,0.9375,97.11935333333334,97.11935333333334,0.9874193333333334,0.9333333333333333
i8,87.76620625,0.932374375,0.75,85.96219166666667,85.96219166666667,0.9351741666666666,0.6833333333333333
