model,testScore,testavgFB,testG,default,trainScore,trainavgFB,trainG
original,96.786075,0.9808724999999999,0.9375,94.878285,94.878285,0.9839755000000001,0.8666666666666667
none,96.786075,0.9808724999999999,0.9375,94.878285,94.878285,0.9839755000000001,0.8666666666666667
f16,96.786075,0.9808724999999999,0.9375,94.878285,94.878285,0.9839755000000001,0.8666666666666667
i8,80.75748125000001,0.9126068750000002,0.5625,81.82749833333332,81.82749833333332,0.8903928333333331,0.65
