model,testScore,testavgFB,testG,default,trainScore,trainavgFB,trainG
original,96.81744375000001,0.9813206250000001,0.9375,96.01932333333333,96.01932333333333,0.9859903333333334,0.9
none,96.81744375000001,0.9813206250000001,0.9375,96.01932333333333,96.01932333333333,0.9859903333333334,0.9
f16,96.81744375000001,0.9813206250000001,0.9375,96.01932333333333,96.01932333333333,0.9859903333333334,0.9
i8,90.866825,0.9230975,0.875,89.555585,89.555585,0.9293655,0.8166666666666667
