model,testScore,testavgFB,testG,default,trainScore,trainavgFB,trainG
original,96.80865,0.9811949999999999,0.9375,95.02724666666667,95.02724666666667,0.9789606666666667,0.8833333333333333
none,96.80865,0.9811949999999999,0.9375,95.02724666666667,95.02724666666667,0.9789606666666667,0.8833333333333333
f16,96.786075,0.9808724999999999,0.9375,95.01223166666666,95.01223166666666,0.9787461666666667,0.8833333333333333
i8,88.7785875,0.92005125,0.8125,88.09772833333335,88.09772833333335,0.9156818333333335,0.8
