model,testScore,testavgFB,testG,default,trainScore,trainavgFB,trainG
original,96.81306875,0.981258125,0.9375,96.52607833333333,96.52607833333333,0.9860868333333334,0.9166666666666666
none,96.81306875,0.981258125,0.9375,96.52607833333333,96.52607833333333,0.9860868333333334,0.9166666666666666
f16,96.81306875,0.981258125,0.9375,96.52607833333333,96.52607833333333,0.9860868333333334,0.9166666666666666
i8,86.4380875,0.9134012499999999,0.75,87.94880999999998,87.94880999999998,0.9349829999999997,0.75
