model,testScore,testavgFB,testG,default,trainScore,trainavgFB,trainG
original,96.8012125,0.9810887500000001,0.9375,96.45436333333335,96.45436333333335,0.9850623333333335,0.9166666666666666
none,96.8012125,0.9810887500000001,0.9375,96.45436333333335,96.45436333333335,0.9850623333333335,0.9166666666666666
f16,96.79189375,0.980955625,0.9375,96.45436333333335,96.45436333333335,0.9850623333333335,0.9166666666666666
i8,87.53341250000001,0.9290487500000001,0.75,87.99104333333334,87.99104333333334,0.9355863333333333,0.75
