model,testScore,testavgFB,testG,default,trainScore,trainavgFB,trainG
original,96.7999,0.98107,0.9375,94.29319000000001,94.29319000000001,0.9756170000000001,0.8666666666666667
none,96.7999,0.98107,0.9375,94.29319000000001,94.29319000000001,0.9756170000000001,0.8666666666666667
f16,96.7999,0.98107,0.9375,94.29884833333334,94.29884833333334,0.9756978333333334,0.8666666666666667
i8,92.41658125,0.945236875,0.875,89.11881833333332,89.11881833333332,0.9302688333333332,0.8
