model,testScore,testavgFB,testG,default,trainScore,trainavgFB,trainG
original,96.77666875,0.9807381249999999,0.9375,94.16617333333333,94.16617333333333,0.9809453333333333,0.85
none,96.77666875,0.9807381249999999,0.9375,94.16617333333333,94.16617333333333,0.9809453333333333,0.85
f16,96.77666875,0.9807381249999999,0.9375,94.16617333333333,94.16617333333333,0.9809453333333333,0.85
i8,88.91775625,0.922039375,0.8125,90.54411333333334,90.54411333333334,0.9434873333333335,0.8166666666666667
