model,testScore,testavgFB,testG,default,trainScore,trainavgFB,trainG
original,96.77666875,0.9807381249999999,0.9375,95.90164166666668,95.90164166666668,0.9843091666666669,0.9
none,96.77666875,0.9807381249999999,0.9375,95.90164166666668,95.90164166666668,0.9843091666666669,0.9
f16,96.77666875,0.9807381249999999,0.9375,95.90164166666668,95.90164166666668,0.9843091666666669,0.9
i8,93.29149374999999,0.9577356249999999,0.875,91.90921833333334,91.90921833333334,0.9629888333333334,0.8166666666666667
