model,testScore,testavgFB,testG,default,trainScore,trainavgFB,trainG
original,96.786075,0.9808724999999999,0.9375,95.36619833333334,95.36619833333334,0.9838028333333334,0.8833333333333333
none,96.786075,0.9808724999999999,0.9375,95.36619833333334,95.36619833333334,0.9838028333333334,0.8833333333333333
f16,96.786075,0.9808724999999999,0.9375,95.87986000000001,95.87986000000001,0.983998,0.9
i8,88.6345625,0.91799375,0.8125,86.57316666666665,86.57316666666665,0.9296166666666665,0.7166666666666667
