model,testScore,testavgFB,testG,default,trainScore,trainavgFB,trainG
original,96.77666875,0.9807381249999999,0.9375,95.50062166666665,95.50062166666665,0.9857231666666664,0.8833333333333333
none,96.77666875,0.9807381249999999,0.9375,95.50062166666665,95.50062166666665,0.9857231666666664,0.8833333333333333
f16,96.77666875,0.9807381249999999,0.9375,95.50062166666665,95.50062166666665,0.9857231666666664,0.8833333333333333
i8,91.08648749999999,0.9530212499999999,0.8125,86.68823666666665,86.68823666666665,0.9241176666666665,0.7333333333333333
