model,testScore,testavgFB,testG,default,trainScore,trainavgFB,trainG
original,96.76783125,0.980611875,0.9375,96.65752666666667,96.65752666666667,0.9879646666666667,0.9166666666666666
none,96.76783125,0.980611875,0.9375,96.65752666666667,96.65752666666667,0.9879646666666667,0.9166666666666666
f16,96.76783125,0.980611875,0.9375,96.65752666666667,96.65752666666667,0.9879646666666667,0.9166666666666666
i8,85.322325,0.9242475000000001,0.6875,88.28211833333333,88.28211833333333,0.9254588333333332,0.7833333333333333
