model,testScore,testavgFB,testG,default,trainScore,trainavgFB,trainG
original,94.11749375,0.969535625,0.875,92.284605,92.284605,0.9683514999999999,0.8166666666666667
none,94.11749375,0.969535625,0.875,92.284605,92.284605,0.9683514999999999,0.8166666666666667
f16,94.11749375,0.969535625,0.875,92.284605,92.284605,0.9683514999999999,0.8166666666666667
i8,62.8586375,0.73726625,0.375,74.08743,74.08743,0.801249,0.6
