model,testScore,testavgFB,testG,default,trainScore,trainavgFB,trainG
original,96.822475,0.9813925,0.9375,96.54459333333332,96.54459333333332,0.9863513333333332,0.9166666666666666
none,96.822475,0.9813925,0.9375,96.54459333333332,96.54459333333332,0.9863513333333332,0.9166666666666666
f16,96.822475,0.9813925,0.9375,96.549505,96.549505,0.9864215,0.9166666666666666
i8,91.533925,0.9326274999999999,0.875,87.8589,87.8589,0.9122700000000001,0.8
