model,testScore,testavgFB,testG,default,trainScore,trainavgFB,trainG
original,96.766475,0.9805925,0.9375,95.377515,95.377515,0.9839645000000001,0.8833333333333333
none,96.766475,0.9805925,0.9375,95.377515,95.377515,0.9839645000000001,0.8833333333333333
f16,96.766475,0.9805925,0.9375,95.377515,95.377515,0.9839645000000001,0.8833333333333333
i8,94.30172499999999,0.9721675,0.875,92.85657666666665,92.85657666666665,0.9693796666666665,0.8333333333333334
