model,testScore,testavgFB,testG,default,trainScore,trainavgFB,trainG
original,96.776275,0.9807325,0.9375,97.22818,97.22818,0.988974,0.9333333333333333
none,96.776275,0.9807325,0.9375,97.22818,97.22818,0.988974,0.9333333333333333
f16,96.776275,0.9807325,0.9375,97.22818,97.22818,0.988974,0.9333333333333333
i8,73.08538125000001,0.8565768750000002,0.4375,83.60865333333335,83.60865333333335,0.8944093333333336,0.7
