model,testScore,testavgFB,testG,default,trainScore,trainavgFB,trainG
original,96.789925,0.9809275,0.9375,96.66579833333333,96.66579833333333,0.9880828333333332,0.9166666666666666
none,96.789925,0.9809275,0.9375,96.66579833333333,96.66579833333333,0.9880828333333332,0.9166666666666666
f16,96.789925,0.9809275,0.9375,96.66579833333333,96.66579833333333,0.9880828333333332,0.9166666666666666
i8,89.031375,0.9236624999999999,0.8125,86.88250166666666,86.88250166666666,0.9126071666666665,0.7666666666666667
