model,testScore,testavgFB,testG,default,trainScore,trainavgFB,trainG
original,96.822475,0.9813925,0.9375,94.81145833333333,94.81145833333333,0.9830208333333333,0.8666666666666667
none,96.822475,0.9813925,0.9375,94.81145833333333,94.81145833333333,0.9830208333333333,0.8666666666666667
f16,96.822475,0.9813925,0.9375,94.81145833333333,94.81145833333333,0.9830208333333333,0.8666666666666667
i8,92.3701125,0.97135875,0.8125,91.33544833333335,91.33544833333335,0.9690778333333334,0.7833333333333333
