model,testScore,testavgFB,testG,default,trainScore,trainavgFB,trainG
original,96.82685000000001,0.9814550000000001,0.9375,97.60211,97.60211,0.987173,0.95
none,96.82685000000001,0.9814550000000001,0.9375,97.60211,97.60211,0.987173,0.95
f16,96.82685000000001,0.9814550000000001,0.9375,97.60211,97.60211,0.987173,0.95
i8,87.93810625,0.908044375,0.8125,87.62804999999999,87.62804999999999,0.9161149999999998,0.7833333333333333
