model,testScore,testavgFB,testG,default,trainScore,trainavgFB,trainG
original,96.73834375,0.980190625,0.9375,94.303795,94.303795,0.9757684999999998,0.8666666666666667
none,96.73834375,0.980190625,0.9375,94.303795,94.303795,0.9757684999999998,0.8666666666666667
f16,96.73834375,0.980190625,0.9375,94.303795,94.303795,0.9757684999999998,0.8666666666666667
i8,94.21916875,0.970988125,0.875,92.19180833333336,92.19180833333336,0.9670258333333336,0.8166666666666667
