model,testScore,testavgFB,testG,default,trainScore,trainavgFB,trainG
original,96.32105625,0.974229375,0.9375,90.70682333333332,90.70682333333332,0.9672403333333331,0.7666666666666667
none,96.32105625,0.974229375,0.9375,90.70682333333332,90.70682333333332,0.9672403333333331,0.7666666666666667
f16,96.32105625,0.974229375,0.9375,90.69768833333333,90.69768833333333,0.9671098333333333,0.7666666666666667
i8,67.48155624999998,0.8568793749999999,0.25,67.67191333333335,67.67191333333335,0.8310273333333336,0.31666666666666665
