model,testScore,testavgFB,testG,default,trainScore,trainavgFB,trainG
original,93.64473124999999,0.9627818749999999,0.875,94.04637,94.04637,0.972091,0.8666666666666667
none,93.64473124999999,0.9627818749999999,0.875,94.04637,94.04637,0.972091,0.8666666666666667
f16,93.64473124999999,0.9627818749999999,0.875,94.05136333333333,94.05136333333333,0.9721623333333332,0.8666666666666667
i8,90.6482875,0.94676125,0.8125,87.40618833333335,87.40618833333335,0.9486598333333336,0.7
