model,testScore,testavgFB,testG,default,trainScore,trainavgFB,trainG
original,96.71568124999999,0.9798668749999999,0.9375,92.83726833333334,92.83726833333334,0.9691038333333335,0.8333333333333334
none,96.71568124999999,0.9798668749999999,0.9375,92.83726833333334,92.83726833333334,0.9691038333333335,0.8333333333333334
f16,96.71568124999999,0.9798668749999999,0.9375,92.83119000000002,92.83119000000002,0.9690170000000002,0.8333333333333334
i8,93.98309375,0.967615625,0.875,92.35314833333332,92.35314833333332,0.9621878333333332,0.8333333333333334
