model,testScore,testavgFB,testG,default,trainScore,trainavgFB,trainG
original,94.3235125,0.9724787500000001,0.875,89.73899333333334,89.73899333333334,0.9462713333333335,0.7833333333333333
none,94.3235125,0.9724787500000001,0.875,89.73899333333334,89.73899333333334,0.9462713333333335,0.7833333333333333
f16,94.3235125,0.9724787500000001,0.875,89.74291333333333,89.74291333333333,0.9463273333333333,0.7833333333333333
i8,89.0399,0.95057,0.75,86.96463833333331,86.96463833333331,0.9494948333333331,0.6833333333333333
