model,testScore,testavgFB,testG,default,trainScore,trainavgFB,trainG
original,84.60709375,0.940815625,0.625,87.39529166666665,87.39529166666665,0.9485041666666665,0.7
none,84.60709375,0.940815625,0.625,87.39529166666665,87.39529166666665,0.9485041666666665,0.7
f16,84.60709375,0.940815625,0.625,86.85512333333334,86.85512333333334,0.9479303333333333,0.6833333333333333
i8,58.40591250000001,0.7807987500000001,0.125,76.06933000000001,76.06933000000001,0.8724190000000002,0.5
