model,testScore,testavgFB,testG,default,trainScore,trainavgFB,trainG
original,93.66214375,0.9630306249999999,0.875,90.97177666666668,90.97177666666668,0.9567396666666669,0.8
none,93.66214375,0.9630306249999999,0.875,90.97177666666668,90.97177666666668,0.9567396666666669,0.8
f16,93.66214375,0.9630306249999999,0.875,90.97177666666668,90.97177666666668,0.9567396666666669,0.8
i8,94.1724875,0.97032125,0.875,91.81914000000002,91.81914000000002,0.9617020000000002,0.8166666666666667
