model,testScore,testavgFB,testG,default,trainScore,trainavgFB,trainG
original,93.924425,0.9667775000000001,0.875,90.59713333333333,90.59713333333333,0.9656733333333333,0.7666666666666667
none,93.924425,0.9667775000000001,0.875,90.59713333333333,90.59713333333333,0.9656733333333333,0.7666666666666667
f16,93.924425,0.9667775000000001,0.875,90.59462500000001,90.59462500000001,0.9656375,0.7666666666666667
i8,72.98461875000001,0.881923125,0.375,74.00449499999999,74.00449499999999,0.8857785,0.4
