model,testScore,testavgFB,testG,default,trainScore,trainavgFB,trainG
original,96.38956875,0.975208125,0.9375,91.79706666666667,91.79706666666667,0.9613866666666666,0.8166666666666667
none,96.38956875,0.975208125,0.9375,91.79706666666667,91.79706666666667,0.9613866666666666,0.8166666666666667
f16,96.38956875,0.975208125,0.9375,91.79706666666667,91.79706666666667,0.9613866666666666,0.8166666666666667
i8,12.340131249999999,0.14950187499999998,0.0625,23.222005000000003,23.222005000000003,0.25317150000000005,0.18333333333333332
