model,testScore,testavgFB,testG,default,trainScore,trainavgFB,trainG
original,91.66805624999999,0.9613293749999999,0.8125,91.092455,91.092455,0.9656064999999999,0.7833333333333333
none,91.66805624999999,0.9613293749999999,0.8125,91.092455,91.092455,0.9656064999999999,0.7833333333333333
f16,91.66805624999999,0.9613293749999999,0.8125,90.56996166666666,90.56996166666666,0.9652851666666665,0.7666666666666667
i8,42.20524374999999,0.5493606249999998,0.125,56.540519999999994,56.540519999999994,0.6934359999999999,0.26666666666666666
