model,testScore,testavgFB,testG,default,trainScore,trainavgFB,trainG
original,96.69170625000001,0.9795243750000001,0.9375,94.02464666666667,94.02464666666667,0.9717806666666667,0.8666666666666667
none,96.69170625000001,0.9795243750000001,0.9375,94.02464666666667,94.02464666666667,0.9717806666666667,0.8666666666666667
f16,96.69170625000001,0.9795243750000001,0.9375,94.031075,94.031075,0.9718725,0.8666666666666667
i8,94.59270625,0.976324375,0.875,94.04806166666667,94.04806166666667,0.9721151666666666,0.8666666666666667
