model,testScore,testavgFB,testG,default,trainScore,trainavgFB,trainG
original,96.5936625,0.97812375,0.9375,94.52641999999999,94.52641999999999,0.9718059999999998,0.8833333333333333
none,96.5936625,0.97812375,0.9375,94.52641999999999,94.52641999999999,0.9718059999999998,0.8833333333333333
f16,96.5936625,0.97812375,0.9375,94.52836833333333,94.52836833333333,0.9718338333333333,0.8833333333333333
i8,89.29207500000001,0.9541725000000001,0.75,86.498425,86.498425,0.9499775,0.6666666666666666
