model,testScore,testavgFB,testG,default,trainScore,trainavgFB,trainG
original,96.27835625,0.973619375,0.9375,94.06163000000001,94.06163000000001,0.9723090000000002,0.8666666666666667
none,96.27835625,0.973619375,0.9375,94.06163000000001,94.06163000000001,0.9723090000000002,0.8666666666666667
f16,96.27835625,0.973619375,0.9375,94.06163000000001,94.06163000000001,0.9723090000000002,0.8666666666666667
i8,96.08638125,0.970876875,0.9375,93.40225166666667,93.40225166666667,0.9700321666666667,0.85
