model,testScore,testavgFB,testG,default,trainScore,trainavgFB,trainG
original,96.33295625,0.974399375,0.9375,88.90987499999999,88.90987499999999,0.9487124999999997,0.75
none,96.33295625,0.974399375,0.9375,88.90987499999999,88.90987499999999,0.9487124999999997,0.75
f16,96.31213125,0.9741018749999999,0.9375,88.84942999999998,88.84942999999998,0.9478489999999998,0.75
i8,88.7785375,0.9468362499999999,0.75,89.15150333333334,89.15150333333334,0.9521643333333334,0.75
