model,testScore,testavgFB,testG,default,trainScore,trainavgFB,trainG
original,96.632075,0.9786725000000001,0.9375,91.74508999999999,91.74508999999999,0.967787,0.8
none,96.632075,0.9786725000000001,0.9375,91.74508999999999,91.74508999999999,0.967787,0.8
f16,96.632075,0.9786725000000001,0.9375,91.74508999999999,91.74508999999999,0.967787,0.8
i8,96.21133124999999,0.9726618749999999,0.9375,91.48749000000001,91.48749000000001,0.9641070000000002,0.8
