model,testScore,testavgFB,testG,default,trainScore,trainavgFB,trainG
original,92.00213125,0.966101875,0.8125,89.18083333333334,89.18083333333334,0.9525833333333333,0.75
none,92.00213125,0.966101875,0.8125,89.18083333333334,89.18083333333334,0.9525833333333333,0.75
f16,91.99272500000001,0.9659675000000001,0.8125,89.188965,89.188965,0.9526995,0.75
i8,89.22233750000001,0.9531762500000001,0.75,85.441995,85.441995,0.9420285,0.65
