model,testScore,testavgFB,testG,default,trainScore,trainavgFB,trainG
original,96.42343125,0.975691875,0.9375,91.24655000000001,91.24655000000001,0.9606650000000001,0.8
none,96.42343125,0.975691875,0.9375,91.24655000000001,91.24655000000001,0.9606650000000001,0.8
f16,96.42343125,0.975691875,0.9375,91.24655000000001,91.24655000000001,0.9606650000000001,0.8
i8,96.62415625,0.9785593749999999,0.9375,93.09492666666668,93.09492666666668,0.9727846666666669,0.8333333333333334
