model,testScore,testavgFB,testG,default,trainScore,trainavgFB,trainG
original,96.727625,0.9800375,0.9375,93.31444666666665,93.31444666666665,0.9759206666666665,0.8333333333333334
none,96.727625,0.9800375,0.9375,93.31444666666665,93.31444666666665,0.9759206666666665,0.8333333333333334
f16,96.727625,0.9800375,0.9375,93.31368833333332,93.31368833333332,0.9759098333333331,0.8333333333333334
i8,79.30703125,0.9186718749999999,0.5,87.22208833333332,87.22208833333332,0.9460298333333331,0.7
