model,testScore,testavgFB,testG,default,trainScore,trainavgFB,trainG
original,96.78835,0.9809049999999999,0.9375,93.45647833333334,93.45647833333334,0.9708068333333334,0.85
none,96.78835,0.9809049999999999,0.9375,93.45647833333334,93.45647833333334,0.9708068333333334,0.85
f16,96.78835,0.9809049999999999,0.9375,93.45072666666668,93.45072666666668,0.9707246666666668,0.85
i8,96.6872,0.97946,0.9375,93.37505666666667,93.37505666666667,0.9696436666666667,0.85
