model,testScore,testavgFB,testG,default,trainScore,trainavgFB,trainG
original,96.68873124999999,0.979481875,0.9375,94.02177666666667,94.02177666666667,0.9717396666666667,0.8666666666666667
none,96.68873124999999,0.979481875,0.9375,94.02177666666667,94.02177666666667,0.9717396666666667,0.8666666666666667
f16,96.68873124999999,0.979481875,0.9375,94.00517500000001,94.00517500000001,0.9715025,0.8666666666666667
i8,84.90438125,0.918276875,0.6875,81.56718666666666,81.56718666666666,0.9081026666666666,0.6
