model,testScore,testavgFB,testG,default,trainScore,trainavgFB,trainG
original,96.58758125,0.978036875,0.9375,93.14755666666667,93.14755666666667,0.9663936666666667,0.85
none,96.58758125,0.978036875,0.9375,93.14755666666667,93.14755666666667,0.9663936666666667,0.85
f16,96.58758125,0.978036875,0.9375,93.148315,93.148315,0.9664045,0.85
i8,92.12056249999999,0.9677937499999999,0.8125,90.52483666666667,90.52483666666667,0.9574976666666668,0.7833333333333333
