model,testScore,testavgFB,testG,default,trainScore,trainavgFB,trainG
original,96.71568124999999,0.9798668749999999,0.9375,94.17150666666669,94.17150666666669,0.9738786666666669,0.8666666666666667
none,96.71568124999999,0.9798668749999999,0.9375,94.17150666666669,94.17150666666669,0.9738786666666669,0.8666666666666667
f16,96.71568124999999,0.9798668749999999,0.9375,94.17977833333335,94.17977833333335,0.9739968333333334,0.8666666666666667
i8,94.457475,0.9743925,0.875,93.56398666666666,93.56398666666666,0.9723426666666667,0.85
