model,testScore,testavgFB,testG,default,trainScore,trainavgFB,trainG
original,96.32031250000001,0.9742187500000001,0.9375,92.64941166666667,92.64941166666667,0.9664201666666667,0.8333333333333334
none,96.32031250000001,0.9742187500000001,0.9375,92.64941166666667,92.64941166666667,0.9664201666666667,0.8333333333333334
f16,96.27485625000001,0.9735693750000002,0.9375,92.65999333333332,92.65999333333332,0.9665713333333331,0.8333333333333334
i8,44.599062499999995,0.61034375,0.0625,52.154526666666676,52.154526666666676,0.6450646666666668,0.23333333333333334
