model,testScore,testavgFB,testG,default,trainScore,trainavgFB,trainG
original,96.75523125000001,0.9804318750000001,0.9375,91.88575666666665,91.88575666666665,0.9626536666666665,0.8166666666666667
none,96.75523125000001,0.9804318750000001,0.9375,91.88575666666665,91.88575666666665,0.9626536666666665,0.8166666666666667
f16,96.73287499999999,0.9801124999999999,0.9375,91.89095999999999,91.89095999999999,0.9627279999999999,0.8166666666666667
i8,65.85883125,0.806911875,0.3125,71.0836,71.0836,0.86548,0.35
