model,testScore,testavgFB,testG,default,trainScore,trainavgFB,trainG
original,87.11410624999999,0.949844375,0.6875,87.14640833333334,87.14640833333334,0.9378058333333334,0.7166666666666667
none,87.11410624999999,0.949844375,0.6875,87.14640833333334,87.14640833333334,0.9378058333333334,0.7166666666666667
f16,87.11778125,0.949896875,0.6875,87.13050666666668,87.13050666666668,0.9375786666666668,0.7166666666666667
i8,78.54105625,0.9077293750000001,0.5,73.56612666666666,73.56612666666666,0.9009446666666666,0.35
