model,testScore,testavgFB,testG,default,trainScore,trainavgFB,trainG
original,86.50773125,0.9411818750000001,0.6875,90.65053166666665,90.65053166666665,0.9664361666666664,0.7666666666666667
none,86.50773125,0.9411818750000001,0.6875,90.65053166666665,90.65053166666665,0.9664361666666664,0.7666666666666667
f16,86.50773125,0.9411818750000001,0.6875,90.65053166666665,90.65053166666665,0.9664361666666664,0.7666666666666667
i8,85.933775,0.9329824999999999,0.6875,90.99799,90.99799,0.964257,0.7833333333333333
