model,testScore,testavgFB,testG,default,trainScore,trainavgFB,trainG
original,96.5262875,0.97716125,0.9375,91.66208333333333,91.66208333333333,0.9594583333333333,0.8166666666666667
none,96.5262875,0.97716125,0.9375,91.66208333333333,91.66208333333333,0.9594583333333333,0.8166666666666667
f16,96.5262875,0.97716125,0.9375,91.67546499999999,91.67546499999999,0.9596494999999998,0.8166666666666667
i8,25.108306250000002,0.33190437500000003,0.0625,27.148001666666673,27.148001666666673,0.30925716666666675,0.18333333333333332
