model,testScore,testavgFB,testG,default,trainScore,trainavgFB,trainG
original,93.97683749999999,0.9675262499999999,0.875,89.70686166666668,89.70686166666668,0.9529551666666668,0.7666666666666667
none,93.97683749999999,0.9675262499999999,0.875,89.70686166666668,89.70686166666668,0.9529551666666668,0.7666666666666667
f16,93.97683749999999,0.9675262499999999,0.875,89.70606833333333,89.70606833333333,0.9529438333333334,0.7666666666666667
i8,70.80075,0.850725,0.375,73.77895000000001,73.77895000000001,0.903985,0.35
