model,testScore,testavgFB,testG,default,trainScore,trainavgFB,trainG
original,96.34651875,0.9745931250000001,0.9375,92.30705,92.30705,0.975815,0.8
none,96.34651875,0.9745931250000001,0.9375,92.30705,92.30705,0.975815,0.8
f16,96.34651875,0.9745931250000001,0.9375,92.30705,92.30705,0.975815,0.8
i8,93.78298125,0.9647568750000001,0.875,92.07424333333333,92.07424333333333,0.9653463333333332,0.8166666666666667
