model,testScore,testavgFB,testG,default,trainScore,trainavgFB,trainG
original,96.6165,0.9784499999999999,0.9375,92.62837666666667,92.62837666666667,0.9661196666666666,0.8333333333333334
none,96.6165,0.9784499999999999,0.9375,92.62837666666667,92.62837666666667,0.9661196666666666,0.8333333333333334
f16,96.6165,0.9784499999999999,0.9375,92.630535,92.630535,0.9661504999999999,0.8333333333333334
i8,96.36419375,0.9748456249999999,0.9375,92.08480166666666,92.08480166666666,0.9654971666666666,0.8166666666666667
