model,testScore,testavgFB,testG,default,trainScore,trainavgFB,trainG
original,96.73431875,0.9801331249999999,0.9375,93.14846500000002,93.14846500000002,0.9735495000000002,0.8333333333333334
none,96.73431875,0.9801331249999999,0.9375,93.14846500000002,93.14846500000002,0.9735495000000002,0.8333333333333334
f16,96.73431875,0.9801331249999999,0.9375,93.13300666666667,93.13300666666667,0.9733286666666667,0.8333333333333334
i8,79.3881875,0.91983125,0.5,78.48905500000001,78.48905500000001,0.9069865,0.5
