model,testScore,testavgFB,testG,default,trainScore,trainavgFB,trainG
original,96.6270875,0.97860125,0.9375,92.55907666666667,92.55907666666667,0.9651296666666667,0.8333333333333334
none,96.6270875,0.97860125,0.9375,92.55907666666667,92.55907666666667,0.9651296666666667,0.8333333333333334
f16,96.67901875,0.979343125,0.9375,92.57577166666668,92.57577166666668,0.9653681666666668,0.8333333333333334
i8,53.0937125,0.6513387500000001,0.25,40.21528000000001,40.21528000000001,0.4745040000000001,0.23333333333333334
