model,testScore,testavgFB,testG,default,trainScore,trainavgFB,trainG
original,96.13306250000001,0.97154375,0.9375,91.75017666666668,91.75017666666668,0.9678596666666668,0.8
none,96.13306250000001,0.97154375,0.9375,91.75017666666668,91.75017666666668,0.9678596666666668,0.8
f16,96.080825,0.9707975,0.9375,91.73548833333334,91.73548833333334,0.9676498333333334,0.8
i8,78.23590000000002,0.9033700000000001,0.5,87.76816166666666,87.76816166666666,0.9395451666666664,0.7333333333333333
