model,testScore,testavgFB,testG,default,trainScore,trainavgFB,trainG
original,96.51793124999999,0.977041875,0.9375,93.22443833333332,93.22443833333332,0.9746348333333331,0.8333333333333334
none,96.51793124999999,0.977041875,0.9375,93.22443833333332,93.22443833333332,0.9746348333333331,0.8333333333333334
f16,96.51793124999999,0.977041875,0.9375,93.23240666666665,93.23240666666665,0.9747486666666665,0.8333333333333334
i8,91.26328125,0.955546875,0.8125,83.19675000000001,83.19675000000001,0.938525,0.5833333333333334
