model,testScore,testavgFB,testG,default,trainScore,trainavgFB,trainG
original,88.74218125,0.9463168750000001,0.75,92.49268166666667,92.49268166666667,0.9641811666666666,0.8333333333333334
none,88.74218125,0.9463168750000001,0.75,92.49268166666667,92.49268166666667,0.9641811666666666,0.8333333333333334
f16,90.75613125,0.948301875,0.8125,92.54471500000001,92.54471500000001,0.9649245000000002,0.8333333333333334
i8,33.37692500000001,0.4500275000000001,0.0625,56.61081166666667,56.61081166666667,0.6944401666666667,0.26666666666666666
