model,testScore,testavgFB,testG,default,trainScore,trainavgFB,trainG
original,96.77929375,0.9807756249999999,0.9375,93.35409000000003,93.35409000000003,0.9764870000000003,0.8333333333333334
none,96.77929375,0.9807756249999999,0.9375,93.35409000000003,93.35409000000003,0.9764870000000003,0.8333333333333334
f16,96.77929375,0.9807756249999999,0.9375,93.35409000000003,93.35409000000003,0.9764870000000003,0.8333333333333334
i8,81.23278125,0.9193968750000001,0.5625,85.40832833333333,85.40832833333333,0.9272618333333333,0.6833333333333333
