model,testScore,testavgFB,testG,default,trainScore,trainavgFB,trainG
original,96.5770375,0.9778862500000001,0.9375,93.39937,93.39937,0.969991,0.85
none,96.5770375,0.9778862500000001,0.9375,93.39937,93.39937,0.969991,0.85
f16,96.5770375,0.9778862500000001,0.9375,93.39749166666667,93.39749166666667,0.9699641666666667,0.85
i8,89.41916875,0.955988125,0.75,89.06996333333333,89.06996333333333,0.9581423333333334,0.7333333333333333
