model,testScore,testavgFB,testG,default,trainScore,trainavgFB,trainG
original,96.47706874999999,0.9764581249999998,0.9375,92.23630500000002,92.23630500000002,0.9676615000000002,0.8166666666666667
none,96.47706874999999,0.9764581249999998,0.9375,92.23630500000002,92.23630500000002,0.9676615000000002,0.8166666666666667
f16,96.47706874999999,0.9764581249999998,0.9375,92.25450500000001,92.25450500000001,0.9679215000000002,0.8166666666666667
i8,74.5399875,0.85057125,0.5,71.99505833333333,71.99505833333333,0.8785008333333334,0.35
