model,testScore,testavgFB,testG,default,trainScore,trainavgFB,trainG
original,96.54072500000001,0.9773675000000001,0.9375,93.663235,93.663235,0.9737604999999999,0.85
none,96.54072500000001,0.9773675000000001,0.9375,93.663235,93.663235,0.9737604999999999,0.85
f16,96.54072500000001,0.9773675000000001,0.9375,93.67249833333334,93.67249833333334,0.9738928333333333,0.85
i8,96.31191249999999,0.9740987499999999,0.9375,92.31409833333333,92.31409833333333,0.9687728333333333,0.8166666666666667
