model,testScore,testavgFB,testG,default,trainScore,trainavgFB,trainG
original,96.66668125000001,0.9791668750000001,0.9375,92.96126166666666,92.96126166666666,0.9708751666666665,0.8333333333333334
none,96.66668125000001,0.9791668750000001,0.9375,92.96126166666666,92.96126166666666,0.9708751666666665,0.8333333333333334
f16,96.66668125000001,0.9791668750000001,0.9375,92.96532166666667,92.96532166666667,0.9709331666666666,0.8333333333333334
i8,89.83216875,0.9618881249999999,0.75,89.66027500000003,89.66027500000003,0.9594325000000004,0.75
