model,testScore,testavgFB,testG,default,trainScore,trainavgFB,trainG
original,96.61387500000001,0.9784125,0.9375,93.71057833333333,93.71057833333333,0.9744368333333333,0.85
none,96.61387500000001,0.9784125,0.9375,93.71057833333333,93.71057833333333,0.9744368333333333,0.85
f16,96.61387500000001,0.9784125,0.9375,93.70130333333333,93.70130333333333,0.9743043333333333,0.85
i8,96.35806875,0.974758125,0.9375,94.78423000000001,94.78423000000001,0.975489,0.8833333333333333
