model,testScore,testavgFB,testG,default,trainScore,trainavgFB,trainG
original,96.6073125,0.97831875,0.9375,93.71374,93.71374,0.9744820000000001,0.85
none,96.6073125,0.97831875,0.9375,93.71374,93.71374,0.9744820000000001,0.85
f16,96.6073125,0.97831875,0.9375,93.71448666666667,93.71448666666667,0.9744926666666668,0.85
i8,89.273,0.9539,0.75,87.68531500000002,87.68531500000002,0.9455045000000002,0.7166666666666667
