model,testScore,testavgFB,testG,default,trainScore,trainavgFB,trainG
original,96.63806875,0.978758125,0.9375,93.37727166666666,93.37727166666666,0.9768181666666665,0.8333333333333334
none,96.63806875,0.978758125,0.9375,93.37727166666666,93.37727166666666,0.9768181666666665,0.8333333333333334
f16,96.63806875,0.978758125,0.9375,93.37727166666666,93.37727166666666,0.9768181666666665,0.8333333333333334
i8,96.49885624999999,0.9767693749999999,0.9375,93.388135,93.388135,0.9698305000000002,0.85
