model,testScore,testavgFB,testG,default,trainScore,trainavgFB,trainG
original,96.56535625000001,0.9777193750000001,0.9375,94.21817333333334,94.21817333333334,0.9745453333333334,0.8666666666666667
none,96.56535625000001,0.9777193750000001,0.9375,94.21817333333334,94.21817333333334,0.9745453333333334,0.8666666666666667
f16,96.56535625000001,0.9777193750000001,0.9375,94.21817333333334,94.21817333333334,0.9745453333333334,0.8666666666666667
i8,76.70341875,0.908263125,0.4375,79.42918,79.42918,0.913274,0.5166666666666667
