model,testScore,testavgFB,testG,default,trainScore,trainavgFB,trainG
original,96.65189375,0.978955625,0.9375,92.54852833333334,92.54852833333334,0.9721218333333334,0.8166666666666667
none,96.65189375,0.978955625,0.9375,92.54852833333334,92.54852833333334,0.9721218333333334,0.8166666666666667
f16,96.65189375,0.978955625,0.9375,92.54694166666667,92.54694166666667,0.9720991666666667,0.8166666666666667
i8,91.83491875,0.9637131250000001,0.8125,90.08222333333332,90.08222333333332,0.9654603333333331,0.75
