model,testScore,testavgFB,testG,default,trainScore,trainavgFB,trainG
original,96.36034375,0.974790625,0.9375,91.48236833333333,91.48236833333333,0.9640338333333331,0.8
none,96.36034375,0.974790625,0.9375,91.48236833333333,91.48236833333333,0.9640338333333331,0.8
f16,96.36966249999999,0.9749237499999999,0.9375,91.482835,91.482835,0.9640405,0.8
i8,62.007862499999995,0.7786837499999999,0.25,51.738846666666674,51.738846666666674,0.6248406666666668,0.26666666666666666
