model,testScore,testavgFB,testG,default,trainScore,trainavgFB,trainG
original,94.08923125000001,0.9691318750000001,0.875,92.51329666666666,92.51329666666666,0.9644756666666666,0.8333333333333334
none,94.08923125000001,0.9691318750000001,0.875,92.51329666666666,92.51329666666666,0.9644756666666666,0.8333333333333334
f16,94.08923125000001,0.9691318750000001,0.875,92.51334333333332,92.51334333333332,0.9644763333333333,0.8333333333333334
i8,96.6164125,0.9784487499999999,0.9375,93.23534666666667,93.23534666666667,0.9747906666666668,0.8333333333333334
