model,testScore,testavgFB,testG,default,trainScore,trainavgFB,trainG
original,94.21146875000001,0.970878125,0.875,92.72079833333333,92.72079833333333,0.9745828333333334,0.8166666666666667
none,94.21146875000001,0.970878125,0.875,92.72079833333333,92.72079833333333,0.9745828333333334,0.8166666666666667
f16,91.9845,0.9658499999999999,0.8125,92.71087000000001,92.71087000000001,0.9744410000000002,0.8166666666666667
i8,10.32054375,0.12065062500000001,0.0625,22.476364999999998,22.476364999999998,0.24251949999999997,0.18333333333333332
