model,testScore,testavgFB,testG,default,trainScore,trainavgFB,trainG
original,96.743725,0.9802675,0.9375,94.51649,94.51649,0.978807,0.8666666666666667
none,96.743725,0.9802675,0.9375,94.51649,94.51649,0.978807,0.8666666666666667
f16,96.743725,0.9802675,0.9375,94.51192833333334,94.51192833333334,0.9787418333333334,0.8666666666666667
i8,92.03800625,0.9666143749999999,0.8125,90.46241833333335,90.46241833333335,0.9637488333333336,0.7666666666666667
