model,testScore,testavgFB,testG,default,trainScore,trainavgFB,trainG
original,82.5795,0.91185,0.625,88.820365,88.820365,0.9617194999999998,0.7166666666666667
none,82.5795,0.91185,0.625,88.820365,88.820365,0.9617194999999998,0.7166666666666667
f16,82.5795,0.91185,0.625,88.81594333333332,88.81594333333332,0.9616563333333332,0.7166666666666667
i8,80.192975,0.9045425,0.5625,87.47103166666666,87.47103166666666,0.9495861666666665,0.7
