model,testScore,testavgFB,testG,default,trainScore,trainavgFB,trainG
original,93.59590625,0.962084375,0.875,91.61351333333333,91.61351333333333,0.9659073333333332,0.8
none,93.59590625,0.962084375,0.875,91.61351333333333,91.61351333333333,0.9659073333333332,0.8
f16,93.56011875,0.961573125,0.875,91.61050333333331,91.61050333333331,0.9658643333333331,0.8
i8,91.31005,0.956215,0.8125,91.89234666666667,91.89234666666667,0.9698906666666668,0.8
