model,testScore,testavgFB,testG,default,trainScore,trainavgFB,trainG
original,96.55669375,0.977595625,0.9375,94.72044666666666,94.72044666666666,0.9817206666666666,0.8666666666666667
none,96.55669375,0.977595625,0.9375,94.72044666666666,94.72044666666666,0.9817206666666666,0.8666666666666667
f16,96.55669375,0.977595625,0.9375,94.71786833333333,94.71786833333333,0.9816838333333333,0.8666666666666667
i8,94.5441,0.97563,0.875,95.65796,95.65796,0.980828,0.9
