model,testScore,testavgFB,testG,default,trainScore,trainavgFB,trainG
original,96.73431875,0.9801331249999999,0.9375,93.41801333333332,93.41801333333332,0.9702573333333332,0.85
none,96.73431875,0.9801331249999999,0.9375,93.41801333333332,93.41801333333332,0.9702573333333332,0.85
f16,96.73431875,0.9801331249999999,0.9375,93.41801333333332,93.41801333333332,0.9702573333333332,0.85
i8,96.574325,0.9778475,0.9375,93.35558500000002,93.35558500000002,0.9693655000000002,0.85
