model,testScore,testavgFB,testG,default,trainScore,trainavgFB,trainG
original,96.729375,0.9800625000000001,0.9375,94.65153166666666,94.65153166666666,0.9807361666666665,0.8666666666666667
none,96.729375,0.9800625000000001,0.9375,94.65153166666666,94.65153166666666,0.9807361666666665,0.8666666666666667
f16,96.729375,0.9800625000000001,0.9375,94.65297833333332,94.65297833333332,0.9807568333333332,0.8666666666666667
i8,94.59909375,0.976415625,0.875,95.16084166666667,95.16084166666667,0.9808691666666668,0.8833333333333333
