model,testScore,testavgFB,testG,default,trainScore,trainavgFB,trainG
original,94.52174375,0.975310625,0.875,92.85545666666667,92.85545666666667,0.9693636666666667,0.8333333333333334
none,94.52174375,0.975310625,0.875,92.85545666666667,92.85545666666667,0.9693636666666667,0.8333333333333334
f16,94.52174375,0.975310625,0.875,92.85597000000001,92.85597000000001,0.9693710000000002,0.8333333333333334
i8,18.13831875,0.23233312499999997,0.0625,27.757188333333332,27.757188333333332,0.31795983333333333,0.18333333333333332
