model,testScore,testavgFB,testG,default,trainScore,trainavgFB,trainG
original,96.63841875,0.978763125,0.9375,94.34073166666664,94.34073166666664,0.9762961666666664,0.8666666666666667
none,96.63841875,0.978763125,0.9375,94.34073166666664,94.34073166666664,0.9762961666666664,0.8666666666666667
f16,96.63841875,0.978763125,0.9375,94.34146666666665,94.34146666666665,0.9763066666666664,0.8666666666666667
i8,63.2945,0.82385,0.1875,66.43049500000001,66.43049500000001,0.8275785000000001,0.2833333333333333
