model,testScore,testavgFB,testG,default,trainScore,trainavgFB,trainG
original,96.68540625,0.9794343750000001,0.9375,92.32221833333331,92.32221833333331,0.9688888333333331,0.8166666666666667
none,96.68540625,0.9794343750000001,0.9375,92.32221833333331,92.32221833333331,0.9688888333333331,0.8166666666666667
f16,96.68540625,0.9794343750000001,0.9375,92.32301166666664,92.32301166666664,0.9689001666666665,0.8166666666666667
i8,93.64879999999998,0.9628399999999998,0.875,84.55314333333332,84.55314333333332,0.9436163333333333,0.6166666666666667
