model,testScore,testavgFB,testG,default,trainScore,trainavgFB,trainG
original,96.71625,0.979875,0.9375,90.35017500000001,90.35017500000001,0.9550025000000002,0.7833333333333333
none,96.71625,0.979875,0.9375,90.35017500000001,90.35017500000001,0.9550025000000002,0.7833333333333333
f16,96.71625,0.979875,0.9375,90.35017500000001,90.35017500000001,0.9550025000000002,0.7833333333333333
i8,87.14061875,0.9502231250000001,0.6875,89.69108833333334,89.69108833333334,0.9527298333333334,0.7666666666666667
