model,testScore,testavgFB,testG,default,trainScore,trainavgFB,trainG
original,96.53315625,0.977259375,0.9375,93.46407333333335,93.46407333333335,0.9709153333333336,0.85
none,96.53315625,0.977259375,0.9375,93.46407333333335,93.46407333333335,0.9709153333333336,0.85
f16,96.53315625,0.977259375,0.9375,93.46596333333333,93.46596333333333,0.9709423333333334,0.85
i8,96.31064375,0.9740806249999999,0.9375,93.66561500000002,93.66561500000002,0.9737945000000002,0.85
