model,testScore,testavgFB,testG,default,trainScore,trainavgFB,trainG
original,96.64288125,0.978826875,0.9375,95.68024333333332,95.68024333333332,0.9811463333333332,0.9
none,96.64288125,0.978826875,0.9375,95.68024333333332,95.68024333333332,0.9811463333333332,0.9
f16,96.64288125,0.978826875,0.9375,95.67022166666666,95.67022166666666,0.9810031666666666,0.9
i8,89.5161625,0.9573737499999999,0.75,89.91995333333332,89.91995333333332,0.9559993333333332,0.7666666666666667
