model,testScore,testavgFB,testG,default,trainScore,trainavgFB,trainG
original,96.2436625,0.9731237500000001,0.9375,87.93563666666665,87.93563666666665,0.9419376666666666,0.7333333333333333
none,96.2436625,0.9731237500000001,0.9375,87.93563666666665,87.93563666666665,0.9419376666666666,0.7333333333333333
f16,96.3684375,0.9749062500000001,0.9375,88.10062666666666,88.10062666666666,0.9442946666666666,0.7333333333333333
i8,8.791262500000002,0.09880375000000001,0.0625,20.118811666666666,20.118811666666666,0.20884016666666666,0.18333333333333332
