model,testScore,testavgFB,testG,default,trainScore,trainavgFB,trainG
original,96.55778749999999,0.9776112499999999,0.9375,90.41164666666668,90.41164666666668,0.9558806666666668,0.7833333333333333
none,96.55778749999999,0.9776112499999999,0.9375,90.41164666666668,90.41164666666668,0.9558806666666668,0.7833333333333333
f16,96.55778749999999,0.9776112499999999,0.9375,90.41937,90.41937,0.9559909999999999,0.7833333333333333
i8,70.00514999999999,0.8661449999999999,0.3125,74.21935166666665,74.21935166666665,0.8745621666666664,0.43333333333333335
