model,testScore,testavgFB,testG,default,trainScore,trainavgFB,trainG
original,93.87231874999999,0.9660331249999998,0.875,91.88587333333335,91.88587333333335,0.9626553333333335,0.8166666666666667
none,93.87231874999999,0.9660331249999998,0.875,91.88587333333335,91.88587333333335,0.9626553333333335,0.8166666666666667
f16,93.87231874999999,0.9660331249999998,0.875,91.22380000000001,91.22380000000001,0.9603400000000001,0.8
i8,58.821018749999986,0.7599431249999998,0.1875,52.854705,52.854705,0.6407815,0.26666666666666666
