model,testScore,testavgFB,testG,default,trainScore,trainavgFB,trainG
original,96.5563875,0.9775912499999999,0.9375,92.84174833333333,92.84174833333333,0.9691678333333333,0.8333333333333334
none,96.5563875,0.9775912499999999,0.9375,92.84174833333333,92.84174833333333,0.9691678333333333,0.8333333333333334
f16,96.5563875,0.9775912499999999,0.9375,92.84174833333333,92.84174833333333,0.9691678333333333,0.8333333333333334
i8,96.61085625,0.978369375,0.9375,94.16547500000003,94.16547500000003,0.9737925000000004,0.8666666666666667
