model,testScore,testavgFB,testG,default,trainScore,trainavgFB,trainG
original,91.7945375,0.96313625,0.8125,92.10497333333332,92.10497333333332,0.965785333333333,0.8166666666666667
none,91.7945375,0.96313625,0.8125,92.10497333333332,92.10497333333332,0.965785333333333,0.8166666666666667
f16,91.7945375,0.96313625,0.8125,92.10099499999998,92.10099499999998,0.9657284999999998,0.8166666666666667
i8,96.60735625000001,0.9783193750000001,0.9375,90.99850500000001,90.99850500000001,0.9571215000000001,0.8
