model,testScore,testavgFB,testG,default,trainScore,trainavgFB,trainG
original,94.28645625,0.971949375,0.875,91.506425,91.506425,0.9643774999999999,0.8
none,94.28645625,0.971949375,0.875,91.506425,91.506425,0.9643774999999999,0.8
f16,96.21430624999999,0.972704375,0.9375,91.52449666666666,91.52449666666666,0.9646356666666666,0.8
i8,86.31768124999999,0.9384668749999999,0.6875,87.696725,87.696725,0.9456675000000001,0.7166666666666667
