model,testScore,testavgFB,testG,default,trainScore,trainavgFB,trainG
original,96.68059375,0.979365625,0.9375,94.00291,94.00291,0.9786130000000001,0.85
none,96.68059375,0.979365625,0.9375,94.00291,94.00291,0.9786130000000001,0.85
f16,96.68059375,0.979365625,0.9375,94.00162666666667,94.00162666666667,0.9785946666666667,0.85
i8,96.54628124999999,0.9774468749999999,0.9375,92.20500333333335,92.20500333333335,0.9672143333333335,0.8166666666666667
