model,testScore,testavgFB,testG,default,trainScore,trainavgFB,trainG
original,96.5969875,0.9781712499999999,0.9375,93.75284833333335,93.75284833333335,0.9678978333333336,0.8666666666666667
none,96.5969875,0.9781712499999999,0.9375,93.75284833333335,93.75284833333335,0.9678978333333336,0.8666666666666667
f16,96.5969875,0.9781712499999999,0.9375,93.74896333333335,93.74896333333335,0.9678423333333336,0.8666666666666667
i8,50.51993125,0.668141875,0.125,55.05616500000001,55.05616500000001,0.6936595000000001,0.21666666666666667
