model,testScore,testavgFB,testG,default,trainScore,trainavgFB,trainG
original,96.48730625,0.976604375,0.9375,93.73245333333332,93.73245333333332,0.9747493333333332,0.85
none,96.48730625,0.976604375,0.9375,93.73245333333332,93.73245333333332,0.9747493333333332,0.85
f16,96.48730625,0.976604375,0.9375,93.70959833333333,93.70959833333333,0.9744228333333333,0.85
i8,90.00541875,0.964363125,0.75,89.35911333333333,89.35911333333333,0.9479873333333333,0.7666666666666667
