model,testScore,testavgFB,testG,default,trainScore,trainavgFB,trainG
original,96.14054375,0.9716506250000001,0.9375,90.31480166666667,90.31480166666667,0.9544971666666666,0.7833333333333333
none,96.14054375,0.9716506250000001,0.9375,90.31480166666667,90.31480166666667,0.9544971666666666,0.7833333333333333
f16,96.14054375,0.9716506250000001,0.9375,90.33159,90.33159,0.9547370000000001,0.7833333333333333
i8,94.3919375,0.9734562499999999,0.875,91.75275666666668,91.75275666666668,0.9607536666666668,0.8166666666666667
