model,testScore,testavgFB,testG,default,trainScore,trainavgFB,trainG
original,93.62653125,0.9625218750000001,0.875,90.53988666666667,90.53988666666667,0.9577126666666668,0.7833333333333333
none,93.62653125,0.9625218750000001,0.875,90.53988666666667,90.53988666666667,0.9577126666666668,0.7833333333333333
f16,93.55329375000001,0.9614756250000001,0.875,90.45820833333335,90.45820833333335,0.9565458333333334,0.7833333333333333
i8,24.59485625,0.324569375,0.0625,28.68828166666666,28.68828166666666,0.3312611666666666,0.18333333333333332
