model,testScore,testavgFB,testG,default,trainScore,trainavgFB,trainG
original,91.5036875,0.95898125,0.8125,91.90395500000002,91.90395500000002,0.9700565000000003,0.8
none,91.5036875,0.95898125,0.8125,91.90395500000002,91.90395500000002,0.9700565000000003,0.8
f16,91.5036875,0.95898125,0.8125,91.90584500000001,91.90584500000001,0.9700835000000002,0.8
i8,91.60514375,0.9604306249999999,0.8125,91.06389500000002,91.06389500000002,0.9651985000000002,0.7833333333333333
