model,testScore,testavgFB,testG,default,trainScore,trainavgFB,trainG
original,94.5396375,0.97556625,0.875,92.92643666666669,92.92643666666669,0.9703776666666669,0.8333333333333334
none,94.5396375,0.97556625,0.875,92.92643666666669,92.92643666666669,0.9703776666666669,0.8333333333333334
f16,94.5396375,0.97556625,0.875,92.92597000000002,92.92597000000002,0.9703710000000002,0.8333333333333334
i8,7.977425,0.0871775,0.0625,20.804613333333332,20.804613333333332,0.21863733333333332,0.18333333333333332
