model,testScore,testavgFB,testG,default,trainScore,trainavgFB,trainG
original,96.63758750000001,0.9787512500000001,0.9375,94.64257166666665,94.64257166666665,0.9806081666666665,0.8666666666666667
none,96.63758750000001,0.9787512500000001,0.9375,94.64257166666665,94.64257166666665,0.9806081666666665,0.8666666666666667
f16,96.63758750000001,0.9787512500000001,0.9375,94.64497499999999,94.64497499999999,0.9806424999999999,0.8666666666666667
i8,86.6504875,0.9432212499999999,0.6875,87.348705,87.348705,0.9549814999999999,0.6833333333333333
