model,testScore,testavgFB,testG,default,trainScore,trainavgFB,trainG
original,96.55612500000001,0.9775875,0.9375,94.68399,94.68399,0.974057,0.8833333333333333
none,96.55612500000001,0.9775875,0.9375,94.68399,94.68399,0.974057,0.8833333333333333
f16,96.55612500000001,0.9775875,0.9375,94.68266,94.68266,0.974038,0.8833333333333333
i8,96.53508124999999,0.9772868749999999,0.9375,95.21144166666667,95.21144166666667,0.9744491666666667,0.9
