model,testScore,testavgFB,testG,default,trainScore,trainavgFB,trainG
original,96.62446249999999,0.97856375,0.9375,92.38654833333335,92.38654833333335,0.9698078333333335,0.8166666666666667
none,96.62446249999999,0.97856375,0.9375,92.38654833333335,92.38654833333335,0.9698078333333335,0.8166666666666667
f16,96.62446249999999,0.97856375,0.9375,92.39486666666667,92.39486666666667,0.9699266666666667,0.8166666666666667
i8,84.45851875,0.9386931249999999,0.625,90.49877333333332,90.49877333333332,0.957125333333333,0.7833333333333333
