model,testScore,testavgFB,testG,default,trainScore,trainavgFB,trainG
original,94.60880625,0.976554375,0.875,92.80851,92.80851,0.9686929999999999,0.8333333333333334
none,94.60880625,0.976554375,0.875,92.80851,92.80851,0.9686929999999999,0.8333333333333334
f16,94.60880625,0.976554375,0.875,92.80851,92.80851,0.9686929999999999,0.8333333333333334
i8,94.3243875,0.97249125,0.875,91.49336999999998,91.49336999999998,0.9641909999999998,0.8
