model,testScore,testavgFB,testG,default,trainScore,trainavgFB,trainG
original,96.58066875,0.977938125,0.9375,95.085125,95.085125,0.9797875,0.8833333333333333
none,96.58066875,0.977938125,0.9375,95.085125,95.085125,0.9797875,0.8833333333333333
f16,96.55319374999999,0.977545625,0.9375,95.08600000000001,95.08600000000001,0.9798000000000001,0.8833333333333333
i8,72.75414375,0.878630625,0.375,77.34120166666666,77.34120166666666,0.9120171666666667,0.45
