model,testScore,testavgFB,testG,default,trainScore,trainavgFB,trainG
original,96.743725,0.9802675,0.9375,94.00267833333335,94.00267833333335,0.9714668333333335,0.8666666666666667
none,96.743725,0.9802675,0.9375,94.00267833333335,94.00267833333335,0.9714668333333335,0.8666666666666667
f16,96.743725,0.9802675,0.9375,94.00267833333335,94.00267833333335,0.9714668333333335,0.8666666666666667
i8,96.40509999999999,0.9754299999999999,0.9375,92.035685,92.035685,0.9647955,0.8166666666666667
