model,testScore,testavgFB,testG,default,trainScore,trainavgFB,trainG
original,96.71568124999999,0.9798668749999999,0.9375,93.936235,93.936235,0.9776604999999999,0.85
none,96.71568124999999,0.9798668749999999,0.9375,93.936235,93.936235,0.9776604999999999,0.85
f16,96.71568124999999,0.9798668749999999,0.9375,93.936235,93.936235,0.9776604999999999,0.85
i8,92.09899375,0.967485625,0.8125,93.71940999999998,93.71940999999998,0.9745629999999998,0.85
