model,testScore,testavgFB,testG,default,trainScore,trainavgFB,trainG
original,96.67901875,0.979343125,0.9375,94.22881333333333,94.22881333333333,0.9746973333333333,0.8666666666666667
none,96.67901875,0.979343125,0.9375,94.22881333333333,94.22881333333333,0.9746973333333333,0.8666666666666667
f16,96.67901875,0.979343125,0.9375,94.23023666666667,94.23023666666667,0.9747176666666667,0.8666666666666667
i8,96.66983125,0.9792118750000001,0.9375,94.43641,94.43641,0.977663,0.8666666666666667
