model,testScore,testavgFB,testG,default,trainScore,trainavgFB,trainG
original,96.71174375,0.9798106249999999,0.9375,93.23088000000001,93.23088000000001,0.9675840000000001,0.85
none,96.71174375,0.9798106249999999,0.9375,93.23088000000001,93.23088000000001,0.9675840000000001,0.85
f16,96.71174375,0.9798106249999999,0.9375,93.23330666666668,93.23330666666668,0.9676186666666667,0.85
i8,96.56198749999999,0.9776712499999999,0.9375,94.49662333333333,94.49662333333333,0.9713803333333334,0.8833333333333333
