model,testScore,testavgFB,testG,default,trainScore,trainavgFB,trainG
original,96.61453125,0.978421875,0.9375,92.30114833333333,92.30114833333333,0.9685878333333332,0.8166666666666667
none,96.61453125,0.978421875,0.9375,92.30114833333333,92.30114833333333,0.9685878333333332,0.8166666666666667
f16,96.61453125,0.978421875,0.9375,92.80501000000001,92.80501000000001,0.9686430000000001,0.8333333333333334
i8,90.97321875,0.951403125,0.8125,91.97258000000002,91.97258000000002,0.9638940000000003,0.8166666666666667
