model,testScore,testavgFB,testG,default,trainScore,trainavgFB,trainG
original,96.8118,0.98124,0.9375,93.75388666666666,93.75388666666666,0.9679126666666666,0.8666666666666667
none,96.8118,0.98124,0.9375,93.75388666666666,93.75388666666666,0.9679126666666666,0.8666666666666667
f16,96.8118,0.98124,0.9375,93.77388333333333,93.77388333333333,0.9681983333333334,0.8666666666666667
i8,28.03815625,0.373759375,0.0625,41.34134333333333,41.34134333333333,0.5048763333333333,0.2
