model,testScore,testavgFB,testG,default,trainScore,trainavgFB,trainG
original,96.5717875,0.97781125,0.9375,92.95107666666668,92.95107666666668,0.9707296666666668,0.8333333333333334
none,96.5717875,0.97781125,0.9375,92.95107666666668,92.95107666666668,0.9707296666666668,0.8333333333333334
f16,96.5717875,0.97781125,0.9375,92.95075,92.95075,0.9707250000000001,0.8333333333333334
i8,93.66931874999999,0.9631331249999999,0.875,91.27103833333332,91.27103833333332,0.9610148333333333,0.8
