model,testScore,testavgFB,testG,default,trainScore,trainavgFB,trainG
original,96.58403750000001,0.9779862500000001,0.9375,94.81228833333333,94.81228833333333,0.9758898333333333,0.8833333333333333
none,96.58403750000001,0.9779862500000001,0.9375,94.81228833333333,94.81228833333333,0.9758898333333333,0.8833333333333333
f16,96.58403750000001,0.9779862500000001,0.9375,94.81714166666666,94.81714166666666,0.9759591666666666,0.8833333333333333
i8,96.16145625,0.971949375,0.9375,92.21811500000001,92.21811500000001,0.9745445000000001,0.8
