model,testScore,testavgFB,testG,default,trainScore,trainavgFB,trainG
original,96.73064375,0.980080625,0.9375,92.70831666666666,92.70831666666666,0.9672616666666667,0.8333333333333334
none,96.73064375,0.980080625,0.9375,92.70831666666666,92.70831666666666,0.9672616666666667,0.8333333333333334
f16,96.73064375,0.980080625,0.9375,92.70961166666666,92.70961166666666,0.9672801666666666,0.8333333333333334
i8,78.87403750000001,0.91248625,0.5,86.38555166666667,86.38555166666667,0.9412221666666668,0.6833333333333333
