model,testScore,testavgFB,testG,default,trainScore,trainavgFB,trainG
original,86.38785625,0.939469375,0.6875,91.23122166666666,91.23122166666666,0.9533031666666665,0.8166666666666667
none,86.38785625,0.939469375,0.6875,91.23122166666666,91.23122166666666,0.9533031666666665,0.8166666666666667
f16,86.3587625,0.93905375,0.6875,90.71476,90.71476,0.953068,0.8
i8,96.47676249999999,0.9764537499999999,0.9375,93.99091666666666,93.99091666666666,0.9784416666666667,0.85
