model,testScore,testavgFB,testG,default,trainScore,trainavgFB,trainG
original,96.68269375,0.979395625,0.9375,92.34305499999999,92.34305499999999,0.9691865,0.8166666666666667
none,96.68269375,0.979395625,0.9375,92.34305499999999,92.34305499999999,0.9691865,0.8166666666666667
f16,96.68269375,0.979395625,0.9375,92.32713,92.32713,0.968959,0.8166666666666667
i8,92.0587875,0.96691125,0.8125,85.30653333333332,85.30653333333332,0.9400933333333332,0.65
