model,testScore,testavgFB,testG,default,trainScore,trainavgFB,trainG
original,96.41791875,0.975613125,0.9375,91.93409,91.93409,0.970487,0.8
none,96.41791875,0.975613125,0.9375,91.93409,91.93409,0.970487,0.8
f16,96.41791875,0.975613125,0.9375,91.93277166666667,91.93277166666667,0.9704681666666666,0.8
i8,92.23610625,0.9694443750000001,0.8125,89.84900833333333,89.84900833333333,0.9549858333333333,0.7666666666666667
