model,testScore,testavgFB,testG,default,trainScore,trainavgFB,trainG
original,96.68540625,0.9794343750000001,0.9375,93.90056999999999,93.90056999999999,0.9771509999999998,0.85
none,96.68540625,0.9794343750000001,0.9375,93.90056999999999,93.90056999999999,0.9771509999999998,0.85
f16,96.68540625,0.9794343750000001,0.9375,93.88576499999999,93.88576499999999,0.9769394999999998,0.85
i8,92.35676875,0.9711681249999999,0.8125,93.53724666666666,93.53724666666666,0.9719606666666666,0.85
