model,testScore,testavgFB,testG,default,trainScore,trainavgFB,trainG
original,96.46236875,0.976248125,0.9375,92.64196833333334,92.64196833333334,0.9663138333333333,0.8333333333333334
none,96.46236875,0.976248125,0.9375,92.64196833333334,92.64196833333334,0.9663138333333333,0.8333333333333334
f16,96.46236875,0.976248125,0.9375,92.63531833333333,92.63531833333333,0.9662188333333332,0.8333333333333334
i8,81.53028125,0.9236468750000001,0.5625,85.332715,85.332715,0.9333245,0.6666666666666666
