model,testScore,testavgFB,testG,default,trainScore,trainavgFB,trainG
original,96.56736875,0.977748125,0.9375,92.97812166666667,92.97812166666667,0.9639731666666667,0.85
none,96.56736875,0.977748125,0.9375,92.97812166666667,92.97812166666667,0.9639731666666667,0.85
f16,96.56736875,0.977748125,0.9375,92.98037333333333,92.98037333333333,0.9640053333333333,0.85
i8,76.59233750000001,0.9066762500000001,0.4375,73.08472833333332,73.08472833333332,0.8797818333333332,0.38333333333333336
