model,testScore,testavgFB,testG,default,trainScore,trainavgFB,trainG
original,96.08848125,0.970906875,0.9375,92.84236666666666,92.84236666666666,0.9691766666666666,0.8333333333333334
none,96.08848125,0.970906875,0.9375,92.84236666666666,92.84236666666666,0.9691766666666666,0.8333333333333334
f16,96.08848125,0.970906875,0.9375,92.84098999999999,92.84098999999999,0.9691569999999999,0.8333333333333334
i8,93.9211875,0.96673125,0.875,89.44376500000001,89.44376500000001,0.9563395000000001,0.75
