model,testScore,testavgFB,testG,default,trainScore,trainavgFB,trainG
original,94.12934999999999,0.9697049999999999,0.875,92.34271666666667,92.34271666666667,0.9691816666666668,0.8166666666666667
none,94.12934999999999,0.9697049999999999,0.875,92.34271666666667,92.34271666666667,0.9691816666666668,0.8166666666666667
f16,94.12934999999999,0.9697049999999999,0.875,92.33795666666667,92.33795666666667,0.9691136666666668,0.8166666666666667
i8,91.88951875,0.964493125,0.8125,91.31615333333335,91.31615333333335,0.9616593333333334,0.8
