model,testScore,testavgFB,testG,default,trainScore,trainavgFB,trainG
original,96.494875,0.9767125,0.9375,92.50680833333332,92.50680833333332,0.9715258333333332,0.8166666666666667
none,96.494875,0.9767125,0.9375,92.50680833333332,92.50680833333332,0.9715258333333332,0.8166666666666667
f16,96.494875,0.9767125,0.9375,92.50680833333332,92.50680833333332,0.9715258333333332,0.8166666666666667
i8,94.03406249999999,0.96834375,0.875,92.62634500000001,92.62634500000001,0.9732335000000002,0.8166666666666667
