model,testScore,testavgFB,testG,default,trainScore,trainavgFB,trainG
original,94.50301875,0.975043125,0.875,91.14701999999998,91.14701999999998,0.9663859999999999,0.7833333333333333
none,94.50301875,0.975043125,0.875,91.14701999999998,91.14701999999998,0.9663859999999999,0.7833333333333333
f16,94.50301875,0.975043125,0.875,91.14623833333333,91.14623833333333,0.9663748333333332,0.7833333333333333
i8,96.41971249999999,0.9756387499999999,0.9375,91.77834,91.77834,0.9682620000000001,0.8
