model,testScore,testavgFB,testG,default,trainScore,trainavgFB,trainG
original,96.34673749999999,0.9745962499999999,0.9375,93.53985999999999,93.53985999999999,0.9719979999999999,0.85
none,96.34673749999999,0.9745962499999999,0.9375,93.53985999999999,93.53985999999999,0.9719979999999999,0.85
f16,96.37412499999999,0.9749874999999999,0.9375,93.53991833333333,93.53991833333333,0.9719988333333334,0.85
i8,96.14535624999999,0.9717193749999998,0.9375,92.99801166666667,92.99801166666667,0.9714001666666667,0.8333333333333334
