model,testScore,testavgFB,testG,default,trainScore,trainavgFB,trainG
original,93.87468125,0.966066875,0.875,88.99772166666666,88.99772166666666,0.9642531666666667,0.7166666666666667
none,93.87468125,0.966066875,0.875,88.99772166666666,88.99772166666666,0.9642531666666667,0.7166666666666667
f16,93.87468125,0.966066875,0.875,88.99772166666666,88.99772166666666,0.9642531666666667,0.7166666666666667
i8,66.6798875,0.81864125,0.3125,70.26529666666666,70.26529666666666,0.8680756666666666,0.31666666666666665
