model,testScore,testavgFB,testG,default,trainScore,trainavgFB,trainG
original,96.6179875,0.97847125,0.9375,93.97715166666666,93.97715166666666,0.9711021666666666,0.8666666666666667
none,96.6179875,0.97847125,0.9375,93.97715166666666,93.97715166666666,0.9711021666666666,0.8666666666666667
f16,96.63649375,0.978735625,0.9375,93.97715166666666,93.97715166666666,0.9711021666666666,0.8666666666666667
i8,96.574325,0.9778475,0.9375,93.95318833333333,93.95318833333333,0.9707598333333333,0.8666666666666667
