model,testScore,testavgFB,testG,default,trainScore,trainavgFB,trainG
original,96.71568124999999,0.9798668749999999,0.9375,94.24608000000002,94.24608000000002,0.9749440000000003,0.8666666666666667
none,96.71568124999999,0.9798668749999999,0.9375,94.24608000000002,94.24608000000002,0.9749440000000003,0.8666666666666667
f16,96.71568124999999,0.9798668749999999,0.9375,94.24966166666667,94.24966166666667,0.9749951666666667,0.8666666666666667
i8,44.6275,0.61075,0.0625,40.223558333333344,40.223558333333344,0.49605083333333344,0.18333333333333332
