model,testScore,testavgFB,testG,default,trainScore,trainavgFB,trainG
original,96.71568124999999,0.9798668749999999,0.9375,93.84825833333332,93.84825833333332,0.9692608333333332,0.8666666666666667
none,96.71568124999999,0.9798668749999999,0.9375,93.84825833333332,93.84825833333332,0.9692608333333332,0.8666666666666667
f16,96.71568124999999,0.9798668749999999,0.9375,93.84722,93.84722,0.9692459999999999,0.8666666666666667
i8,96.68129375000001,0.9793756250000001,0.9375,94.25021,94.25021,0.975003,0.8666666666666667
