model,testScore,testavgFB,testG,default,trainScore,trainavgFB,trainG
original,96.59020625000001,0.978074375,0.9375,94.43991,94.43991,0.9777129999999999,0.8666666666666667
none,96.59020625000001,0.978074375,0.9375,94.43991,94.43991,0.9777129999999999,0.8666666666666667
f16,96.59020625000001,0.978074375,0.9375,94.43991,94.43991,0.9777129999999999,0.8666666666666667
i8,96.4741375,0.9764162499999999,0.9375,93.850205,93.850205,0.9764315,0.85
