model,testScore,testavgFB,testG,default,trainScore,trainavgFB,trainG
original,96.664975,0.9791424999999999,0.9375,90.03659666666667,90.03659666666667,0.9576656666666667,0.7666666666666667
none,96.664975,0.9791424999999999,0.9375,90.03659666666667,90.03659666666667,0.9576656666666667,0.7666666666666667
f16,96.664975,0.9791424999999999,0.9375,90.03390166666667,90.03390166666667,0.9576271666666667,0.7666666666666667
i8,96.4772875,0.97646125,0.9375,92.68865666666667,92.68865666666667,0.9741236666666667,0.8166666666666667
