model,testScore,testavgFB,testG,default,trainScore,trainavgFB,trainG
original,96.43226874999999,0.975818125,0.9375,91.13367333333333,91.13367333333333,0.9661953333333333,0.7833333333333333
none,96.43226874999999,0.975818125,0.9375,91.13367333333333,91.13367333333333,0.9661953333333333,0.7833333333333333
f16,96.43226874999999,0.975818125,0.9375,91.65460333333334,91.65460333333334,0.9664943333333333,0.8
i8,71.8662,0.8391600000000001,0.4375,60.15776166666667,60.15776166666667,0.7308251666666667,0.3
