model,testScore,testavgFB,testG,default,trainScore,trainavgFB,trainG
original,96.52659374999999,0.9771656249999999,0.9375,94.0163283333333,94.0163283333333,0.971661833333333,0.8666666666666667
none,96.52659374999999,0.9771656249999999,0.9375,94.0163283333333,94.0163283333333,0.971661833333333,0.8666666666666667
f16,96.52659374999999,0.9771656249999999,0.9375,94.01959499999998,94.01959499999998,0.9717084999999998,0.8666666666666667
i8,88.80894375,0.947270625,0.75,89.20462166666665,89.20462166666665,0.9529231666666664,0.75
