model,testScore,testavgFB,testG,default,trainScore,trainavgFB,trainG
original,96.61925625,0.978489375,0.9375,92.25797,92.25797,0.967971,0.8166666666666667
none,96.61925625,0.978489375,0.9375,92.25797,92.25797,0.967971,0.8166666666666667
f16,96.61925625,0.978489375,0.9375,92.25841333333334,92.25841333333334,0.9679773333333334,0.8166666666666667
i8,79.59959375,0.8960656249999999,0.5625,78.50997333333332,78.50997333333332,0.9072853333333332,0.5
