model,testScore,testavgFB,testG,default,trainScore,trainavgFB,trainG
original,96.37276874999999,0.974968125,0.9375,92.66204666666665,92.66204666666665,0.9666006666666666,0.8333333333333334
none,96.37276874999999,0.974968125,0.9375,92.66204666666665,92.66204666666665,0.9666006666666666,0.8333333333333334
f16,96.37276874999999,0.974968125,0.9375,92.67384166666666,92.67384166666666,0.9667691666666666,0.8333333333333334
i8,74.60454999999999,0.9050649999999999,0.375,79.68766833333333,79.68766833333333,0.9098238333333335,0.5333333333333333
