model,testScore,testavgFB,testG,default,trainScore,trainavgFB,trainG
original,96.44250625,0.975964375,0.9375,92.41444333333334,92.41444333333334,0.9702063333333334,0.8166666666666667
none,96.44250625,0.975964375,0.9375,92.41444333333334,92.41444333333334,0.9702063333333334,0.8166666666666667
f16,96.44250625,0.975964375,0.9375,92.416345,92.416345,0.9702335000000001,0.8166666666666667
i8,91.0574375,0.95260625,0.8125,91.23567500000001,91.23567500000001,0.9676525000000001,0.7833333333333333
