model,testScore,testavgFB,testG,default,trainScore,trainavgFB,trainG
original,96.727625,0.9800375,0.9375,94.28281833333334,94.28281833333334,0.9754688333333333,0.8666666666666667
none,96.727625,0.9800375,0.9375,94.28281833333334,94.28281833333334,0.9754688333333333,0.8666666666666667
f16,96.727625,0.9800375,0.9375,94.28315666666666,94.28315666666666,0.9754736666666665,0.8666666666666667
i8,56.681568750000004,0.6758081250000001,0.3125,46.17383166666667,46.17383166666667,0.5596261666666668,0.23333333333333334
