model,testScore,testavgFB,testG,default,trainScore,trainavgFB,trainG
original,91.60098749999999,0.9603712499999999,0.8125,89.67448333333334,89.67448333333334,0.9667783333333335,0.7333333333333333
none,91.60098749999999,0.9603712499999999,0.8125,89.67448333333334,89.67448333333334,0.9667783333333335,0.7333333333333333
f16,91.60098749999999,0.9603712499999999,0.8125,89.67218500000001,89.67218500000001,0.9667455000000003,0.7333333333333333
i8,56.453624999999995,0.6993375,0.25,57.26684666666669,57.26684666666669,0.725240666666667,0.21666666666666667
