model,testScore,testavgFB,testG,default,trainScore,trainavgFB,trainG
original,94.48166875,0.974738125,0.875,92.24936,92.24936,0.9678479999999999,0.8166666666666667
none,94.48166875,0.974738125,0.875,92.24936,92.24936,0.9678479999999999,0.8166666666666667
f16,94.47234999999999,0.9746049999999999,0.875,92.254295,92.254295,0.9679184999999999,0.8166666666666667
i8,93.92534375,0.9667906249999999,0.875,92.3147633333333,92.3147633333333,0.968782333333333,0.8166666666666667
