model,testScore,testavgFB,testG,default,trainScore,trainavgFB,trainG
original,96.4744875,0.97642125,0.9375,91.78395333333334,91.78395333333334,0.9611993333333335,0.8166666666666667
none,96.4744875,0.97642125,0.9375,91.78395333333334,91.78395333333334,0.9611993333333335,0.8166666666666667
f16,96.4744875,0.97642125,0.9375,91.78395333333334,91.78395333333334,0.9611993333333335,0.8166666666666667
i8,84.3218875,0.9367412500000001,0.625,83.38455333333333,83.38455333333333,0.9197793333333333,0.6333333333333333
