model,testScore,testavgFB,testG,default,trainScore,trainavgFB,trainG
original,96.53993750000001,0.97735625,0.9375,92.90687166666666,92.90687166666666,0.9700981666666666,0.8333333333333334
none,96.53993750000001,0.97735625,0.9375,92.90687166666666,92.90687166666666,0.9700981666666666,0.8333333333333334
f16,96.53993750000001,0.97735625,0.9375,92.90687166666666,92.90687166666666,0.9700981666666666,0.8333333333333334
i8,71.45086874999998,0.8867981249999999,0.3125,78.32121666666667,78.32121666666667,0.9117316666666667,0.48333333333333334
