model,testScore,testavgFB,testG,default,trainScore,trainavgFB,trainG
original,96.63159375000001,0.9786656250000001,0.9375,92.97513333333333,92.97513333333333,0.9710733333333332,0.8333333333333334
none,96.63159375000001,0.9786656250000001,0.9375,92.97513333333333,92.97513333333333,0.9710733333333332,0.8333333333333334
f16,96.63159375000001,0.9786656250000001,0.9375,92.97480666666667,92.97480666666667,0.9710686666666667,0.8333333333333334
i8,93.59818125,0.962116875,0.875,86.76365500000001,86.76365500000001,0.9537665000000002,0.6666666666666666
