model,testScore,testavgFB,testG,default,trainScore,trainavgFB,trainG
original,96.72115,0.979945,0.9375,94.09691000000001,94.09691000000001,0.972813,0.8666666666666667
none,96.72115,0.979945,0.9375,94.09691000000001,94.09691000000001,0.972813,0.8666666666666667
f16,96.72115,0.979945,0.9375,94.09525333333333,94.09525333333333,0.9727893333333333,0.8666666666666667
i8,8.151943750000001,0.089670625,0.0625,20.31803166666667,20.31803166666667,0.21168616666666668,0.18333333333333332
