model,testScore,testavgFB,testG,default,trainScore,trainavgFB,trainG
original,96.55682499999999,0.9775974999999999,0.9375,94.00807999999999,94.00807999999999,0.9715439999999999,0.8666666666666667
none,96.55682499999999,0.9775974999999999,0.9375,94.00807999999999,94.00807999999999,0.9715439999999999,0.8666666666666667
f16,96.55682499999999,0.9775974999999999,0.9375,94.00807999999999,94.00807999999999,0.9715439999999999,0.8666666666666667
i8,96.597075,0.9781725,0.9375,92.61204333333333,92.61204333333333,0.9658863333333333,0.8333333333333334
