model,testScore,testavgFB,testG,default,trainScore,trainavgFB,trainG
original,94.27368125,0.9717668749999999,0.875,90.32458833333332,90.32458833333332,0.9617798333333332,0.7666666666666667
none,94.27368125,0.9717668749999999,0.875,90.32458833333332,90.32458833333332,0.9617798333333332,0.7666666666666667
f16,94.27368125,0.9717668749999999,0.875,90.86523499999998,90.86523499999998,0.9623604999999998,0.7833333333333333
i8,26.951406249999998,0.358234375,0.0625,31.836356666666664,31.836356666666664,0.37623366666666663,0.18333333333333332
