model,testScore,testavgFB,testG,default,trainScore,trainavgFB,trainG
original,96.599,0.9782,0.9375,94.05985666666666,94.05985666666666,0.9722836666666667,0.8666666666666667
none,96.599,0.9782,0.9375,94.05985666666666,94.05985666666666,0.9722836666666667,0.8666666666666667
f16,96.599,0.9782,0.9375,94.04994,94.04994,0.9721420000000001,0.8666666666666667
i8,96.3355375,0.97443625,0.9375,93.03183333333335,93.03183333333335,0.9718833333333337,0.8333333333333334
