model,testScore,testavgFB,testG,default,trainScore,trainavgFB,trainG
original,94.54878124999999,0.9756968749999999,0.875,90.27475,90.27475,0.9539249999999999,0.7833333333333333
none,94.54878124999999,0.9756968749999999,0.875,90.27475,90.27475,0.9539249999999999,0.7833333333333333
f16,94.52620624999999,0.9753743749999999,0.875,90.27475,90.27475,0.9539249999999999,0.7833333333333333
i8,96.25726875,0.9733181249999999,0.9375,89.81074166666667,89.81074166666667,0.9544391666666668,0.7666666666666667
