model,testScore,testavgFB,testG,default,trainScore,trainavgFB,trainG
original,92.0230875,0.96640125,0.8125,91.60917333333332,91.60917333333332,0.9658453333333331,0.8
none,92.0230875,0.96640125,0.8125,91.60917333333332,91.60917333333332,0.9658453333333331,0.8
f16,92.09820625,0.967474375,0.8125,91.62231,91.62231,0.9660329999999999,0.8
i8,88.9687625,0.94955375,0.75,85.42236166666669,85.42236166666669,0.9346051666666669,0.6666666666666666
