model,testScore,testavgFB,testG,default,trainScore,trainavgFB,trainG
original,96.64384375,0.978840625,0.9375,93.67241666666666,93.67241666666666,0.9738916666666666,0.85
none,96.64384375,0.978840625,0.9375,93.67241666666666,93.67241666666666,0.9738916666666666,0.85
f16,96.64384375,0.978840625,0.9375,93.675905,93.675905,0.9739414999999999,0.85
i8,94.57245,0.976035,0.875,94.18541333333333,94.18541333333333,0.9740773333333334,0.8666666666666667
