model,testScore,testavgFB,testG,default,trainScore,trainavgFB,trainG
original,94.19309375,0.9706156250000001,0.875,90.68448333333332,90.68448333333332,0.9597783333333332,0.7833333333333333
none,94.19309375,0.9706156250000001,0.875,90.68448333333332,90.68448333333332,0.9597783333333332,0.7833333333333333
f16,94.19309375,0.9706156250000001,0.875,90.68934833333333,90.68934833333333,0.9598478333333332,0.7833333333333333
i8,96.46425,0.976275,0.9375,92.05808333333331,92.05808333333331,0.9722583333333331,0.8
