model,testScore,testavgFB,testG,default,trainScore,trainavgFB,trainG
original,86.99484375,0.9481406250000001,0.6875,90.34166666666668,90.34166666666668,0.969166666666667,0.75
none,86.99484375,0.9481406250000001,0.6875,90.34166666666668,90.34166666666668,0.969166666666667,0.75
f16,86.98456250000001,0.9479937500000001,0.6875,90.33007000000002,90.33007000000002,0.9690010000000003,0.75
i8,83.2417875,0.9213112499999999,0.625,86.51184166666668,86.51184166666668,0.9501691666666668,0.6666666666666666
