model,testScore,testavgFB,testG,default,trainScore,trainavgFB,trainG
original,96.34774374999999,0.974610625,0.9375,90.586355,90.586355,0.9583765,0.7833333333333333
none,96.34774374999999,0.974610625,0.9375,90.586355,90.586355,0.9583765,0.7833333333333333
f16,96.34774374999999,0.974610625,0.9375,90.58557333333333,90.58557333333333,0.9583653333333333,0.7833333333333333
i8,93.78228125,0.9647468749999999,0.875,87.28266166666667,87.28266166666667,0.9468951666666666,0.7
