model,testScore,testavgFB,testG,default,trainScore,trainavgFB,trainG
original,96.24900000000001,0.9732000000000001,0.9375,91.387005,91.387005,0.9626715000000001,0.8
none,96.24900000000001,0.9732000000000001,0.9375,91.387005,91.387005,0.9626715000000001,0.8
f16,96.24900000000001,0.9732000000000001,0.9375,91.39980333333334,91.39980333333334,0.9628543333333334,0.8
i8,89.20278125,0.952896875,0.75,89.79129333333334,89.79129333333334,0.9541613333333334,0.7666666666666667
