model,testScore,testavgFB,testG,default,trainScore,trainavgFB,trainG
original,96.68269375,0.979395625,0.9375,93.77763999999999,93.77763999999999,0.9682519999999998,0.8666666666666667
none,96.68269375,0.979395625,0.9375,93.77763999999999,93.77763999999999,0.9682519999999998,0.8666666666666667
f16,96.68269375,0.979395625,0.9375,93.77656666666665,93.77656666666665,0.9682366666666664,0.8666666666666667
i8,94.20263125,0.9707518749999999,0.875,91.49809499999999,91.49809499999999,0.9642584999999999,0.8
