model,testScore,testavgFB,testG,default,trainScore,trainavgFB,trainG
original,93.8854875,0.9662212499999999,0.875,88.51193333333333,88.51193333333333,0.9573133333333333,0.7166666666666667
none,93.8854875,0.9662212499999999,0.875,88.51193333333333,88.51193333333333,0.9573133333333333,0.7166666666666667
f16,93.89576874999999,0.9663681249999999,0.875,88.52533833333334,88.52533833333334,0.9575048333333334,0.7166666666666667
i8,96.56623124999999,0.9777318749999999,0.9375,92.22669166666667,92.22669166666667,0.9675241666666667,0.8166666666666667
