model,testScore,testavgFB,testG,default,trainScore,trainavgFB,trainG
original,96.6286625,0.97862375,0.9375,93.28725333333333,93.28725333333333,0.9683893333333332,0.85
none,96.6286625,0.97862375,0.9375,93.28725333333333,93.28725333333333,0.9683893333333332,0.85
f16,96.6286625,0.97862375,0.9375,93.29024,93.29024,0.968432,0.85
i8,82.26388125,0.9341268749999999,0.5625,88.78683666666666,88.78683666666666,0.9540976666666665,0.7333333333333333
