model,testScore,testavgFB,testG,default,trainScore,trainavgFB,trainG
original,89.7861875,0.96123125,0.75,91.78538666666667,91.78538666666667,0.9683626666666666,0.8
none,89.7861875,0.96123125,0.75,91.78538666666667,91.78538666666667,0.9683626666666666,0.8
f16,89.7861875,0.96123125,0.75,91.78538666666667,91.78538666666667,0.9683626666666666,0.8
i8,47.73186875,0.655098125,0.0625,61.74199000000001,61.74199000000001,0.7534570000000002,0.3
