model,testScore,testavgFB,testG,default,trainScore,trainavgFB,trainG
original,89.666225,0.9595175,0.75,90.14515499999999,90.14515499999999,0.9592164999999999,0.7666666666666667
none,89.666225,0.9595175,0.75,90.14515499999999,90.14515499999999,0.9592164999999999,0.7666666666666667
f16,89.666225,0.9595175,0.75,90.14448999999999,90.14448999999999,0.9592069999999999,0.7666666666666667
i8,79.06667499999999,0.8884524999999999,0.5625,82.30115500000001,82.30115500000001,0.9400165000000001,0.55
