model,testScore,testavgFB,testG,default,trainScore,trainavgFB,trainG
original,96.3770125,0.9750287500000001,0.9375,92.31713166666667,92.31713166666667,0.9688161666666667,0.8166666666666667
none,96.3770125,0.9750287500000001,0.9375,92.31713166666667,92.31713166666667,0.9688161666666667,0.8166666666666667
f16,96.3770125,0.9750287500000001,0.9375,92.31891666666667,92.31891666666667,0.9688416666666667,0.8166666666666667
i8,89.43203125,0.956171875,0.75,90.77349999999998,90.77349999999998,0.9610499999999998,0.7833333333333333
