model,testScore,testavgFB,testG,default,trainScore,trainavgFB,trainG
original,96.40693750000001,0.9754562500000001,0.9375,92.00038166666668,92.00038166666668,0.9642911666666669,0.8166666666666667
none,96.40693750000001,0.9754562500000001,0.9375,92.00038166666668,92.00038166666668,0.9642911666666669,0.8166666666666667
f16,96.40693750000001,0.9754562500000001,0.9375,92.01161666666668,92.01161666666668,0.9644516666666668,0.8166666666666667
i8,91.66145,0.9612350000000001,0.8125,90.36876,90.36876,0.9552679999999999,0.7833333333333333
