model,testScore,testavgFB,testG,default,trainScore,trainavgFB,trainG
original,95.98601874999999,0.9694431249999999,0.9375,93.40368666666666,93.40368666666666,0.9700526666666665,0.85
none,95.98601874999999,0.9694431249999999,0.9375,93.40368666666666,93.40368666666666,0.9700526666666665,0.85
f16,96.0718125,0.9706687499999999,0.9375,93.41076833333332,93.41076833333332,0.9701538333333332,0.85
i8,86.81122500000001,0.9455175000000001,0.6875,88.71302166666666,88.71302166666666,0.9530431666666666,0.7333333333333333
