model,testScore,testavgFB,testG,default,trainScore,trainavgFB,trainG
original,96.63920625,0.978774375,0.9375,92.02396999999999,92.02396999999999,0.9717709999999999,0.8
none,96.63920625,0.978774375,0.9375,92.02396999999999,92.02396999999999,0.9717709999999999,0.8
f16,96.63920625,0.978774375,0.9375,92.04247333333333,92.04247333333333,0.9720353333333333,0.8
i8,82.06709375000001,0.9313156250000001,0.5625,81.51135833333333,81.51135833333333,0.9215908333333332,0.5666666666666667
