model,testScore,testavgFB,testG,default,trainScore,trainavgFB,trainG
original,96.61663125,0.978451875,0.9375,95.08898833333335,95.08898833333335,0.9726998333333335,0.9
none,96.61663125,0.978451875,0.9375,95.08898833333335,95.08898833333335,0.9726998333333335,0.9
f16,96.61663125,0.978451875,0.9375,95.09171833333335,95.09171833333335,0.9727388333333334,0.9
i8,91.27312500000001,0.9556875,0.8125,88.4055933333333,88.4055933333333,0.948651333333333,0.7333333333333333
