model,testScore,testavgFB,testG,default,trainScore,trainavgFB,trainG
original,96.66165,0.9790949999999999,0.9375,93.72296833333333,93.72296833333333,0.9746138333333332,0.85
none,96.66165,0.9790949999999999,0.9375,93.72296833333333,93.72296833333333,0.9746138333333332,0.85
f16,96.66165,0.9790949999999999,0.9375,93.722595,93.722595,0.9746084999999999,0.85
i8,91.82323749999999,0.9635462499999999,0.8125,90.48246333333331,90.48246333333331,0.9568923333333331,0.7833333333333333
