model,testScore,testavgFB,testG,default,trainScore,trainavgFB,trainG
original,96.76625625,0.980589375,0.9375,93.01370333333332,93.01370333333332,0.9716243333333332,0.8333333333333334
none,96.76625625,0.980589375,0.9375,93.01370333333332,93.01370333333332,0.9716243333333332,0.8333333333333334
f16,96.76625625,0.980589375,0.9375,93.01370333333332,93.01370333333332,0.9716243333333332,0.8333333333333334
i8,92.78465,0.950495,0.875,84.34580833333331,84.34580833333331,0.9192258333333331,0.6666666666666666
