model,testScore,testavgFB,testG,default,trainScore,trainavgFB,trainG
original,91.85985624999999,0.9640693749999999,0.8125,91.159365,91.159365,0.9594194999999999,0.8
none,91.85985624999999,0.9640693749999999,0.8125,91.159365,91.159365,0.9594194999999999,0.8
f16,91.91371249999999,0.9648387499999999,0.8125,91.17238499999999,91.17238499999999,0.9596054999999999,0.8
i8,49.13821875,0.648403125,0.125,61.841081666666646,61.841081666666646,0.7763011666666664,0.25
