model,testScore,testavgFB,testG,default,trainScore,trainavgFB,trainG
original,96.6078375,0.97832625,0.9375,92.81731833333332,92.81731833333332,0.9688188333333332,0.8333333333333334
none,96.6078375,0.97832625,0.9375,92.81731833333332,92.81731833333332,0.9688188333333332,0.8333333333333334
f16,96.59869375,0.978195625,0.9375,92.81584833333332,92.81584833333332,0.9687978333333332,0.8333333333333334
i8,96.27481250000001,0.9735687500000001,0.9375,91.45121666666664,91.45121666666664,0.9707316666666663,0.7833333333333333
