model,testScore,testavgFB,testG,default,trainScore,trainavgFB,trainG
original,96.74770625000001,0.980324375,0.9375,94.93713333333334,94.93713333333334,0.9776733333333334,0.8833333333333333
none,96.74770625000001,0.980324375,0.9375,94.93713333333334,94.93713333333334,0.9776733333333334,0.8833333333333333
f16,96.7700625,0.9806437499999999,0.9375,94.942115,94.942115,0.9777445,0.8833333333333333
i8,96.10851874999999,0.9711931249999999,0.9375,92.09155499999997,92.09155499999997,0.9727364999999997,0.8
