model,testScore,testavgFB,testG,default,trainScore,trainavgFB,trainG
original,96.743725,0.9802675,0.9375,94.15451833333333,94.15451833333333,0.9807788333333333,0.85
none,96.743725,0.9802675,0.9375,94.15451833333333,94.15451833333333,0.9807788333333333,0.85
f16,96.743725,0.9802675,0.9375,94.15370166666666,94.15370166666666,0.9807671666666665,0.85
i8,96.624375,0.9785625,0.9375,93.52983666666665,93.52983666666665,0.9789976666666665,0.8333333333333334
