model,testScore,testavgFB,testG,default,trainScore,trainavgFB,trainG
original,96.501875,0.9768125,0.9375,93.64466166666666,93.64466166666666,0.9734951666666666,0.85
none,96.501875,0.9768125,0.9375,93.64466166666666,93.64466166666666,0.9734951666666666,0.85
f16,96.501875,0.9768125,0.9375,93.63557333333333,93.63557333333333,0.9733653333333333,0.85
i8,94.16124375,0.970160625,0.875,92.00152499999999,92.00152499999999,0.9643074999999998,0.8166666666666667
