model,testScore,testavgFB,testG,default,trainScore,trainavgFB,trainG
original,96.57528749999999,0.9778612499999999,0.9375,93.88483333333333,93.88483333333333,0.9697833333333333,0.8666666666666667
none,96.57528749999999,0.9778612499999999,0.9375,93.88483333333333,93.88483333333333,0.9697833333333333,0.8666666666666667
f16,96.57528749999999,0.9778612499999999,0.9375,93.88483333333333,93.88483333333333,0.9697833333333333,0.8666666666666667
i8,96.60578124999999,0.978296875,0.9375,93.294825,93.294825,0.9684975,0.85
