model,testScore,testavgFB,testG,default,trainScore,trainavgFB,trainG
original,96.54435624999999,0.977419375,0.9375,94.36458,94.36458,0.969494,0.8833333333333333
none,96.54435624999999,0.977419375,0.9375,94.36458,94.36458,0.969494,0.8833333333333333
f16,96.54435624999999,0.977419375,0.9375,94.36539666666667,94.36539666666667,0.9695056666666667,0.8833333333333333
i8,72.11486875,0.869498125,0.375,81.79836000000002,81.79836000000002,0.9185480000000001,0.5833333333333334
