model,testScore,testavgFB,testG,default,trainScore,trainavgFB,trainG
original,96.4753625,0.97643375,0.9375,90.69237,90.69237,0.9598909999999999,0.7833333333333333
none,96.4753625,0.97643375,0.9375,90.69237,90.69237,0.9598909999999999,0.7833333333333333
f16,96.4753625,0.97643375,0.9375,90.696325,90.696325,0.9599475,0.7833333333333333
i8,96.48455,0.9765649999999999,0.9375,92.53209166666666,92.53209166666666,0.9647441666666666,0.8333333333333334
