model,testScore,testavgFB,testG,default,trainScore,trainavgFB,trainG
original,96.63413125,0.9787018749999999,0.9375,92.9119,92.9119,0.97017,0.8333333333333334
none,96.63413125,0.9787018749999999,0.9375,92.9119,92.9119,0.97017,0.8333333333333334
f16,96.63413125,0.9787018749999999,0.9375,92.93059,92.93059,0.970437,0.8333333333333334
i8,96.149075,0.9717724999999999,0.9375,90.94229333333332,90.94229333333332,0.9634613333333332,0.7833333333333333
