model,testScore,testavgFB,testG,default,trainScore,trainavgFB,trainG
original,91.87359375,0.964265625,0.8125,93.18725666666666,93.18725666666666,0.9741036666666665,0.8333333333333334
none,91.87359375,0.964265625,0.8125,93.18725666666666,93.18725666666666,0.9741036666666665,0.8333333333333334
f16,91.87359375,0.964265625,0.8125,93.191865,93.191865,0.9741695,0.8333333333333334
i8,66.33206874999999,0.840458125,0.25,73.63404333333334,73.63404333333334,0.8804863333333334,0.4
