model,testScore,testavgFB,testG,default,trainScore,trainavgFB,trainG
original,96.72867500000001,0.9800525000000001,0.9375,94.11791000000001,94.11791000000001,0.9731130000000001,0.8666666666666667
none,96.72867500000001,0.9800525000000001,0.9375,94.11791000000001,94.11791000000001,0.9731130000000001,0.8666666666666667
f16,96.72867500000001,0.9800525000000001,0.9375,94.11610166666668,94.11610166666668,0.9730871666666668,0.8666666666666667
i8,89.12363750000002,0.9517662500000001,0.75,91.48072333333333,91.48072333333333,0.9640103333333333,0.8
