model,testScore,testavgFB,testG,default,trainScore,trainavgFB,trainG
original,96.47006875,0.976358125,0.9375,93.50216499999999,93.50216499999999,0.9714594999999999,0.85
none,96.47006875,0.976358125,0.9375,93.50216499999999,93.50216499999999,0.9714594999999999,0.85
f16,96.47006875,0.976358125,0.9375,93.50216499999999,93.50216499999999,0.9714594999999999,0.85
i8,94.3219375,0.97245625,0.875,92.25989499999999,92.25989499999999,0.9679984999999999,0.8166666666666667
