model,testScore,testavgFB,testG,default,trainScore,trainavgFB,trainG
original,96.36716875,0.9748881250000001,0.9375,95.0617683333333,95.0617683333333,0.979453833333333,0.8833333333333333
none,96.36716875,0.9748881250000001,0.9375,95.0617683333333,95.0617683333333,0.979453833333333,0.8833333333333333
f16,96.39149375000001,0.975235625,0.9375,95.06425333333331,95.06425333333331,0.979489333333333,0.8833333333333333
i8,58.009075,0.6947725,0.3125,67.08276,67.08276,0.8154679999999999,0.3333333333333333
