model,testScore,testavgFB,testG,default,trainScore,trainavgFB,trainG
original,87.157375,0.9504625,0.6875,89.24475333333334,89.24475333333334,0.9606393333333334,0.7333333333333333
none,87.157375,0.9504625,0.6875,89.24475333333334,89.24475333333334,0.9606393333333334,0.7333333333333333
f16,87.157375,0.9504625,0.6875,89.23969000000001,89.23969000000001,0.9605670000000001,0.7333333333333333
i8,81.32618749999999,0.9207312499999999,0.5625,81.77208666666668,81.77208666666668,0.9181726666666669,0.5833333333333334
