model,testScore,testavgFB,testG,default,trainScore,trainavgFB,trainG
original,96.54816249999999,0.9774737499999999,0.9375,91.98138833333333,91.98138833333333,0.9640198333333333,0.8166666666666667
none,96.54816249999999,0.9774737499999999,0.9375,91.98138833333333,91.98138833333333,0.9640198333333333,0.8166666666666667
f16,96.54816249999999,0.9774737499999999,0.9375,91.98908833333333,91.98908833333333,0.9641298333333332,0.8166666666666667
i8,10.926218749999999,0.129303125,0.0625,22.905966666666664,22.905966666666664,0.2486566666666666,0.18333333333333332
