model,testScore,testavgFB,testG,default,trainScore,trainavgFB,trainG
original,91.64451874999999,0.9609931249999999,0.8125,91.17103000000002,91.17103000000002,0.9667290000000002,0.7833333333333333
none,91.64451874999999,0.9609931249999999,0.8125,91.17103000000002,91.17103000000002,0.9667290000000002,0.7833333333333333
f16,91.64451874999999,0.9609931249999999,0.8125,91.18611500000002,91.18611500000002,0.9669445000000002,0.7833333333333333
i8,91.510775,0.9590825,0.8125,92.20737166666667,92.20737166666667,0.9672481666666667,0.8166666666666667
