model,testScore,testavgFB,testG,default,trainScore,trainavgFB,trainG
original,96.73431875,0.9801331249999999,0.9375,94.09723500000001,94.09723500000001,0.9799605000000001,0.85
none,96.73431875,0.9801331249999999,0.9375,94.09723500000001,94.09723500000001,0.9799605000000001,0.85
f16,96.73431875,0.9801331249999999,0.9375,94.091565,94.091565,0.9798795000000001,0.85
i8,96.55678125000001,0.9775968750000001,0.9375,93.06833833333334,93.06833833333334,0.9724048333333334,0.8333333333333334
