model,testScore,testavgFB,testG,default,trainScore,trainavgFB,trainG
original,94.15179375,0.970025625,0.875,92.25893666666667,92.25893666666667,0.9751276666666667,0.8
none,94.15179375,0.970025625,0.875,92.25893666666667,92.25893666666667,0.9751276666666667,0.8
f16,94.15179375,0.970025625,0.875,92.25084,92.25084,0.975012,0.8
i8,82.3849375,0.9358562500000001,0.5625,84.69683000000003,84.69683000000003,0.9456690000000004,0.6166666666666667
