model,testScore,testavgFB,testG,default,trainScore,trainavgFB,trainG
original,87.69545625,0.9581493750000002,0.6875,88.64137666666667,88.64137666666667,0.9520196666666667,0.7333333333333333
none,87.69545625,0.9581493750000002,0.6875,88.64137666666667,88.64137666666667,0.9520196666666667,0.7333333333333333
f16,87.70586875000001,0.9582981250000001,0.6875,88.65516666666667,88.65516666666667,0.9522166666666667,0.7333333333333333
i8,57.3871875,0.7930312500000001,0.0625,60.243596666666676,60.243596666666676,0.7677656666666668,0.21666666666666667
