model,testScore,testavgFB,testG,default,trainScore,trainavgFB,trainG
original,96.63662500000001,0.9787375,0.9375,94.01782166666666,94.01782166666666,0.9716831666666667,0.8666666666666667
none,96.63662500000001,0.9787375,0.9375,94.01782166666666,94.01782166666666,0.9716831666666667,0.8666666666666667
f16,96.63662500000001,0.9787375,0.9375,94.01436833333334,94.01436833333334,0.9716338333333333,0.8666666666666667
i8,79.48474374999999,0.921210625,0.5,79.87500833333333,79.87500833333333,0.9267858333333333,0.5
