model,testScore,testavgFB,testG,default,trainScore,trainavgFB,trainG
original,96.59926250000001,0.97820375,0.9375,94.5173083333333,94.5173083333333,0.971675833333333,0.8833333333333333
none,96.59926250000001,0.97820375,0.9375,94.5173083333333,94.5173083333333,0.971675833333333,0.8833333333333333
f16,96.59926250000001,0.97820375,0.9375,94.51657333333331,94.51657333333331,0.9716653333333329,0.8833333333333333
i8,58.6363875,0.78409125,0.125,69.41023166666668,69.41023166666668,0.8701461666666669,0.2833333333333333
