model,testScore,testavgFB,testG,default,trainScore,trainavgFB,trainG
original,96.58373125,0.977981875,0.9375,92.96851833333334,92.96851833333334,0.9709788333333333,0.8333333333333334
none,96.58373125,0.977981875,0.9375,92.96851833333334,92.96851833333334,0.9709788333333333,0.8333333333333334
f16,96.58373125,0.977981875,0.9375,92.96851833333334,92.96851833333334,0.9709788333333333,0.8333333333333334
i8,92.08460000000001,0.9672800000000001,0.8125,92.495165,92.495165,0.9713595,0.8166666666666667
