model,testScore,testavgFB,testG,default,trainScore,trainavgFB,trainG
original,96.49386875,0.976698125,0.9375,92.61912333333332,92.61912333333332,0.9731303333333331,0.8166666666666667
none,96.49386875,0.976698125,0.9375,92.61912333333332,92.61912333333332,0.9731303333333331,0.8166666666666667
f16,96.49386875,0.976698125,0.9375,92.61912333333332,92.61912333333332,0.9731303333333331,0.8166666666666667
i8,89.8666875,0.96238125,0.75,93.11323333333333,93.11323333333333,0.9659033333333332,0.85
