model,testScore,testavgFB,testG,default,trainScore,trainavgFB,trainG
original,96.54645624999999,0.977449375,0.9375,93.173105,93.173105,0.9739015000000001,0.8333333333333334
none,96.54645624999999,0.977449375,0.9375,93.173105,93.173105,0.9739015000000001,0.8333333333333334
f16,96.528125,0.9771875,0.9375,93.16374833333334,93.16374833333334,0.9737678333333335,0.8333333333333334
i8,92.0353375,0.9665762499999999,0.8125,91.92442999999999,91.92442999999999,0.9703489999999999,0.8
