model,testScore,testavgFB,testG,default,trainScore,trainavgFB,trainG
original,96.55809375,0.977615625,0.9375,92.18679333333331,92.18679333333331,0.9598113333333331,0.8333333333333334
none,96.55809375,0.977615625,0.9375,92.18679333333331,92.18679333333331,0.9598113333333331,0.8333333333333334
f16,96.55809375,0.977615625,0.9375,92.20558833333332,92.20558833333332,0.9600798333333332,0.8333333333333334
i8,86.89798125,0.9467568749999999,0.6875,87.68804499999999,87.68804499999999,0.9455434999999999,0.7166666666666667
