model,testScore,testavgFB,testG,default,trainScore,trainavgFB,trainG
original,96.71174375,0.9798106249999999,0.9375,93.87840333333334,93.87840333333334,0.9768343333333334,0.85
none,96.71174375,0.9798106249999999,0.9375,93.87840333333334,93.87840333333334,0.9768343333333334,0.85
f16,96.71174375,0.9798106249999999,0.9375,93.88504166666667,93.88504166666667,0.9769291666666667,0.85
i8,89.70739375,0.960105625,0.75,88.80110333333336,88.80110333333336,0.9614443333333337,0.7166666666666667
