model,testScore,testavgFB,testG,default,trainScore,trainavgFB,trainG
original,96.68426875,0.979418125,0.9375,93.79081000000001,93.79081000000001,0.9755830000000001,0.85
none,96.68426875,0.979418125,0.9375,93.79081000000001,93.79081000000001,0.9755830000000001,0.85
f16,96.68426875,0.979418125,0.9375,93.79675999999999,93.79675999999999,0.975668,0.85
i8,86.38741875000001,0.9394631250000001,0.6875,86.92603499999998,86.92603499999998,0.9418004999999998,0.7
