model,testScore,testavgFB,testG,default,trainScore,trainavgFB,trainG
original,96.57817499999999,0.9779024999999999,0.9375,90.51226833333335,90.51226833333335,0.9716038333333336,0.75
none,96.57817499999999,0.9779024999999999,0.9375,90.51226833333335,90.51226833333335,0.9716038333333336,0.75
f16,96.57817499999999,0.9779024999999999,0.9375,90.51309666666668,90.51309666666668,0.9716156666666669,0.75
i8,46.35614999999999,0.6354449999999999,0.0625,62.62036833333333,62.62036833333333,0.7874338333333333,0.25
