model,testScore,testavgFB,testG,default,trainScore,trainavgFB,trainG
original,96.61120625,0.978374375,0.9375,92.03953666666665,92.03953666666665,0.9577076666666665,0.8333333333333334
none,96.61120625,0.978374375,0.9375,92.03953666666665,92.03953666666665,0.9577076666666665,0.8333333333333334
f16,96.61120625,0.978374375,0.9375,92.07301999999999,92.07301999999999,0.9581859999999998,0.8333333333333334
i8,84.38379375,0.9376256249999999,0.625,83.58391166666665,83.58391166666665,0.9297701666666665,0.6166666666666667
