model,testScore,testavgFB,testG,default,trainScore,trainavgFB,trainG
original,94.05370625,0.968624375,0.875,88.05450833333333,88.05450833333333,0.9436358333333333,0.7333333333333333
none,94.05370625,0.968624375,0.875,88.05450833333333,88.05450833333333,0.9436358333333333,0.7333333333333333
f16,93.97950625,0.967564375,0.875,87.52030166666667,87.52030166666667,0.9431471666666666,0.7166666666666667
i8,75.57795625,0.8653993750000001,0.5,80.255975,80.255975,0.9179425,0.5333333333333333
