model,testScore,testavgFB,testG,default,trainScore,trainavgFB,trainG
original,96.44119375,0.975945625,0.9375,93.28884999999998,93.28884999999998,0.9755549999999997,0.8333333333333334
none,96.44119375,0.975945625,0.9375,93.28884999999998,93.28884999999998,0.9755549999999997,0.8333333333333334
f16,96.44119375,0.975945625,0.9375,93.28449833333332,93.28449833333332,0.9754928333333331,0.8333333333333334
i8,91.67776875,0.9614681249999999,0.8125,92.31681666666665,92.31681666666665,0.9688116666666665,0.8166666666666667
