model,testScore,testavgFB,testG,default,trainScore,trainavgFB,trainG
original,96.43708124999999,0.9758868749999999,0.9375,92.94973499999999,92.94973499999999,0.9707104999999998,0.8333333333333334
none,96.43708124999999,0.9758868749999999,0.9375,92.94973499999999,92.94973499999999,0.9707104999999998,0.8333333333333334
f16,96.43708124999999,0.9758868749999999,0.9375,92.95111166666665,92.95111166666665,0.9707301666666664,0.8333333333333334
i8,96.50331874999999,0.976833125,0.9375,91.80812499999999,91.80812499999999,0.9686874999999999,0.8
