model,testScore,testavgFB,testG,default,trainScore,trainavgFB,trainG
original,96.683,0.9794,0.9375,93.13860666666666,93.13860666666666,0.9734086666666666,0.8333333333333334
none,96.683,0.9794,0.9375,93.13860666666666,93.13860666666666,0.9734086666666666,0.8333333333333334
f16,96.683,0.9794,0.9375,93.13017166666666,93.13017166666666,0.9732881666666665,0.8333333333333334
i8,94.30570625,0.9722243749999999,0.875,91.69823666666666,91.69823666666666,0.9671176666666667,0.8
