model,testScore,testavgFB,testG,default,trainScore,trainavgFB,trainG
original,96.69805,0.979615,0.9375,94.56777833333332,94.56777833333332,0.9723968333333332,0.8833333333333333
none,96.69805,0.979615,0.9375,94.56777833333332,94.56777833333332,0.9723968333333332,0.8833333333333333
f16,96.69805,0.979615,0.9375,94.56786,94.56786,0.9723979999999999,0.8833333333333333
i8,96.32372500000001,0.9742675000000001,0.9375,91.10393666666666,91.10393666666666,0.9586276666666665,0.8
