model,testScore,testavgFB,testG,default,trainScore,trainavgFB,trainG
original,96.73431875,0.9801331249999999,0.9375,94.62551666666667,94.62551666666667,0.9732216666666668,0.8833333333333333
none,96.73431875,0.9801331249999999,0.9375,94.62551666666667,94.62551666666667,0.9732216666666668,0.8833333333333333
f16,96.73431875,0.9801331249999999,0.9375,94.62551666666667,94.62551666666667,0.9732216666666668,0.8833333333333333
i8,96.44543750000001,0.9760062500000001,0.9375,93.11001333333333,93.11001333333333,0.9658573333333333,0.85
