model,testScore,testavgFB,testG,default,trainScore,trainavgFB,trainG
original,96.34091875,0.974513125,0.9375,93.17496166666665,93.17496166666665,0.9667851666666665,0.85
none,96.34091875,0.974513125,0.9375,93.17496166666665,93.17496166666665,0.9667851666666665,0.85
f16,96.34091875,0.974513125,0.9375,93.17514833333333,93.17514833333333,0.9667878333333332,0.85
i8,94.27363749999999,0.9717662499999999,0.875,92.70830499999998,92.70830499999998,0.9672614999999998,0.8333333333333334
