model,testScore,testavgFB,testG,default,trainScore,trainavgFB,trainG
original,94.59970625,0.976424375,0.875,92.11732833333333,92.11732833333333,0.9659618333333334,0.8166666666666667
none,94.59970625,0.976424375,0.875,92.11732833333333,92.11732833333333,0.9659618333333334,0.8166666666666667
f16,94.59970625,0.976424375,0.875,92.12093333333334,92.12093333333334,0.9660133333333334,0.8166666666666667
i8,80.77961875,0.912923125,0.5625,77.75923,77.75923,0.917989,0.45
