model,testScore,testavgFB,testG,default,trainScore,trainavgFB,trainG
original,96.70640625,0.9797343749999999,0.9375,92.86635333333334,92.86635333333334,0.9695193333333333,0.8333333333333334
none,96.70640625,0.9797343749999999,0.9375,92.86635333333334,92.86635333333334,0.9695193333333333,0.8333333333333334
f16,96.70640625,0.9797343749999999,0.9375,92.87356333333334,92.87356333333334,0.9696223333333334,0.8333333333333334
i8,47.000812499999995,0.61786875,0.125,57.62954500000001,57.62954500000001,0.7089935,0.26666666666666666
