model,testScore,testavgFB,testG,default,trainScore,trainavgFB,trainG
original,96.54203749999999,0.9773862499999999,0.9375,92.84037166666667,92.84037166666667,0.9691481666666668,0.8333333333333334
none,96.54203749999999,0.9773862499999999,0.9375,92.84037166666667,92.84037166666667,0.9691481666666668,0.8333333333333334
f16,96.54203749999999,0.9773862499999999,0.9375,92.84309,92.84309,0.9691870000000001,0.8333333333333334
i8,56.73335625,0.730119375,0.1875,71.92966000000001,71.92966000000001,0.8561380000000002,0.4
