model,testScore,testavgFB,testG,default,trainScore,trainavgFB,trainG
original,96.479475,0.9764925,0.9375,91.82802833333332,91.82802833333332,0.9689718333333333,0.8
none,96.479475,0.9764925,0.9375,91.82802833333332,91.82802833333332,0.9689718333333333,0.8
f16,96.479475,0.9764925,0.9375,91.84897000000001,91.84897000000001,0.9692710000000001,0.8
i8,82.39758125,0.9360368750000001,0.5625,87.02940000000001,87.02940000000001,0.9504200000000002,0.6833333333333333
