model,testScore,testavgFB,testG,default,trainScore,trainavgFB,trainG
original,96.33356875,0.974408125,0.9375,90.58784666666668,90.58784666666668,0.9655406666666668,0.7666666666666667
none,96.33356875,0.974408125,0.9375,90.58784666666668,90.58784666666668,0.9655406666666668,0.7666666666666667
f16,96.33356875,0.974408125,0.9375,90.59475333333334,90.59475333333334,0.9656393333333334,0.7666666666666667
i8,93.73485625,0.9640693750000001,0.875,90.87175666666667,90.87175666666667,0.9624536666666668,0.7833333333333333
