model,testScore,testavgFB,testG,default,trainScore,trainavgFB,trainG
original,96.6410875,0.9788012500000001,0.9375,92.39382833333333,92.39382833333333,0.9699118333333333,0.8166666666666667
none,96.6410875,0.9788012500000001,0.9375,92.39382833333333,92.39382833333333,0.9699118333333333,0.8166666666666667
f16,96.6410875,0.9788012500000001,0.9375,92.39382833333333,92.39382833333333,0.9699118333333333,0.8166666666666667
i8,96.48030625,0.976504375,0.9375,94.06997166666667,94.06997166666667,0.9724281666666668,0.8666666666666667
