model,testScore,testavgFB,testG,default,trainScore,trainavgFB,trainG
original,95.88674999999999,0.9680249999999999,0.9375,89.66608333333333,89.66608333333333,0.9666583333333333,0.7333333333333333
none,95.88674999999999,0.9680249999999999,0.9375,89.66608333333333,89.66608333333333,0.9666583333333333,0.7333333333333333
f16,93.9057,0.96651,0.875,89.67445999999998,89.67445999999998,0.9667779999999998,0.7333333333333333
i8,96.5717,0.9778100000000001,0.9375,93.23476333333335,93.23476333333335,0.9747823333333335,0.8333333333333334
