model,testScore,testavgFB,testG,default,trainScore,trainavgFB,trainG
original,96.62258125,0.978536875,0.9375,93.44973499999999,93.44973499999999,0.9707104999999998,0.85
none,96.62258125,0.978536875,0.9375,93.44973499999999,93.44973499999999,0.9707104999999998,0.85
f16,96.62258125,0.978536875,0.9375,93.45652499999998,93.45652499999998,0.9708074999999998,0.85
i8,86.92808124999999,0.9471868749999999,0.6875,89.65824500000001,89.65824500000001,0.9594035000000001,0.75
