model,testScore,testavgFB,testG,default,trainScore,trainavgFB,trainG
original,96.6307625,0.97865375,0.9375,93.71243333333332,93.71243333333332,0.9744633333333332,0.85
none,96.6307625,0.97865375,0.9375,93.71243333333332,93.71243333333332,0.9744633333333332,0.85
f16,96.58556875000001,0.978008125,0.9375,93.71292333333332,93.71292333333332,0.9744703333333332,0.85
i8,88.37279999999998,0.9410399999999998,0.75,88.70085166666668,88.70085166666668,0.9600121666666668,0.7166666666666667
