model,testScore,testavgFB,testG,default,trainScore,trainavgFB,trainG
original,96.62993125000001,0.9786418750000001,0.9375,93.2151533333333,93.2151533333333,0.967359333333333,0.85
none,96.62993125000001,0.9786418750000001,0.9375,93.2151533333333,93.2151533333333,0.967359333333333,0.85
f16,96.62993125000001,0.9786418750000001,0.9375,93.21378833333331,93.21378833333331,0.9673398333333331,0.85
i8,92.48031875,0.972933125,0.8125,92.64700833333333,92.64700833333333,0.9663858333333333,0.8333333333333334
