model,testScore,testavgFB,testG,default,trainScore,trainavgFB,trainG
original,96.52720625,0.9771743750000002,0.9375,92.68977833333334,92.68977833333334,0.9669968333333334,0.8333333333333334
none,96.52720625,0.9771743750000002,0.9375,92.68977833333334,92.68977833333334,0.9669968333333334,0.8333333333333334
f16,96.52720625,0.9771743750000002,0.9375,92.69183166666666,92.69183166666666,0.9670261666666666,0.8333333333333334
i8,84.49176874999999,0.9391681249999999,0.625,85.91480166666666,85.91480166666666,0.9344971666666666,0.6833333333333333
