model,testScore,testavgFB,testG,default,trainScore,trainavgFB,trainG
original,96.53516875,0.977288125,0.9375,92.92611000000001,92.92611000000001,0.970373,0.8333333333333334
none,96.53516875,0.977288125,0.9375,92.92611000000001,92.92611000000001,0.970373,0.8333333333333334
f16,96.53516875,0.977288125,0.9375,92.93093999999999,92.93093999999999,0.9704419999999999,0.8333333333333334
i8,96.6193,0.97849,0.9375,94.61215833333333,94.61215833333333,0.9730308333333333,0.8833333333333333
