model,testScore,testavgFB,testG,default,trainScore,trainavgFB,trainG
original,96.725,0.98,0.9375,92.47862166666667,92.47862166666667,0.9711231666666668,0.8166666666666667
none,96.725,0.98,0.9375,92.47862166666667,92.47862166666667,0.9711231666666668,0.8166666666666667
f16,96.725,0.98,0.9375,92.48282166666667,92.48282166666667,0.9711831666666667,0.8166666666666667
i8,96.41,0.9754999999999999,0.9375,91.52802166666667,91.52802166666667,0.9575431666666668,0.8166666666666667
