model,testScore,testavgFB,testG,default,trainScore,trainavgFB,trainG
original,94.1607625,0.97015375,0.875,89.75319000000002,89.75319000000002,0.9536170000000003,0.7666666666666667
none,94.1607625,0.97015375,0.875,89.75319000000002,89.75319000000002,0.9536170000000003,0.7666666666666667
f16,92.264675,0.9698525,0.8125,89.75092666666669,89.75092666666669,0.9535846666666669,0.7666666666666667
i8,59.0371,0.76303,0.1875,69.44149166666666,69.44149166666666,0.8491641666666666,0.3333333333333333
