model,testScore,testavgFB,testG,default,trainScore,trainavgFB,trainG
original,96.62126875,0.978518125,0.9375,93.98834,93.98834,0.9712619999999998,0.8666666666666667
none,96.62126875,0.978518125,0.9375,93.98834,93.98834,0.9712619999999998,0.8666666666666667
f16,96.62126875,0.978518125,0.9375,93.48639166666666,93.48639166666666,0.9712341666666665,0.85
i8,92.146025,0.9681574999999999,0.8125,91.31091500000001,91.31091500000001,0.9615845000000001,0.8
