model,testScore,testavgFB,testG,default,trainScore,trainavgFB,trainG
original,96.61895,0.978485,0.9375,93.850695,93.850695,0.9764385,0.85
none,96.61895,0.978485,0.9375,93.850695,93.850695,0.9764385,0.85
f16,96.61895,0.978485,0.9375,93.8473,93.8473,0.97639,0.85
i8,96.44871875,0.976053125,0.9375,91.64742833333332,91.64742833333332,0.9663918333333332,0.8
