model,testScore,testavgFB,testG,default,trainScore,trainavgFB,trainG
original,96.71568124999999,0.9798668749999999,0.9375,93.18251999999998,93.18251999999998,0.9740359999999998,0.8333333333333334
none,96.71568124999999,0.9798668749999999,0.9375,93.18251999999998,93.18251999999998,0.9740359999999998,0.8333333333333334
f16,96.71568124999999,0.9798668749999999,0.9375,93.18251999999998,93.18251999999998,0.9740359999999998,0.8333333333333334
i8,96.2879375,0.97375625,0.9375,90.92006833333333,90.92006833333333,0.9631438333333333,0.7833333333333333
