model,testScore,testavgFB,testG,default,trainScore,trainavgFB,trainG
original,96.62061250000001,0.97850875,0.9375,92.69324333333331,92.69324333333331,0.9670463333333331,0.8333333333333334
none,96.62061250000001,0.97850875,0.9375,92.69324333333331,92.69324333333331,0.9670463333333331,0.8333333333333334
f16,96.62061250000001,0.97850875,0.9375,92.69138833333332,92.69138833333332,0.9670198333333332,0.8333333333333334
i8,96.71463125,0.979851875,0.9375,92.84979666666668,92.84979666666668,0.9764256666666667,0.8166666666666667
