model,testScore,testavgFB,testG,default,trainScore,trainavgFB,trainG
original,94.37723749999999,0.97324625,0.875,91.36845499999998,91.36845499999998,0.9624064999999998,0.8
none,94.37723749999999,0.97324625,0.875,91.36845499999998,91.36845499999998,0.9624064999999998,0.8
f16,94.37723749999999,0.97324625,0.875,91.36845499999998,91.36845499999998,0.9624064999999998,0.8
i8,84.62783125,0.9411118749999999,0.625,87.24235333333334,87.24235333333334,0.9463193333333334,0.7
