model,testScore,testavgFB,testG,default,trainScore,trainavgFB,trainG
original,96.5982125,0.9781887499999999,0.9375,93.27059333333332,93.27059333333332,0.9681513333333333,0.85
none,96.5982125,0.9781887499999999,0.9375,93.27059333333332,93.27059333333332,0.9681513333333333,0.85
f16,96.58924375,0.978060625,0.9375,93.2922,93.2922,0.96846,0.85
i8,78.22220625,0.903174375,0.5,81.659655,81.659655,0.9165665,0.5833333333333334
