model,testScore,testavgFB,testG,default,trainScore,trainavgFB,trainG
original,87.3924,0.95382,0.6875,90.10709833333333,90.10709833333333,0.9586728333333333,0.7666666666666667
none,87.3924,0.95382,0.6875,90.10709833333333,90.10709833333333,0.9586728333333333,0.7666666666666667
f16,87.28971874999999,0.9523531249999999,0.6875,90.00951833333332,90.00951833333332,0.9572788333333332,0.7666666666666667
i8,78.68709375,0.9098156249999999,0.5,77.13509833333333,77.13509833333333,0.9090728333333332,0.45
