model,testScore,testavgFB,testG,default,trainScore,trainavgFB,trainG
original,96.38790624999999,0.9751843749999999,0.9375,92.67177666666666,92.67177666666666,0.9667396666666666,0.8333333333333334
none,96.38790624999999,0.9751843749999999,0.9375,92.67177666666666,92.67177666666666,0.9667396666666666,0.8333333333333334
f16,96.38790624999999,0.9751843749999999,0.9375,92.67177666666666,92.67177666666666,0.9667396666666666,0.8333333333333334
i8,91.60453125,0.9604218749999999,0.8125,88.96003999999998,88.96003999999998,0.9565719999999998,0.7333333333333333
