model,testScore,testavgFB,testG,default,trainScore,trainavgFB,trainG
original,96.78869999999999,0.98091,0.9375,95.31393333333331,95.31393333333331,0.9759133333333331,0.9
none,96.78869999999999,0.98091,0.9375,95.31393333333331,95.31393333333331,0.9759133333333331,0.9
f16,96.78869999999999,0.98091,0.9375,95.32691833333332,95.32691833333332,0.9760988333333331,0.9
i8,93.78586875,0.9647981250000001,0.875,93.09969833333331,93.09969833333331,0.9728528333333331,0.8333333333333334
