model,testScore,testavgFB,testG,default,trainScore,trainavgFB,trainG
original,96.5653125,0.97771875,0.9375,92.72764833333333,92.72764833333333,0.9675378333333333,0.8333333333333334
none,96.5653125,0.97771875,0.9375,92.72764833333333,92.72764833333333,0.9675378333333333,0.8333333333333334
f16,96.5653125,0.97771875,0.9375,92.71569,92.71569,0.967367,0.8333333333333334
i8,95.88788749999999,0.96804125,0.9375,89.46358833333332,89.46358833333332,0.9494798333333332,0.7666666666666667
