model,testScore,testavgFB,testG,default,trainScore,trainavgFB,trainG
original,96.66038125,0.979076875,0.9375,91.47524000000001,91.47524000000001,0.9639320000000001,0.8
none,96.66038125,0.979076875,0.9375,91.47524000000001,91.47524000000001,0.9639320000000001,0.8
f16,96.66038125,0.979076875,0.9375,91.47524000000001,91.47524000000001,0.9639320000000001,0.8
i8,96.386725,0.9751675,0.9375,91.084615,91.084615,0.9654944999999999,0.7833333333333333
