model,testScore,testavgFB,testG,default,trainScore,trainavgFB,trainG
original,94.53530625,0.975504375,0.875,93.240655,93.240655,0.9748665,0.8333333333333334
none,94.53530625,0.975504375,0.875,93.240655,93.240655,0.9748665,0.8333333333333334
f16,94.53530625,0.975504375,0.875,93.24272,93.24272,0.974896,0.8333333333333334
i8,49.5426375,0.68096625,0.0625,64.92875333333333,64.92875333333333,0.7918393333333333,0.31666666666666665
