model,testScore,testavgFB,testG,default,trainScore,trainavgFB,trainG
original,96.7042625,0.97970375,0.9375,93.68014000000001,93.68014000000001,0.9740020000000001,0.85
none,96.7042625,0.97970375,0.9375,93.68014000000001,93.68014000000001,0.9740020000000001,0.85
f16,96.7042625,0.97970375,0.9375,93.69199333333334,93.69199333333334,0.9741713333333334,0.85
i8,96.308675,0.9740525,0.9375,93.97914499999999,93.97914499999999,0.9782734999999999,0.85
