model,testScore,testavgFB,testG,default,trainScore,trainavgFB,trainG
original,96.73064375,0.980080625,0.9375,92.597705,92.597705,0.9656815000000001,0.8333333333333334
none,96.73064375,0.980080625,0.9375,92.597705,92.597705,0.9656815000000001,0.8333333333333334
f16,96.61789999999999,0.97847,0.9375,92.57275,92.57275,0.965325,0.8333333333333334
i8,84.21679999999999,0.9352399999999998,0.625,79.64116833333335,79.64116833333335,0.8948738333333336,0.5666666666666667
