dense1,dense2,testScore,testavgFB,testG,default,trainScore,trainavgFB,trainG
11,6,97.008675,0.9840524999999999,0.9375,96.455635,96.455635,0.9850804999999999,0.9166666666666666
11,7,96.92835000000001,0.982905,0.9375,95.26820000000001,95.26820000000001,0.97526,0.9
14,1,96.98264375,0.983680625,0.9375,95.32943666666667,95.32943666666667,0.9832776666666666,0.8833333333333333
7,6,97.023725,0.9842675,0.9375,94.36916333333335,94.36916333333335,0.9767023333333335,0.8666666666666667
12,0,96.64156875,0.978808125,0.9375,95.83285500000001,95.83285500000001,0.9833265000000002,0.9
19,4,97.09547500000001,0.9852925,0.9375,95.95211166666667,95.95211166666667,0.9850301666666667,0.9
13,15,96.585,0.9779999999999999,0.9375,94.99441666666665,94.99441666666665,0.9784916666666665,0.8833333333333333
