dense1,dense2,testScore,testavgFB,testG,default,trainScore,trainavgFB,trainG
11,6,96.98903125,0.983771875,0.9375,96.61224833333334,96.61224833333334,0.9873178333333333,0.9166666666666666
11,7,96.97564375,0.9835806250000001,0.9375,94.71997999999999,94.71997999999999,0.981714,0.8666666666666667
14,1,97.158475,0.9861924999999999,0.9375,94.602415,94.602415,0.9800344999999999,0.8666666666666667
7,6,96.89041875,0.982363125,0.9375,95.71943166666667,95.71943166666667,0.9817061666666665,0.9
12,0,96.494175,0.9767025,0.9375,95.00915166666667,95.00915166666667,0.9787021666666667,0.8833333333333333
19,4,96.97879375000001,0.9836256250000001,0.9375,95.33266833333333,95.33266833333333,0.9833238333333333,0.8833333333333333
13,15,96.66501875,0.979143125,0.9375,95.803735,95.803735,0.9829105000000001,0.9
