dense1,dense2,o_score,testScore,testavgFB,testG,default,trainScore,trainavgFB,trainG
16,6,194.17156,96.9237125,0.98283875,0.9375,96.22694333333334,96.22694333333334,0.9889563333333334,0.9
