dense1,dense2,o_score,testScore,testavgFB,testG,default,trainScore,trainavgFB,trainG
16,6,194.17156,96.766475,0.9805925000000001,0.9375,97.204695,97.204695,0.9886385,0.9333333333333333
