dense1,dense2,o_score,testScore,testavgFB,testG,default,trainScore,trainavgFB,trainG
16,6,194.17156,96.83923125000001,0.9816318750000002,0.9375,96.713655,96.713655,0.9887665,0.9166666666666666
