dense1,dense2,o_score,testScore,testavgFB,testG,default,trainScore,trainavgFB,trainG
16,6,194.17156,96.87095000000001,0.9820850000000001,0.9375,96.07065666666666,96.07065666666666,0.9867236666666666,0.9
