dense1,dense2,o_score,testScore,testavgFB,testG,default,trainScore,trainavgFB,trainG
16,6,194.17156,96.79924375,0.981060625,0.9375,95.69172333333334,95.69172333333334,0.9813103333333335,0.9
