dense1,dense2,o_score,testScore,testavgFB,testG,default,trainScore,trainavgFB,trainG
16,6,194.17156,96.83844375,0.981620625,0.9375,96.69781166666668,96.69781166666668,0.9885401666666668,0.9166666666666666
