dense1,dense2,o_score,testScore,testavgFB,testG,default,trainScore,trainavgFB,trainG
16,6,194.17156,96.88306874999999,0.982258125,0.9375,96.703995,96.703995,0.9886285000000001,0.9166666666666666
