dense1,dense2,o_score,testScore,testavgFB,testG,default,trainScore,trainavgFB,trainG
16,6,194.17156,96.98430625,0.9837043750000001,0.9375,96.56648,96.56648,0.986664,0.9166666666666666
