dense1,dense2,o_score,testScore,testavgFB,testG,default,trainScore,trainavgFB,trainG
16,6,194.17156,96.77666875,0.980738125,0.9375,96.36279166666667,96.36279166666667,0.9837541666666667,0.9166666666666666
