dense1,dense2,o_score,testScore,testavgFB,testG,default,trainScore,trainavgFB,trainG
16,6,194.17156,96.80865,0.981195,0.9375,95.82442000000002,95.82442000000002,0.9832060000000002,0.9
