dense1,dense2,o_score,testScore,testavgFB,testG,default,trainScore,trainavgFB,trainG
16,6,194.17156,96.8437375,0.98169625,0.9375,96.70949,96.70949,0.988707,0.9166666666666666
