dense1,dense2,o_score,testScore,testavgFB,testG,default,trainScore,trainavgFB,trainG
16,6,194.17156,96.480875,0.9765125,0.9375,96.25430166666666,96.25430166666666,0.9893471666666667,0.9
