dense1,dense2,o_score,testScore,testavgFB,testG,default,trainScore,trainavgFB,trainG
16,6,194.17156,96.77666875,0.980738125,0.9375,95.86529999999999,95.86529999999999,0.9837899999999998,0.9
