dense1,dense2,o_score,testScore,testavgFB,testG,default,trainScore,trainavgFB,trainG
16,6,194.17156,96.77666875,0.980738125,0.9375,95.73498333333335,95.73498333333335,0.9819283333333335,0.9
