dense1,dense2,o_score,testScore,testavgFB,testG,default,trainScore,trainavgFB,trainG
16,6,194.17156,96.84763125,0.981751875,0.9375,96.17857333333333,96.17857333333333,0.9882653333333333,0.9
