model,testScore,testavgFB,testG,default,trainScore,trainavgFB,trainG
original,96.82645625,0.9814493750000001,0.9375,96.13844000000002,96.13844000000002,0.9876920000000002,0.9
none,96.82645625,0.9814493750000001,0.9375,96.13844000000002,96.13844000000002,0.9876920000000002,0.9
f16,96.82645625,0.9814493750000001,0.9375,96.13844000000002,96.13844000000002,0.9876920000000002,0.9
