model,testScore,testavgFB,testG,default,trainScore,trainavgFB,trainG
original,96.64226875,0.978818125,0.9375,96.64203333333333,96.64203333333333,0.9877433333333333,0.9166666666666666
none,96.64226875,0.978818125,0.9375,96.64203333333333,96.64203333333333,0.9877433333333333,0.9166666666666666
f16,96.64226875,0.978818125,0.9375,96.64203333333333,96.64203333333333,0.9877433333333333,0.9166666666666666
