model,testScore,testavgFB,testG,default,trainScore,trainavgFB,trainG
original,96.9014875,0.98252125,0.9375,96.06576833333334,96.06576833333334,0.9866538333333333,0.9
none,96.9014875,0.98252125,0.9375,96.06576833333334,96.06576833333334,0.9866538333333333,0.9
f16,96.9014875,0.98252125,0.9375,96.06576833333334,96.06576833333334,0.9866538333333333,0.9
