model,testScore,testavgFB,testG,default,trainScore,trainavgFB,trainG
original,96.78498125,0.980856875,0.9375,96.63058833333332,96.63058833333332,0.9875798333333332,0.9166666666666666
none,96.78498125,0.980856875,0.9375,96.63058833333332,96.63058833333332,0.9875798333333332,0.9166666666666666
f16,96.78498125,0.980856875,0.9375,96.62765999999999,96.62765999999999,0.9875379999999999,0.9166666666666666
