model,testScore,testavgFB,testG,default,trainScore,trainavgFB,trainG
original,96.661475,0.9790925,0.9375,96.72870499999999,96.72870499999999,0.9889815,0.9166666666666666
none,96.661475,0.9790925,0.9375,96.72870499999999,96.72870499999999,0.9889815,0.9166666666666666
f16,96.661475,0.9790925,0.9375,96.72808666666667,96.72808666666667,0.9889726666666667,0.9166666666666666
