model,testScore,testavgFB,testG,default,trainScore,trainavgFB,trainG
original,96.7168625,0.97988375,0.9375,97.25422,97.25422,0.9893460000000001,0.9333333333333333
none,96.7168625,0.97988375,0.9375,97.25422,97.25422,0.9893460000000001,0.9333333333333333
f16,96.7168625,0.97988375,0.9375,97.25422,97.25422,0.9893460000000001,0.9333333333333333
