model,testScore,testavgFB,testG,default,trainScore,trainavgFB,trainG
original,96.66711875,0.979173125,0.9375,95.84174500000002,95.84174500000002,0.9834535000000003,0.9
none,96.66711875,0.979173125,0.9375,95.84174500000002,95.84174500000002,0.9834535000000003,0.9
f16,96.66711875,0.979173125,0.9375,95.8409166666667,95.8409166666667,0.9834416666666671,0.9
