model,testScore,testavgFB,testG,default,trainScore,trainavgFB,trainG
original,96.7310375,0.98008625,0.9375,97.343435,97.343435,0.9906204999999999,0.9333333333333333
none,96.7310375,0.98008625,0.9375,97.343435,97.343435,0.9906204999999999,0.9333333333333333
f16,96.7310375,0.98008625,0.9375,97.343435,97.343435,0.9906204999999999,0.9333333333333333
