model,testScore,testavgFB,testG,default,trainScore,trainavgFB,trainG
original,96.786075,0.9808725,0.9375,95.83334500000001,95.83334500000001,0.9833335000000002,0.9
none,96.786075,0.9808725,0.9375,95.83334500000001,95.83334500000001,0.9833335000000002,0.9
f16,96.786075,0.9808725,0.9375,95.83334500000001,95.83334500000001,0.9833335000000002,0.9
