model,testScore,testavgFB,testG,default,trainScore,trainavgFB,trainG
original,96.74149374999999,0.9802356249999999,0.9375,95.71524333333335,95.71524333333335,0.9816463333333335,0.9
none,96.74149374999999,0.9802356249999999,0.9375,95.71524333333335,95.71524333333335,0.9816463333333335,0.9
f16,96.74149374999999,0.9802356249999999,0.9375,95.71524333333335,95.71524333333335,0.9816463333333335,0.9
