model,testScore,testavgFB,testG,default,trainScore,trainavgFB,trainG
original,96.7723375,0.98067625,0.9375,96.81642666666666,96.81642666666666,0.9902346666666666,0.9166666666666666
none,96.7723375,0.98067625,0.9375,96.81642666666666,96.81642666666666,0.9902346666666666,0.9166666666666666
f16,96.7723375,0.98067625,0.9375,96.81642666666666,96.81642666666666,0.9902346666666666,0.9166666666666666
