model,testScore,testavgFB,testG,default,trainScore,trainavgFB,trainG
original,96.74858125,0.9803368750000001,0.9375,97.223595,97.223595,0.9889085000000001,0.9333333333333333
none,96.74858125,0.9803368750000001,0.9375,97.223595,97.223595,0.9889085000000001,0.9333333333333333
f16,96.74858125,0.9803368750000001,0.9375,97.223035,97.223035,0.9889005,0.9333333333333333
