model,testScore,testavgFB,testG,default,trainScore,trainavgFB,trainG
original,96.87366250000001,0.9821237500000001,0.9375,96.05291166666666,96.05291166666666,0.9864701666666666,0.9
none,96.87366250000001,0.9821237500000001,0.9375,96.05291166666666,96.05291166666666,0.9864701666666666,0.9
f16,96.87366250000001,0.9821237500000001,0.9375,96.05291166666666,96.05291166666666,0.9864701666666666,0.9
