model,testScore,testavgFB,testG,default,trainScore,trainavgFB,trainG
original,96.6085375,0.97833625,0.9375,95.994625,95.994625,0.9856375,0.9
none,96.6085375,0.97833625,0.9375,95.994625,95.994625,0.9856375,0.9
f16,96.6085375,0.97833625,0.9375,95.994625,95.994625,0.9856375,0.9
