model,testScore,testavgFB,testG,default,trainScore,trainavgFB,trainG
original,96.7560625,0.98044375,0.9375,95.31653333333333,95.31653333333333,0.9830933333333333,0.8833333333333333
none,96.7560625,0.98044375,0.9375,95.31653333333333,95.31653333333333,0.9830933333333333,0.8833333333333333
f16,96.7560625,0.98044375,0.9375,95.31653333333333,95.31653333333333,0.9830933333333333,0.8833333333333333
