model,testScore,testavgFB,testG,default,trainScore,trainavgFB,trainG
original,96.79386249999999,0.9809837499999999,0.9375,96.35719166666665,96.35719166666665,0.9836741666666665,0.9166666666666666
none,96.79386249999999,0.9809837499999999,0.9375,96.35719166666665,96.35719166666665,0.9836741666666665,0.9166666666666666
f16,96.79386249999999,0.9809837499999999,0.9375,96.35504499999999,96.35504499999999,0.9836434999999999,0.9166666666666666
