model,testScore,testavgFB,testG,default,trainScore,trainavgFB,trainG
original,96.86749375,0.982035625,0.9375,96.77678333333334,96.77678333333334,0.9896683333333335,0.9166666666666666
none,96.86749375,0.982035625,0.9375,96.77678333333334,96.77678333333334,0.9896683333333335,0.9166666666666666
f16,96.86749375,0.982035625,0.9375,96.77678333333334,96.77678333333334,0.9896683333333335,0.9166666666666666
