model,testScore,testavgFB,testG,default,trainScore,trainavgFB,trainG
original,96.9604625,0.98336375,0.9375,97.29315166666666,97.29315166666666,0.9899021666666666,0.9333333333333333
none,96.9604625,0.98336375,0.9375,97.29315166666666,97.29315166666666,0.9899021666666666,0.9333333333333333
f16,96.9604625,0.98336375,0.9375,97.29077166666666,97.29077166666666,0.9898681666666665,0.9333333333333333
