model,testScore,testavgFB,testG,default,trainScore,trainavgFB,trainG
original,96.73129999999999,0.9800899999999999,0.9375,96.39747666666666,96.39747666666666,0.9842496666666667,0.9166666666666666
none,96.73129999999999,0.9800899999999999,0.9375,96.39747666666666,96.39747666666666,0.9842496666666667,0.9166666666666666
f16,96.73129999999999,0.9800899999999999,0.9375,96.39747666666666,96.39747666666666,0.9842496666666667,0.9166666666666666
