model,testScore,testavgFB,testG,default,trainScore,trainavgFB,trainG
original,96.69831249999999,0.9796187499999999,0.9375,96.00216166666665,96.00216166666665,0.9857451666666665,0.9
none,96.69831249999999,0.9796187499999999,0.9375,96.00216166666665,96.00216166666665,0.9857451666666665,0.9
f16,96.69831249999999,0.9796187499999999,0.9375,96.00216166666665,96.00216166666665,0.9857451666666665,0.9
