model,testScore,testavgFB,testG,default,trainScore,trainavgFB,trainG
original,96.781175,0.9808025,0.9375,97.23884333333332,97.23884333333332,0.9891263333333332,0.9333333333333333
none,96.781175,0.9808025,0.9375,97.23884333333332,97.23884333333332,0.9891263333333332,0.9333333333333333
f16,96.781175,0.9808025,0.9375,97.23884333333332,97.23884333333332,0.9891263333333332,0.9333333333333333
