model,testScore,testavgFB,testG,default,trainScore,trainavgFB,trainG
original,96.66690000000001,0.9791700000000001,0.9375,96.64596499999999,96.64596499999999,0.9877994999999999,0.9166666666666666
none,96.66690000000001,0.9791700000000001,0.9375,96.64596499999999,96.64596499999999,0.9877994999999999,0.9166666666666666
f16,96.66690000000001,0.9791700000000001,0.9375,96.64687500000001,96.64687500000001,0.9878125000000001,0.9166666666666666
