model,testScore,testavgFB,testG,default,trainScore,trainavgFB,trainG
original,96.94230625,0.983104375,0.9375,96.60977500000001,96.60977500000001,0.9872825000000003,0.9166666666666666
none,96.94230625,0.983104375,0.9375,96.60977500000001,96.60977500000001,0.9872825000000003,0.9166666666666666
f16,96.94230625,0.983104375,0.9375,96.60977500000001,96.60977500000001,0.9872825000000003,0.9166666666666666
