model,testScore,testavgFB,testG,default,trainScore,trainavgFB,trainG
original,96.753175,0.9804025000000001,0.9375,96.49237333333333,96.49237333333333,0.9856053333333333,0.9166666666666666
none,96.753175,0.9804025000000001,0.9375,96.49237333333333,96.49237333333333,0.9856053333333333,0.9166666666666666
f16,96.753175,0.9804025000000001,0.9375,96.48989999999999,96.48989999999999,0.9855699999999998,0.9166666666666666
