model,testScore,testavgFB,testG,default,trainScore,trainavgFB,trainG
original,96.7126625,0.9798237499999999,0.9375,95.81543666666667,95.81543666666667,0.9830776666666667,0.9
none,96.7126625,0.9798237499999999,0.9375,95.81543666666667,95.81543666666667,0.9830776666666667,0.9
f16,96.7126625,0.9798237499999999,0.9375,95.81543666666667,95.81543666666667,0.9830776666666667,0.9
