model,testScore,testavgFB,testG,default,trainScore,trainavgFB,trainG
original,96.74875625,0.980339375,0.9375,95.72027166666666,95.72027166666666,0.9817181666666667,0.9
none,96.74875625,0.980339375,0.9375,95.72027166666666,95.72027166666666,0.9817181666666667,0.9
f16,96.74875625,0.980339375,0.9375,95.71713333333334,95.71713333333334,0.9816733333333333,0.9
