model,testScore,testavgFB,testG,default,trainScore,trainavgFB,trainG
original,96.82129375,0.981375625,0.9375,97.15816833333334,97.15816833333334,0.9879738333333333,0.9333333333333333
none,96.82129375,0.981375625,0.9375,97.15816833333334,97.15816833333334,0.9879738333333333,0.9333333333333333
f16,96.82129375,0.981375625,0.9375,97.159055,97.159055,0.9879865,0.9333333333333333
