model,testScore,testavgFB,testG,default,trainScore,trainavgFB,trainG
original,96.77133125,0.980661875,0.9375,94.98654166666667,94.98654166666667,0.9783791666666667,0.8833333333333333
none,96.77133125,0.980661875,0.9375,94.98654166666667,94.98654166666667,0.9783791666666667,0.8833333333333333
f16,96.77133125,0.980661875,0.9375,94.98704333333333,94.98704333333333,0.9783863333333332,0.8833333333333333
