model,testScore,testavgFB,testG,default,trainScore,trainavgFB,trainG
original,96.74070624999999,0.9802243749999999,0.9375,95.86856666666667,95.86856666666667,0.9838366666666667,0.9
none,96.74070624999999,0.9802243749999999,0.9375,95.86856666666667,95.86856666666667,0.9838366666666667,0.9
f16,96.74070624999999,0.9802243749999999,0.9375,95.86856666666667,95.86856666666667,0.9838366666666667,0.9
