model,testScore,testavgFB,testG,default,trainScore,trainavgFB,trainG
original,96.8027875,0.98111125,0.9375,96.11556166666668,96.11556166666668,0.9873651666666668,0.9
none,96.8027875,0.98111125,0.9375,96.11556166666668,96.11556166666668,0.9873651666666668,0.9
f16,96.8027875,0.98111125,0.9375,96.11556166666668,96.11556166666668,0.9873651666666668,0.9
