model,testScore,testavgFB,testG,default,trainScore,trainavgFB,trainG
original,96.80865,0.981195,0.9375,94.22342166666667,94.22342166666667,0.9817631666666666,0.85
none,96.80865,0.981195,0.9375,94.22342166666667,94.22342166666667,0.9817631666666666,0.85
f16,96.80865,0.981195,0.9375,94.22342166666667,94.22342166666667,0.9817631666666666,0.85
