model,testScore,testavgFB,testG,default,trainScore,trainavgFB,trainG
original,96.8568625,0.98188375,0.9375,96.63537166666667,96.63537166666667,0.9876481666666667,0.9166666666666666
none,96.8568625,0.98188375,0.9375,96.63537166666667,96.63537166666667,0.9876481666666667,0.9166666666666666
f16,96.8568625,0.98188375,0.9375,96.63537166666667,96.63537166666667,0.9876481666666667,0.9166666666666666
