model,testScore,testavgFB,testG,default,trainScore,trainavgFB,trainG
original,96.88053125,0.982221875,0.9375,97.19103333333334,97.19103333333334,0.9884433333333333,0.9333333333333333
none,96.88053125,0.982221875,0.9375,97.19103333333334,97.19103333333334,0.9884433333333333,0.9333333333333333
f16,96.88053125,0.982221875,0.9375,97.19103333333334,97.19103333333334,0.9884433333333333,0.9333333333333333
