model,testScore,testavgFB,testG,default,trainScore,trainavgFB,trainG
original,96.78804375,0.980900625,0.9375,95.34616666666666,95.34616666666666,0.9835166666666666,0.8833333333333333
none,96.78804375,0.980900625,0.9375,95.34616666666666,95.34616666666666,0.9835166666666666,0.8833333333333333
f16,96.78804375,0.980900625,0.9375,95.34700666666666,95.34700666666666,0.9835286666666666,0.8833333333333333
