model,testScore,testavgFB,testG,default,trainScore,trainavgFB,trainG
original,96.87843125,0.982191875,0.9375,96.61539833333333,96.61539833333333,0.9873628333333333,0.9166666666666666
none,96.87843125,0.982191875,0.9375,96.61539833333333,96.61539833333333,0.9873628333333333,0.9166666666666666
f16,96.87843125,0.982191875,0.9375,96.61539833333333,96.61539833333333,0.9873628333333333,0.9166666666666666
