model,testScore,testavgFB,testG,default,trainScore,trainavgFB,trainG
original,96.884775,0.9822825000000001,0.9375,97.16733833333333,97.16733833333333,0.9881048333333333,0.9333333333333333
none,96.884775,0.9822825000000001,0.9375,97.16733833333333,97.16733833333333,0.9881048333333333,0.9333333333333333
f16,96.884775,0.9822825000000001,0.9375,97.16733833333333,97.16733833333333,0.9881048333333333,0.9333333333333333
