model,testScore,testavgFB,testG,default,trainScore,trainavgFB,trainG
original,96.51766875000001,0.9770381250000001,0.9375,96.69798666666668,96.69798666666668,0.9885426666666668,0.9166666666666666
none,96.51766875000001,0.9770381250000001,0.9375,96.69798666666668,96.69798666666668,0.9885426666666668,0.9166666666666666
f16,96.51766875000001,0.9770381250000001,0.9375,96.69798666666668,96.69798666666668,0.9885426666666668,0.9166666666666666
