model,testScore,testavgFB,testG,default,trainScore,trainavgFB,trainG
original,96.9294,0.98292,0.9375,97.11485,97.11485,0.9873550000000001,0.9333333333333333
none,96.9294,0.98292,0.9375,97.11485,97.11485,0.9873550000000001,0.9333333333333333
f16,96.9294,0.98292,0.9375,97.11588833333333,97.11588833333333,0.9873698333333334,0.9333333333333333
