model,testScore,testavgFB,testG,default,trainScore,trainavgFB,trainG
original,96.78992500000001,0.9809275000000001,0.9375,96.40392833333334,96.40392833333334,0.9843418333333334,0.9166666666666666
none,96.78992500000001,0.9809275000000001,0.9375,96.40392833333334,96.40392833333334,0.9843418333333334,0.9166666666666666
f16,96.78992500000001,0.9809275000000001,0.9375,96.40392833333334,96.40392833333334,0.9843418333333334,0.9166666666666666
