model,testScore,testavgFB,testG,default,trainScore,trainavgFB,trainG
original,96.82523125,0.9814318750000001,0.9375,96.60113000000001,96.60113000000001,0.9871590000000002,0.9166666666666666
none,96.82523125,0.9814318750000001,0.9375,96.60113000000001,96.60113000000001,0.9871590000000002,0.9166666666666666
f16,96.82523125,0.9814318750000001,0.9375,96.59873833333333,96.59873833333333,0.9871248333333333,0.9166666666666666
