model,testScore,testavgFB,testG,default,trainScore,trainavgFB,trainG
original,96.79924375,0.981060625,0.9375,93.79924499999998,93.79924499999998,0.9757034999999998,0.85
none,96.79924375,0.981060625,0.9375,93.79924499999998,93.79924499999998,0.9757034999999998,0.85
f16,96.79924375,0.981060625,0.9375,93.79705166666665,93.79705166666665,0.9756721666666665,0.85
