model,testScore,testavgFB,testG,default,trainScore,trainavgFB,trainG
original,96.85611875000001,0.981873125,0.9375,96.59012833333334,96.59012833333334,0.9870018333333335,0.9166666666666666
none,96.85611875000001,0.981873125,0.9375,96.59012833333334,96.59012833333334,0.9870018333333335,0.9166666666666666
f16,96.85611875000001,0.981873125,0.9375,96.58645333333334,96.58645333333334,0.9869493333333335,0.9166666666666666
