model,testScore,testavgFB,testG,default,trainScore,trainavgFB,trainG
original,96.7949125,0.98099875,0.9375,97.21097166666667,97.21097166666667,0.9887281666666666,0.9333333333333333
none,96.7949125,0.98099875,0.9375,97.21097166666667,97.21097166666667,0.9887281666666666,0.9333333333333333
f16,96.7949125,0.98099875,0.9375,97.21097166666667,97.21097166666667,0.9887281666666666,0.9333333333333333
