model,testScore,testavgFB,testG,default,trainScore,trainavgFB,trainG
original,96.8027875,0.98111125,0.9375,97.17722,97.17722,0.9882460000000002,0.9333333333333333
none,96.8027875,0.98111125,0.9375,97.17722,97.17722,0.9882460000000002,0.9333333333333333
f16,96.8027875,0.98111125,0.9375,97.17622833333334,97.17622833333334,0.9882318333333335,0.9333333333333333
