model,testScore,testavgFB,testG,default,trainScore,trainavgFB,trainG
original,96.79828125,0.981046875,0.9375,96.312985,96.312985,0.9901855,0.9
none,96.79828125,0.981046875,0.9375,96.312985,96.312985,0.9901855,0.9
f16,96.79828125,0.981046875,0.9375,96.31626333333332,96.31626333333332,0.9902323333333333,0.9
