model,testScore,testavgFB,testG,default,trainScore,trainavgFB,trainG
original,96.71314375,0.979830625,0.9375,96.42280500000001,96.42280500000001,0.9846115000000002,0.9166666666666666
none,96.71314375,0.979830625,0.9375,96.42280500000001,96.42280500000001,0.9846115000000002,0.9166666666666666
f16,96.71314375,0.979830625,0.9375,96.41110333333336,96.41110333333336,0.9844443333333336,0.9166666666666666
