model,testScore,testavgFB,testG,default,trainScore,trainavgFB,trainG
original,96.75755,0.9804649999999999,0.9375,95.28925666666667,95.28925666666667,0.9827036666666669,0.8833333333333333
none,96.75755,0.9804649999999999,0.9375,95.28925666666667,95.28925666666667,0.9827036666666669,0.8833333333333333
f16,96.73497499999999,0.9801424999999999,0.9375,95.28925666666667,95.28925666666667,0.9827036666666669,0.8833333333333333
