model,testScore,testavgFB,testG,default,trainScore,trainavgFB,trainG
original,96.80865,0.981195,0.9375,94.46467833333334,94.46467833333334,0.9780668333333333,0.8666666666666667
none,96.80865,0.981195,0.9375,94.46467833333334,94.46467833333334,0.9780668333333333,0.8666666666666667
f16,96.80865,0.981195,0.9375,94.46467833333334,94.46467833333334,0.9780668333333333,0.8666666666666667
