model,testScore,testavgFB,testG,default,trainScore,trainavgFB,trainG
original,96.74070624999999,0.9802243749999999,0.9375,95.12713666666667,95.12713666666667,0.9803876666666667,0.8833333333333333
none,96.74070624999999,0.9802243749999999,0.9375,95.12713666666667,95.12713666666667,0.9803876666666667,0.8833333333333333
f16,96.74070624999999,0.9802243749999999,0.9375,95.12713666666667,95.12713666666667,0.9803876666666667,0.8833333333333333
