model,testScore,testavgFB,testG,default,trainScore,trainavgFB,trainG
original,96.90625625000001,0.9825893750000001,0.9375,96.55002999999999,96.55002999999999,0.9864289999999999,0.9166666666666666
none,96.90625625000001,0.9825893750000001,0.9375,96.55002999999999,96.55002999999999,0.9864289999999999,0.9166666666666666
f16,96.90625625000001,0.9825893750000001,0.9375,96.55002999999999,96.55002999999999,0.9864289999999999,0.9166666666666666
