model,testScore,testavgFB,testG,default,trainScore,trainavgFB,trainG
original,96.7786375,0.98076625,0.9375,95.16595166666667,95.16595166666667,0.9809421666666667,0.8833333333333333
none,96.7786375,0.98076625,0.9375,95.16595166666667,95.16595166666667,0.9809421666666667,0.8833333333333333
f16,96.7786375,0.98076625,0.9375,95.17533166666666,95.17533166666666,0.9810761666666666,0.8833333333333333
