model,testScore,testavgFB,testG,default,trainScore,trainavgFB,trainG
original,96.79880625,0.981054375,0.9375,96.59544833333335,96.59544833333335,0.9870778333333335,0.9166666666666666
none,96.79880625,0.981054375,0.9375,96.59544833333335,96.59544833333335,0.9870778333333335,0.9166666666666666
f16,96.79880625,0.981054375,0.9375,96.59544833333335,96.59544833333335,0.9870778333333335,0.9166666666666666
