model,testScore,testavgFB,testG,default,trainScore,trainavgFB,trainG
original,96.8167875,0.9813112500000001,0.9375,96.55771833333333,96.55771833333333,0.9865388333333333,0.9166666666666666
none,96.8167875,0.9813112500000001,0.9375,96.55771833333333,96.55771833333333,0.9865388333333333,0.9166666666666666
f16,96.8167875,0.9813112500000001,0.9375,96.55617833333334,96.55617833333334,0.9865168333333333,0.9166666666666666
