model,testScore,testavgFB,testG,default,trainScore,trainavgFB,trainG
original,96.73060000000001,0.9800800000000001,0.9375,96.66635833333333,96.66635833333333,0.9880908333333334,0.9166666666666666
none,96.73060000000001,0.9800800000000001,0.9375,96.66635833333333,96.66635833333333,0.9880908333333334,0.9166666666666666
f16,96.73060000000001,0.9800800000000001,0.9375,96.66635833333333,96.66635833333333,0.9880908333333334,0.9166666666666666
