model,testScore,testavgFB,testG,default,trainScore,trainavgFB,trainG
original,96.69853125,0.9796218750000001,0.9375,95.20096333333333,95.20096333333333,0.9814423333333334,0.8833333333333333
none,96.69853125,0.9796218750000001,0.9375,95.20096333333333,95.20096333333333,0.9814423333333334,0.8833333333333333
f16,96.69853125,0.9796218750000001,0.9375,95.20096333333333,95.20096333333333,0.9814423333333334,0.8833333333333333
