model,testScore,testavgFB,testG,default,trainScore,trainavgFB,trainG
original,96.716775,0.9798825,0.9375,96.6957,96.6957,0.98851,0.9166666666666666
none,96.716775,0.9798825,0.9375,96.6957,96.6957,0.98851,0.9166666666666666
f16,96.716775,0.9798825,0.9375,96.6957,96.6957,0.98851,0.9166666666666666
