model,testScore,testavgFB,testG,default,trainScore,trainavgFB,trainG
original,96.522175,0.9771025,0.9375,97.38062833333335,97.38062833333335,0.9911518333333335,0.9333333333333333
none,96.522175,0.9771025,0.9375,97.38062833333335,97.38062833333335,0.9911518333333335,0.9333333333333333
f16,96.522175,0.9771025,0.9375,97.38456000000001,97.38456000000001,0.9912080000000002,0.9333333333333333
