model,testScore,testavgFB,testG,default,trainScore,trainavgFB,trainG
original,96.71261875,0.979823125,0.9375,96.12368166666668,96.12368166666668,0.987481166666667,0.9
none,96.71261875,0.979823125,0.9375,96.12368166666668,96.12368166666668,0.987481166666667,0.9
f16,96.71261875,0.979823125,0.9375,96.12368166666668,96.12368166666668,0.987481166666667,0.9
