model,testScore,testavgFB,testG,default,trainScore,trainavgFB,trainG
original,96.75776875,0.980468125,0.9375,96.83327333333332,96.83327333333332,0.9904753333333333,0.9166666666666666
none,96.75776875,0.980468125,0.9375,96.83327333333332,96.83327333333332,0.9904753333333333,0.9166666666666666
f16,96.75776875,0.980468125,0.9375,96.83259666666667,96.83259666666667,0.9904656666666667,0.9166666666666666
