model,testScore,testavgFB,testG,default,trainScore,trainavgFB,trainG
original,96.73213125000001,0.9801018750000001,0.9375,96.65555499999999,96.65555499999999,0.9879365,0.9166666666666666
none,96.73213125000001,0.9801018750000001,0.9375,96.65555499999999,96.65555499999999,0.9879365,0.9166666666666666
f16,96.73213125000001,0.9801018750000001,0.9375,96.65555499999999,96.65555499999999,0.9879365,0.9166666666666666
