model,testScore,testavgFB,testG,default,trainScore,trainavgFB,trainG
original,96.74919375,0.980345625,0.9375,97.29979000000002,97.29979000000002,0.9899970000000001,0.9333333333333333
none,96.74919375,0.980345625,0.9375,97.29979000000002,97.29979000000002,0.9899970000000001,0.9333333333333333
f16,96.74919375,0.980345625,0.9375,97.29979000000002,97.29979000000002,0.9899970000000001,0.9333333333333333
