model,testScore,testavgFB,testG,default,trainScore,trainavgFB,trainG
original,96.526375,0.9771625,0.9375,96.70866166666666,96.70866166666666,0.9886951666666666,0.9166666666666666
none,96.526375,0.9771625,0.9375,96.70866166666666,96.70866166666666,0.9886951666666666,0.9166666666666666
f16,96.526375,0.9771625,0.9375,96.70956,96.70956,0.988708,0.9166666666666666
