model,testScore,testavgFB,testG,default,trainScore,trainavgFB,trainG
original,96.822475,0.9813925,0.9375,96.65921833333333,96.65921833333333,0.9879888333333333,0.9166666666666666
none,96.822475,0.9813925,0.9375,96.65921833333333,96.65921833333333,0.9879888333333333,0.9166666666666666
f16,96.822475,0.9813925,0.9375,96.66060666666668,96.66060666666668,0.9880086666666669,0.9166666666666666
