model,testScore,testavgFB,testG,default,trainScore,trainavgFB,trainG
original,96.82628125000001,0.981446875,0.9375,97.26320333333335,97.26320333333335,0.9894743333333336,0.9333333333333333
none,96.82628125000001,0.981446875,0.9375,97.26320333333335,97.26320333333335,0.9894743333333336,0.9333333333333333
f16,96.82628125000001,0.981446875,0.9375,97.26320333333335,97.26320333333335,0.9894743333333336,0.9333333333333333
