model,testScore,testavgFB,testG,default,trainScore,trainavgFB,trainG
original,96.767,0.9806,0.9375,97.15798166666666,97.15798166666666,0.9879711666666666,0.9333333333333333
none,96.767,0.9806,0.9375,97.15798166666666,97.15798166666666,0.9879711666666666,0.9333333333333333
f16,96.767,0.9806,0.9375,97.15798166666666,97.15798166666666,0.9879711666666666,0.9333333333333333
