model,testScore,testavgFB,testG,default,trainScore,trainavgFB,trainG
original,96.79049375000001,0.9809356250000001,0.9375,97.726535,97.726535,0.9889505,0.95
none,96.79049375000001,0.9809356250000001,0.9375,97.726535,97.726535,0.9889505,0.95
f16,96.79049375000001,0.9809356250000001,0.9375,97.726535,97.726535,0.9889505,0.95
