model,testScore,testavgFB,testG,default,trainScore,trainavgFB,trainG
original,96.68103125,0.9793718750000001,0.9375,97.19719333333333,97.19719333333333,0.9885313333333332,0.9333333333333333
none,96.68103125,0.9793718750000001,0.9375,97.19719333333333,97.19719333333333,0.9885313333333332,0.9333333333333333
f16,96.68103125,0.9793718750000001,0.9375,97.19859333333333,97.19859333333333,0.9885513333333334,0.9333333333333333
