model,testScore,testavgFB,testG,default,trainScore,trainavgFB,trainG
original,96.79880625,0.981054375,0.9375,97.24913333333335,97.24913333333335,0.9892733333333334,0.9333333333333333
none,96.79880625,0.981054375,0.9375,97.24913333333335,97.24913333333335,0.9892733333333334,0.9333333333333333
f16,96.79880625,0.981054375,0.9375,97.24913333333335,97.24913333333335,0.9892733333333334,0.9333333333333333
