model,testScore,testavgFB,testG,default,trainScore,trainavgFB,trainG
original,96.5574375,0.97760625,0.9375,96.49939666666667,96.49939666666667,0.9857056666666667,0.9166666666666666
none,96.5574375,0.97760625,0.9375,96.49939666666667,96.49939666666667,0.9857056666666667,0.9166666666666666
f16,96.5574375,0.97760625,0.9375,96.50030666666667,96.50030666666667,0.9857186666666669,0.9166666666666666
