model,testScore,testavgFB,testG,default,trainScore,trainavgFB,trainG
original,96.79880625,0.981054375,0.9375,97.17635666666668,97.17635666666668,0.9882336666666668,0.9333333333333333
none,96.79880625,0.981054375,0.9375,97.17635666666668,97.17635666666668,0.9882336666666668,0.9333333333333333
f16,96.79880625,0.981054375,0.9375,97.17635666666668,97.17635666666668,0.9882336666666668,0.9333333333333333
