model,testScore,testavgFB,testG,default,trainScore,trainavgFB,trainG
original,96.78060625,0.980794375,0.9375,95.29181166666666,95.29181166666666,0.9827401666666665,0.8833333333333333
none,96.78060625,0.980794375,0.9375,95.29181166666666,95.29181166666666,0.9827401666666665,0.8833333333333333
f16,96.78060625,0.980794375,0.9375,95.29181166666666,95.29181166666666,0.9827401666666665,0.8833333333333333
