model,testScore,testavgFB,testG,default,trainScore,trainavgFB,trainG
original,96.56098125,0.977656875,0.9375,93.28234,93.28234,0.975462,0.8333333333333334
none,96.56098125,0.977656875,0.9375,93.28234,93.28234,0.975462,0.8333333333333334
f16,96.56098125,0.977656875,0.9375,93.28234,93.28234,0.975462,0.8333333333333334
