model,testScore,testavgFB,testG,default,trainScore,trainavgFB,trainG
original,96.79924375,0.981060625,0.9375,94.88039833333333,94.88039833333333,0.9768628333333332,0.8833333333333333
none,96.79924375,0.981060625,0.9375,94.88039833333333,94.88039833333333,0.9768628333333332,0.8833333333333333
f16,96.79924375,0.981060625,0.9375,94.88039833333333,94.88039833333333,0.9768628333333332,0.8833333333333333
