model,testScore,testavgFB,testG,default,trainScore,trainavgFB,trainG
original,96.78515625,0.980859375,0.9375,97.28240666666666,97.28240666666666,0.9897486666666666,0.9333333333333333
none,96.78515625,0.980859375,0.9375,97.28240666666666,97.28240666666666,0.9897486666666666,0.9333333333333333
f16,96.78515625,0.980859375,0.9375,97.28280333333333,97.28280333333333,0.9897543333333334,0.9333333333333333
