model,testScore,testavgFB,testG,default,trainScore,trainavgFB,trainG
original,96.78060625,0.980794375,0.9375,95.22034166666666,95.22034166666666,0.9817191666666666,0.8833333333333333
none,96.78060625,0.980794375,0.9375,95.22034166666666,95.22034166666666,0.9817191666666666,0.8833333333333333
f16,96.78060625,0.980794375,0.9375,95.21954833333332,95.21954833333332,0.9817078333333332,0.8833333333333333
