model,testScore,testavgFB,testG,default,trainScore,trainavgFB,trainG
original,96.763675,0.9805525,0.9375,95.25742999999999,95.25742999999999,0.9822489999999998,0.8833333333333333
none,96.763675,0.9805525,0.9375,95.25742999999999,95.25742999999999,0.9822489999999998,0.8833333333333333
f16,96.763675,0.9805525,0.9375,95.25742999999999,95.25742999999999,0.9822489999999998,0.8833333333333333
