model,testScore,testavgFB,testG,default,trainScore,trainavgFB,trainG
original,96.25718125,0.973316875,0.9375,96.22960333333333,96.22960333333333,0.9889943333333332,0.9
none,96.25718125,0.973316875,0.9375,96.22960333333333,96.22960333333333,0.9889943333333332,0.9
f16,96.25718125,0.973316875,0.9375,96.22890333333332,96.22890333333332,0.9889843333333332,0.9
