model,testScore,testavgFB,testG,default,trainScore,trainavgFB,trainG
original,96.80913125000001,0.981201875,0.9375,97.18103500000001,97.18103500000001,0.9883005000000001,0.9333333333333333
none,96.80913125000001,0.981201875,0.9375,97.18103500000001,97.18103500000001,0.9883005000000001,0.9333333333333333
f16,96.80913125000001,0.981201875,0.9375,97.18103500000001,97.18103500000001,0.9883005000000001,0.9333333333333333
