model,testScore,testavgFB,testG,default,trainScore,trainavgFB,trainG
original,96.8027875,0.98111125,0.9375,97.20830000000001,97.20830000000001,0.9886900000000001,0.9333333333333333
none,96.8027875,0.98111125,0.9375,97.20830000000001,97.20830000000001,0.9886900000000001,0.9333333333333333
f16,96.8027875,0.98111125,0.9375,97.20830000000001,97.20830000000001,0.9886900000000001,0.9333333333333333
