model,testScore,testavgFB,testG,default,trainScore,trainavgFB,trainG
original,96.90625625000001,0.9825893750000001,0.9375,96.81866666666667,96.81866666666667,0.9902666666666669,0.9166666666666666
none,96.90625625000001,0.9825893750000001,0.9375,96.81866666666667,96.81866666666667,0.9902666666666669,0.9166666666666666
f16,96.90625625000001,0.9825893750000001,0.9375,96.81866666666667,96.81866666666667,0.9902666666666669,0.9166666666666666
