model,testScore,testavgFB,testG,default,trainScore,trainavgFB,trainG
original,96.81201875,0.981243125,0.9375,97.215755,97.215755,0.9887965,0.9333333333333333
none,96.81201875,0.981243125,0.9375,97.215755,97.215755,0.9887965,0.9333333333333333
f16,96.81201875,0.981243125,0.9375,97.215755,97.215755,0.9887965,0.9333333333333333
