model,testScore,testavgFB,testG,default,trainScore,trainavgFB,trainG
original,96.786075,0.9808725,0.9375,96.45645166666668,96.45645166666668,0.9850921666666668,0.9166666666666666
none,96.786075,0.9808725,0.9375,96.45645166666668,96.45645166666668,0.9850921666666668,0.9166666666666666
f16,96.786075,0.9808725,0.9375,96.45645166666668,96.45645166666668,0.9850921666666668,0.9166666666666666
