model,testScore,testavgFB,testG,default,trainScore,trainavgFB,trainG
original,96.6475625,0.97889375,0.9375,96.32051,96.32051,0.990293,0.9
none,96.6475625,0.97889375,0.9375,96.32051,96.32051,0.990293,0.9
f16,96.65784375,0.979040625,0.9375,96.32051,96.32051,0.990293,0.9
