model,testScore,testavgFB,testG,default,trainScore,trainavgFB,trainG
original,96.786075,0.9808725,0.9375,94.90047666666665,94.90047666666665,0.9771496666666664,0.8833333333333333
none,96.786075,0.9808725,0.9375,94.90047666666665,94.90047666666665,0.9771496666666664,0.8833333333333333
f16,96.786075,0.9808725,0.9375,94.90047666666665,94.90047666666665,0.9771496666666664,0.8833333333333333
