model,testScore,testavgFB,testG,default,trainScore,trainavgFB,trainG
original,96.5619875,0.97767125,0.9375,96.020175,96.020175,0.9860025,0.9
none,96.5619875,0.97767125,0.9375,96.020175,96.020175,0.9860025,0.9
f16,96.5619875,0.97767125,0.9375,96.02543666666666,96.02543666666666,0.9860776666666666,0.9
