model,testScore,testavgFB,testG,default,trainScore,trainavgFB,trainG
original,96.7803,0.98079,0.9375,97.193635,97.193635,0.9884805,0.9333333333333333
none,96.7803,0.98079,0.9375,97.193635,97.193635,0.9884805,0.9333333333333333
f16,96.7803,0.98079,0.9375,97.19420666666667,97.19420666666667,0.9884886666666667,0.9333333333333333
