model,testScore,testavgFB,testG,default,trainScore,trainavgFB,trainG
original,96.786075,0.9808725,0.9375,95.86273333333335,95.86273333333335,0.9837533333333336,0.9
none,96.786075,0.9808725,0.9375,95.86273333333335,95.86273333333335,0.9837533333333336,0.9
f16,96.786075,0.9808725,0.9375,95.86273333333335,95.86273333333335,0.9837533333333336,0.9
