model,testScore,testavgFB,testG,default,trainScore,trainavgFB,trainG
original,96.79924375,0.981060625,0.9375,94.77809166666665,94.77809166666665,0.9825441666666664,0.8666666666666667
none,96.79924375,0.981060625,0.9375,94.77809166666665,94.77809166666665,0.9825441666666664,0.8666666666666667
f16,96.79924375,0.981060625,0.9375,94.78416999999999,94.78416999999999,0.9826309999999998,0.8666666666666667
