model,testScore,testavgFB,testG,default,trainScore,trainavgFB,trainG
original,96.86535,0.982005,0.9375,97.128675,97.128675,0.9875524999999999,0.9333333333333333
none,96.86535,0.982005,0.9375,97.128675,97.128675,0.9875524999999999,0.9333333333333333
f16,96.86535,0.982005,0.9375,97.12812666666666,97.12812666666666,0.9875446666666666,0.9333333333333333
