model,testScore,testavgFB,testG,default,trainScore,trainavgFB,trainG
original,96.46613125,0.976301875,0.9375,96.16171499999999,96.16171499999999,0.9880244999999999,0.9
none,96.46613125,0.976301875,0.9375,96.16171499999999,96.16171499999999,0.9880244999999999,0.9
f16,96.46613125,0.976301875,0.9375,96.15781833333332,96.15781833333332,0.9879688333333333,0.9
