model,testScore,testavgFB,testG,default,trainScore,trainavgFB,trainG
original,96.84071875000001,0.981653125,0.9375,96.59421166666668,96.59421166666668,0.9870601666666668,0.9166666666666666
none,96.84071875000001,0.981653125,0.9375,96.59421166666668,96.59421166666668,0.9870601666666668,0.9166666666666666
f16,96.84071875000001,0.981653125,0.9375,96.59728000000001,96.59728000000001,0.9871040000000001,0.9166666666666666
