model,testScore,testavgFB,testG,default,trainScore,trainavgFB,trainG
original,96.76735000000001,0.9806050000000001,0.9375,96.38184333333335,96.38184333333335,0.9840263333333336,0.9166666666666666
none,96.76735000000001,0.9806050000000001,0.9375,96.38184333333335,96.38184333333335,0.9840263333333336,0.9166666666666666
f16,96.76735000000001,0.9806050000000001,0.9375,96.38184333333335,96.38184333333335,0.9840263333333336,0.9166666666666666
