model,testScore,testavgFB,testG,default,trainScore,trainavgFB,trainG
original,96.82991249999999,0.98149875,0.9375,95.84890833333334,95.84890833333334,0.9835558333333334,0.9
none,96.82991249999999,0.98149875,0.9375,95.84890833333334,95.84890833333334,0.9835558333333334,0.9
f16,96.82991249999999,0.98149875,0.9375,95.84976,95.84976,0.9835680000000001,0.9
