model,testScore,testavgFB,testG,default,trainScore,trainavgFB,trainG
original,96.8425125,0.98167875,0.9375,96.62561833333334,96.62561833333334,0.9875088333333333,0.9166666666666666
none,96.8425125,0.98167875,0.9375,96.62561833333334,96.62561833333334,0.9875088333333333,0.9166666666666666
f16,96.8425125,0.98167875,0.9375,96.62459166666666,96.62459166666666,0.9874941666666666,0.9166666666666666
