model,testScore,testavgFB,testG,default,trainScore,trainavgFB,trainG
original,96.78498125,0.980856875,0.9375,97.05916500000002,97.05916500000002,0.9865595000000003,0.9333333333333333
none,96.78498125,0.980856875,0.9375,97.05916500000002,97.05916500000002,0.9865595000000003,0.9333333333333333
f16,96.78498125,0.980856875,0.9375,97.05916500000002,97.05916500000002,0.9865595000000003,0.9333333333333333
