model,testScore,testavgFB,testG,default,trainScore,trainavgFB,trainG
original,96.813025,0.9812575,0.9375,96.47128000000001,96.47128000000001,0.9853040000000001,0.9166666666666666
none,96.813025,0.9812575,0.9375,96.47128000000001,96.47128000000001,0.9853040000000001,0.9166666666666666
f16,96.813025,0.9812575,0.9375,96.47128000000001,96.47128000000001,0.9853040000000001,0.9166666666666666
