model,testScore,testavgFB,testG,default,trainScore,trainavgFB,trainG
original,96.9237125,0.98283875,0.9375,97.20740166666667,97.20740166666667,0.9886771666666667,0.9333333333333333
none,96.9237125,0.98283875,0.9375,97.20740166666667,97.20740166666667,0.9886771666666667,0.9333333333333333
f16,96.9237125,0.98283875,0.9375,97.20831166666666,97.20831166666666,0.9886901666666666,0.9333333333333333
