model,testScore,testavgFB,testG,default,trainScore,trainavgFB,trainG
original,96.6718,0.97924,0.9375,97.041735,97.041735,0.9863105000000001,0.9333333333333333
none,96.6718,0.97924,0.9375,97.041735,97.041735,0.9863105000000001,0.9333333333333333
f16,96.6718,0.97924,0.9375,97.041735,97.041735,0.9863105000000001,0.9333333333333333
