model,testScore,testavgFB,testG,default,trainScore,trainavgFB,trainG
original,96.7936,0.98098,0.9375,97.18428999999999,97.18428999999999,0.9883469999999999,0.9333333333333333
none,96.7936,0.98098,0.9375,97.18428999999999,97.18428999999999,0.9883469999999999,0.9333333333333333
f16,96.7936,0.98098,0.9375,97.18428999999999,97.18428999999999,0.9883469999999999,0.9333333333333333
