model,testScore,testavgFB,testG,default,trainScore,trainavgFB,trainG
original,96.63063125000001,0.9786518750000001,0.9375,97.23576333333334,97.23576333333334,0.9890823333333334,0.9333333333333333
none,96.63063125000001,0.9786518750000001,0.9375,97.23576333333334,97.23576333333334,0.9890823333333334,0.9333333333333333
f16,96.63063125000001,0.9786518750000001,0.9375,97.23516833333332,97.23516833333332,0.9890738333333332,0.9333333333333333
