model,testScore,testavgFB,testG,default,trainScore,trainavgFB,trainG
original,96.78060625,0.980794375,0.9375,95.87057333333334,95.87057333333334,0.9838653333333334,0.9
none,96.78060625,0.980794375,0.9375,95.87057333333334,95.87057333333334,0.9838653333333334,0.9
f16,96.78060625,0.980794375,0.9375,95.87192666666667,95.87192666666667,0.9838846666666666,0.9
