model,testScore,testavgFB,testG,default,trainScore,trainavgFB,trainG
original,96.8570375,0.9818862500000001,0.9375,96.57580166666668,96.57580166666668,0.9867971666666668,0.9166666666666666
none,96.8570375,0.9818862500000001,0.9375,96.57580166666668,96.57580166666668,0.9867971666666668,0.9166666666666666
f16,96.8570375,0.9818862500000001,0.9375,96.57580166666668,96.57580166666668,0.9867971666666668,0.9166666666666666
