model,testScore,testavgFB,testG,default,trainScore,trainavgFB,trainG
original,96.786075,0.9808725,0.9375,94.54863166666667,94.54863166666667,0.9792661666666667,0.8666666666666667
none,96.786075,0.9808725,0.9375,94.54863166666667,94.54863166666667,0.9792661666666667,0.8666666666666667
f16,96.786075,0.9808725,0.9375,94.55190999999999,94.55190999999999,0.979313,0.8666666666666667
