model,testScore,testavgFB,testG,default,trainScore,trainavgFB,trainG
original,96.78060625,0.980794375,0.9375,95.92827666666665,95.92827666666665,0.9846896666666665,0.9
none,96.78060625,0.980794375,0.9375,95.92827666666665,95.92827666666665,0.9846896666666665,0.9
f16,96.78060625,0.980794375,0.9375,95.92827666666665,95.92827666666665,0.9846896666666665,0.9
