model,testScore,testavgFB,testG,default,trainScore,trainavgFB,trainG
original,96.4274125,0.9757487499999999,0.9375,96.58514666666666,96.58514666666666,0.9869306666666666,0.9166666666666666
none,96.4274125,0.9757487499999999,0.9375,96.58514666666666,96.58514666666666,0.9869306666666666,0.9166666666666666
f16,96.4274125,0.9757487499999999,0.9375,96.58514666666666,96.58514666666666,0.9869306666666666,0.9166666666666666
