model,testScore,testavgFB,testG,default,trainScore,trainavgFB,trainG
original,96.47689375,0.976455625,0.9375,96.92627,96.92627,0.9846610000000001,0.9333333333333333
none,96.47689375,0.976455625,0.9375,96.92627,96.92627,0.9846610000000001,0.9333333333333333
f16,96.47689375,0.976455625,0.9375,96.92811333333333,96.92811333333333,0.9846873333333334,0.9333333333333333
