model,testScore,testavgFB,testG,default,trainScore,trainavgFB,trainG
original,96.70413125,0.979701875,0.9375,94.55788333333335,94.55788333333335,0.9793983333333335,0.8666666666666667
none,96.70413125,0.979701875,0.9375,94.55788333333335,94.55788333333335,0.9793983333333335,0.8666666666666667
f16,96.70413125,0.979701875,0.9375,94.56053166666666,94.56053166666666,0.9794361666666667,0.8666666666666667
