model,testScore,testavgFB,testG,default,trainScore,trainavgFB,trainG
original,96.95057500000001,0.9832225000000001,0.9375,96.13496333333335,96.13496333333335,0.9876423333333335,0.9
none,96.95057500000001,0.9832225000000001,0.9375,96.13496333333335,96.13496333333335,0.9876423333333335,0.9
f16,96.95057500000001,0.9832225000000001,0.9375,96.13496333333335,96.13496333333335,0.9876423333333335,0.9
