model,testScore,testavgFB,testG,default,trainScore,trainavgFB,trainG
original,96.8437375,0.98169625,0.9375,97.20737833333335,97.20737833333335,0.9886768333333336,0.9333333333333333
none,96.8437375,0.98169625,0.9375,97.20737833333335,97.20737833333335,0.9886768333333336,0.9333333333333333
f16,96.8437375,0.98169625,0.9375,97.20737833333335,97.20737833333335,0.9886768333333336,0.9333333333333333
