model,testScore,testavgFB,testG,default,trainScore,trainavgFB,trainG
original,96.82628125000001,0.981446875,0.9375,96.80422333333335,96.80422333333335,0.9900603333333337,0.9166666666666666
none,96.82628125000001,0.981446875,0.9375,96.80422333333335,96.80422333333335,0.9900603333333337,0.9166666666666666
f16,96.82628125000001,0.981446875,0.9375,96.80422333333335,96.80422333333335,0.9900603333333337,0.9166666666666666
