model,testScore,testavgFB,testG,default,trainScore,trainavgFB,trainG
original,96.6948125,0.97956875,0.9375,95.23745666666667,95.23745666666667,0.9819636666666667,0.8833333333333333
none,96.6948125,0.97956875,0.9375,95.23745666666667,95.23745666666667,0.9819636666666667,0.8833333333333333
f16,96.6948125,0.97956875,0.9375,95.23528666666667,95.23528666666667,0.9819326666666667,0.8833333333333333
