model,testScore,testavgFB,testG,default,trainScore,trainavgFB,trainG
original,96.78992500000001,0.9809275000000001,0.9375,95.40895666666665,95.40895666666665,0.9844136666666665,0.8833333333333333
none,96.78992500000001,0.9809275000000001,0.9375,95.40895666666665,95.40895666666665,0.9844136666666665,0.8833333333333333
f16,96.78992500000001,0.9809275000000001,0.9375,95.40895666666665,95.40895666666665,0.9844136666666665,0.8833333333333333
