model,testScore,testavgFB,testG,default,trainScore,trainavgFB,trainG
original,96.8601,0.9819300000000001,0.9375,96.63624666666668,96.63624666666668,0.9876606666666669,0.9166666666666666
none,96.8601,0.9819300000000001,0.9375,96.63624666666668,96.63624666666668,0.9876606666666669,0.9166666666666666
f16,96.8601,0.9819300000000001,0.9375,96.63624666666668,96.63624666666668,0.9876606666666669,0.9166666666666666
