model,testScore,testavgFB,testG,default,trainScore,trainavgFB,trainG
original,96.7949125,0.98099875,0.9375,97.31645,97.31645,0.9902350000000001,0.9333333333333333
none,96.7949125,0.98099875,0.9375,97.31645,97.31645,0.9902350000000001,0.9333333333333333
f16,96.7949125,0.98099875,0.9375,97.31645,97.31645,0.9902350000000001,0.9333333333333333
