model,testScore,testavgFB,testG,default,trainScore,trainavgFB,trainG
original,96.77666875,0.980738125,0.9375,95.74643999999999,95.74643999999999,0.9820919999999999,0.9
none,96.77666875,0.980738125,0.9375,95.74643999999999,95.74643999999999,0.9820919999999999,0.9
f16,96.77666875,0.980738125,0.9375,95.74643999999999,95.74643999999999,0.9820919999999999,0.9
