model,testScore,testavgFB,testG,default,trainScore,trainavgFB,trainG
original,96.4205,0.97565,0.9375,96.21338666666666,96.21338666666666,0.9887626666666666,0.9
none,96.4205,0.97565,0.9375,96.21338666666666,96.21338666666666,0.9887626666666666,0.9
f16,96.4205,0.97565,0.9375,96.21338666666666,96.21338666666666,0.9887626666666666,0.9
