model,testScore,testavgFB,testG,default,trainScore,trainavgFB,trainG
original,96.79880625,0.981054375,0.9375,96.62784666666667,96.62784666666667,0.9875406666666667,0.9166666666666666
none,96.79880625,0.981054375,0.9375,96.62784666666667,96.62784666666667,0.9875406666666667,0.9166666666666666
f16,96.79880625,0.981054375,0.9375,96.62784666666667,96.62784666666667,0.9875406666666667,0.9166666666666666
