model,testScore,testavgFB,testG,default,trainScore,trainavgFB,trainG
original,96.80375000000001,0.981125,0.9375,97.28091333333334,97.28091333333334,0.9897273333333335,0.9333333333333333
none,96.80375000000001,0.981125,0.9375,97.28091333333334,97.28091333333334,0.9897273333333335,0.9333333333333333
f16,96.80375000000001,0.981125,0.9375,97.28091333333334,97.28091333333334,0.9897273333333335,0.9333333333333333
