model,testScore,testavgFB,testG,default,trainScore,trainavgFB,trainG
original,96.52742500000001,0.9771775,0.9375,97.23557666666666,97.23557666666666,0.9890796666666666,0.9333333333333333
none,96.52742500000001,0.9771775,0.9375,97.23557666666666,97.23557666666666,0.9890796666666666,0.9333333333333333
f16,96.52742500000001,0.9771775,0.9375,97.23557666666666,97.23557666666666,0.9890796666666666,0.9333333333333333
