model,testScore,testavgFB,testG,default,trainScore,trainavgFB,trainG
original,96.9014875,0.98252125,0.9375,96.72177500000002,96.72177500000002,0.9888825000000002,0.9166666666666666
none,96.9014875,0.98252125,0.9375,96.72177500000002,96.72177500000002,0.9888825000000002,0.9166666666666666
f16,96.9014875,0.98252125,0.9375,96.72177500000002,96.72177500000002,0.9888825000000002,0.9166666666666666
