model,testScore,testavgFB,testG,default,trainScore,trainavgFB,trainG
original,96.77666875,0.980738125,0.9375,95.80988333333332,95.80988333333332,0.9829983333333332,0.9
none,96.77666875,0.980738125,0.9375,95.80988333333332,95.80988333333332,0.9829983333333332,0.9
f16,96.77666875,0.980738125,0.9375,95.813885,95.813885,0.9830555,0.9
