model,testScore,testavgFB,testG,default,trainScore,trainavgFB,trainG
original,96.7537,0.98041,0.9375,96.21506666666667,96.21506666666667,0.9887866666666667,0.9
none,96.7537,0.98041,0.9375,96.21506666666667,96.21506666666667,0.9887866666666667,0.9
f16,96.7537,0.98041,0.9375,96.21506666666667,96.21506666666667,0.9887866666666667,0.9
