model,testScore,testavgFB,testG,default,trainScore,trainavgFB,trainG
original,96.87095,0.982085,0.9375,97.177465,97.177465,0.9882495,0.9333333333333333
none,96.87095,0.982085,0.9375,97.177465,97.177465,0.9882495,0.9333333333333333
f16,96.87095,0.982085,0.9375,97.177465,97.177465,0.9882495,0.9333333333333333
