model,testScore,testavgFB,testG,default,trainScore,trainavgFB,trainG
original,96.79924375,0.981060625,0.9375,94.68830500000001,94.68830500000001,0.9812615000000001,0.8666666666666667
none,96.79924375,0.981060625,0.9375,94.68830500000001,94.68830500000001,0.9812615000000001,0.8666666666666667
f16,96.79924375,0.981060625,0.9375,94.68830500000001,94.68830500000001,0.9812615000000001,0.8666666666666667
