model,testScore,testavgFB,testG,default,trainScore,trainavgFB,trainG
original,96.92008125000001,0.9827868750000001,0.9375,97.70154500000001,97.70154500000001,0.9885935000000001,0.95
none,96.92008125000001,0.9827868750000001,0.9375,97.70154500000001,97.70154500000001,0.9885935000000001,0.95
f16,96.92008125000001,0.9827868750000001,0.9375,97.70154500000001,97.70154500000001,0.9885935000000001,0.95
