model,testScore,testavgFB,testG,default,trainScore,trainavgFB,trainG
original,96.74678750000001,0.9803112500000001,0.9375,97.16253166666667,97.16253166666667,0.9880361666666666,0.9333333333333333
none,96.74678750000001,0.9803112500000001,0.9375,97.16253166666667,97.16253166666667,0.9880361666666666,0.9333333333333333
f16,96.74678750000001,0.9803112500000001,0.9375,97.16253166666667,97.16253166666667,0.9880361666666666,0.9333333333333333
