model,testScore,testavgFB,testG,default,trainScore,trainavgFB,trainG
original,96.45370625,0.976124375,0.9375,97.26068333333333,97.26068333333333,0.9894383333333333,0.9333333333333333
none,96.45370625,0.976124375,0.9375,97.26068333333333,97.26068333333333,0.9894383333333333,0.9333333333333333
f16,96.45370625,0.976124375,0.9375,97.26068333333333,97.26068333333333,0.9894383333333333,0.9333333333333333
