model,testScore,testavgFB,testG,default,trainScore,trainavgFB,trainG
original,96.82685000000001,0.9814550000000001,0.9375,97.217015,97.217015,0.9888145000000002,0.9333333333333333
none,96.82685000000001,0.9814550000000001,0.9375,97.217015,97.217015,0.9888145000000002,0.9333333333333333
f16,96.82685000000001,0.9814550000000001,0.9375,97.217015,97.217015,0.9888145000000002,0.9333333333333333
