model,testScore,testavgFB,testG,default,trainScore,trainavgFB,trainG
original,96.77666875,0.980738125,0.9375,95.27564166666667,95.27564166666667,0.9825091666666668,0.8833333333333333
none,96.77666875,0.980738125,0.9375,95.27564166666667,95.27564166666667,0.9825091666666668,0.8833333333333333
f16,96.77666875,0.980738125,0.9375,95.27564166666667,95.27564166666667,0.9825091666666668,0.8833333333333333
