model,testScore,testavgFB,testG,default,trainScore,trainavgFB,trainG
original,96.73991875,0.980213125,0.9375,96.83938666666668,96.83938666666668,0.9905626666666668,0.9166666666666666
none,96.73991875,0.980213125,0.9375,96.83938666666668,96.83938666666668,0.9905626666666668,0.9166666666666666
f16,96.73991875,0.980213125,0.9375,96.84013333333334,96.84013333333334,0.9905733333333334,0.9166666666666666
