model,testScore,testavgFB,testG,default,trainScore,trainavgFB,trainG
original,96.82383125,0.981411875,0.9375,96.77819666666667,96.77819666666667,0.9825456666666668,0.9333333333333333
none,96.82383125,0.981411875,0.9375,96.77819666666667,96.77819666666667,0.9825456666666668,0.9333333333333333
f16,96.82383125,0.981411875,0.9375,96.77819666666667,96.77819666666667,0.9825456666666668,0.9333333333333333
