model,testScore,testavgFB,testG,default,trainScore,trainavgFB,trainG
original,96.9329875,0.98297125,0.9375,96.11461666666666,96.11461666666666,0.9873516666666666,0.9
none,96.9329875,0.98297125,0.9375,96.11461666666666,96.11461666666666,0.9873516666666666,0.9
f16,96.9329875,0.98297125,0.9375,96.11461666666666,96.11461666666666,0.9873516666666666,0.9
