model,testScore,testavgFB,testG,default,trainScore,trainavgFB,trainG
original,96.79924375,0.981060625,0.9375,95.34403166666668,95.34403166666668,0.9834861666666669,0.8833333333333333
none,96.79924375,0.981060625,0.9375,95.34403166666668,95.34403166666668,0.9834861666666669,0.8833333333333333
f16,96.79924375,0.981060625,0.9375,95.34701833333334,95.34701833333334,0.9835288333333334,0.8833333333333333
