model,testScore,testavgFB,testG,default,trainScore,trainavgFB,trainG
original,96.78060625,0.980794375,0.9375,95.22990833333333,95.22990833333333,0.9818558333333333,0.8833333333333333
none,96.78060625,0.980794375,0.9375,95.22990833333333,95.22990833333333,0.9818558333333333,0.8833333333333333
f16,96.78060625,0.980794375,0.9375,95.22990833333333,95.22990833333333,0.9818558333333333,0.8833333333333333
