model,testScore,testavgFB,testG,default,trainScore,trainavgFB,trainG
original,96.9413,0.98309,0.9375,96.69019333333333,96.69019333333333,0.9884313333333333,0.9166666666666666
none,96.9413,0.98309,0.9375,96.69019333333333,96.69019333333333,0.9884313333333333,0.9166666666666666
f16,96.9413,0.98309,0.9375,96.69019333333333,96.69019333333333,0.9884313333333333,0.9166666666666666
