model,testScore,testavgFB,testG,default,trainScore,trainavgFB,trainG
original,96.76196875000001,0.9805281250000001,0.9375,97.22518166666666,97.22518166666666,0.9889311666666666,0.9333333333333333
none,96.76196875000001,0.9805281250000001,0.9375,97.22518166666666,97.22518166666666,0.9889311666666666,0.9333333333333333
f16,96.76196875000001,0.9805281250000001,0.9375,97.22374666666666,97.22374666666666,0.9889106666666666,0.9333333333333333
