model,testScore,testavgFB,testG,default,trainScore,trainavgFB,trainG
original,96.91649375,0.982735625,0.9375,97.16940333333334,97.16940333333334,0.9881343333333333,0.9333333333333333
none,96.91649375,0.982735625,0.9375,97.16940333333334,97.16940333333334,0.9881343333333333,0.9333333333333333
f16,96.91649375,0.982735625,0.9375,97.16940333333334,97.16940333333334,0.9881343333333333,0.9333333333333333
