model,testScore,testavgFB,testG,default,trainScore,trainavgFB,trainG
original,96.80865,0.981195,0.9375,95.750535,95.750535,0.9821505,0.9
none,96.80865,0.981195,0.9375,95.750535,95.750535,0.9821505,0.9
f16,96.80865,0.981195,0.9375,95.74961333333334,95.74961333333334,0.9821373333333334,0.9
