model,testScore,testavgFB,testG,default,trainScore,trainavgFB,trainG
original,96.87545625000001,0.9821493750000001,0.9375,96.68201500000002,96.68201500000002,0.9883145000000002,0.9166666666666666
none,96.87545625000001,0.9821493750000001,0.9375,96.68201500000002,96.68201500000002,0.9883145000000002,0.9166666666666666
f16,96.87545625000001,0.9821493750000001,0.9375,96.67611166666669,96.67611166666669,0.988230166666667,0.9166666666666666
