model,testScore,testavgFB,testG,default,trainScore,trainavgFB,trainG
original,96.65360000000001,0.9789800000000001,0.9375,95.14578,95.14578,0.980654,0.8833333333333333
none,96.65360000000001,0.9789800000000001,0.9375,95.14578,95.14578,0.980654,0.8833333333333333
f16,96.65360000000001,0.9789800000000001,0.9375,95.14578,95.14578,0.980654,0.8833333333333333
