model,testScore,testavgFB,testG,default,trainScore,trainavgFB,trainG
original,96.74875625,0.980339375,0.9375,96.38600833333334,96.38600833333334,0.9840858333333333,0.9166666666666666
none,96.74875625,0.980339375,0.9375,96.38600833333334,96.38600833333334,0.9840858333333333,0.9166666666666666
f16,96.74875625,0.980339375,0.9375,96.38600833333334,96.38600833333334,0.9840858333333333,0.9166666666666666
