model,testScore,testavgFB,testG,default,trainScore,trainavgFB,trainG
original,96.59361875,0.978123125,0.9375,96.63618833333335,96.63618833333335,0.9876598333333336,0.9166666666666666
none,96.59361875,0.978123125,0.9375,96.63618833333335,96.63618833333335,0.9876598333333336,0.9166666666666666
f16,96.59361875,0.978123125,0.9375,96.63618833333335,96.63618833333335,0.9876598333333336,0.9166666666666666
