model,testScore,testavgFB,testG,default,trainScore,trainavgFB,trainG
original,96.76748125,0.980606875,0.9375,97.39313499999999,97.39313499999999,0.9913304999999999,0.9333333333333333
none,96.76748125,0.980606875,0.9375,97.39313499999999,97.39313499999999,0.9913304999999999,0.9333333333333333
f16,96.76748125,0.980606875,0.9375,97.39385833333333,97.39385833333333,0.9913408333333333,0.9333333333333333
