model,testScore,testavgFB,testG,default,trainScore,trainavgFB,trainG
original,96.8306125,0.98150875,0.9375,97.20811333333332,97.20811333333332,0.9886873333333331,0.9333333333333333
none,96.8306125,0.98150875,0.9375,97.20811333333332,97.20811333333332,0.9886873333333331,0.9333333333333333
f16,96.8306125,0.98150875,0.9375,97.20811333333332,97.20811333333332,0.9886873333333331,0.9333333333333333
