model,testScore,testavgFB,testG,default,trainScore,trainavgFB,trainG
original,96.71086875,0.9797981250000001,0.9375,97.22449333333334,97.22449333333334,0.9889213333333335,0.9333333333333333
none,96.71086875,0.9797981250000001,0.9375,97.22449333333334,97.22449333333334,0.9889213333333335,0.9333333333333333
f16,96.71086875,0.9797981250000001,0.9375,97.22449333333334,97.22449333333334,0.9889213333333335,0.9333333333333333
