model,testScore,testavgFB,testG,default,trainScore,trainavgFB,trainG
original,96.79535000000001,0.9810050000000001,0.9375,95.99312,95.99312,0.985616,0.9
none,96.79535000000001,0.9810050000000001,0.9375,95.99312,95.99312,0.985616,0.9
f16,96.79535000000001,0.9810050000000001,0.9375,95.99312,95.99312,0.985616,0.9
