model,testScore,testavgFB,testG,default,trainScore,trainavgFB,trainG
original,96.9182875,0.98276125,0.9375,96.64170666666668,96.64170666666668,0.9877386666666668,0.9166666666666666
none,96.9182875,0.98276125,0.9375,96.64170666666668,96.64170666666668,0.9877386666666668,0.9166666666666666
f16,96.9182875,0.98276125,0.9375,96.64258166666667,96.64258166666667,0.9877511666666667,0.9166666666666666
