model,testScore,testavgFB,testG,default,trainScore,trainavgFB,trainG
original,96.77666875,0.980738125,0.9375,96.38682500000002,96.38682500000002,0.9840975000000002,0.9166666666666666
none,96.77666875,0.980738125,0.9375,96.38682500000002,96.38682500000002,0.9840975000000002,0.9166666666666666
f16,96.77666875,0.980738125,0.9375,96.38682500000002,96.38682500000002,0.9840975000000002,0.9166666666666666
