model,testScore,testavgFB,testG,default,trainScore,trainavgFB,trainG
original,96.72119375,0.979945625,0.9375,95.23673333333332,95.23673333333332,0.9819533333333332,0.8833333333333333
none,96.72119375,0.979945625,0.9375,95.23673333333332,95.23673333333332,0.9819533333333332,0.8833333333333333
f16,96.72119375,0.979945625,0.9375,95.23673333333332,95.23673333333332,0.9819533333333332,0.8833333333333333
