model,testScore,testavgFB,testG,default,trainScore,trainavgFB,trainG
original,96.74674375,0.980310625,0.9375,95.28034333333332,95.28034333333332,0.9825763333333332,0.8833333333333333
none,96.74674375,0.980310625,0.9375,95.28034333333332,95.28034333333332,0.9825763333333332,0.8833333333333333
f16,96.74674375,0.980310625,0.9375,95.28034333333332,95.28034333333332,0.9825763333333332,0.8833333333333333
