model,testScore,testavgFB,testG,default,trainScore,trainavgFB,trainG
original,96.6487,0.9789100000000001,0.9375,97.25144333333334,97.25144333333334,0.9893063333333335,0.9333333333333333
none,96.6487,0.9789100000000001,0.9375,97.25144333333334,97.25144333333334,0.9893063333333335,0.9333333333333333
f16,96.6487,0.9789100000000001,0.9375,97.25144333333334,97.25144333333334,0.9893063333333335,0.9333333333333333
