model,testScore,testavgFB,testG,default,trainScore,trainavgFB,trainG
original,96.739525,0.9802075,0.9375,95.32916833333334,95.32916833333334,0.9832738333333334,0.8833333333333333
none,96.739525,0.9802075,0.9375,95.32916833333334,95.32916833333334,0.9832738333333334,0.8833333333333333
f16,96.739525,0.9802075,0.9375,95.32863166666667,95.32863166666667,0.9832661666666667,0.8833333333333333
