model,testScore,testavgFB,testG,default,trainScore,trainavgFB,trainG
original,96.78804375,0.980900625,0.9375,93.61954333333333,93.61954333333333,0.9731363333333333,0.85
none,96.78804375,0.980900625,0.9375,93.61954333333333,93.61954333333333,0.9731363333333333,0.85
f16,96.78804375,0.980900625,0.9375,93.61954333333333,93.61954333333333,0.9731363333333333,0.85
