model,testScore,testavgFB,testG,default,trainScore,trainavgFB,trainG
original,96.9191625,0.98277375,0.9375,96.45667333333334,96.45667333333334,0.9850953333333334,0.9166666666666666
none,96.9191625,0.98277375,0.9375,96.45667333333334,96.45667333333334,0.9850953333333334,0.9166666666666666
f16,96.9191625,0.98277375,0.9375,96.45583333333335,96.45583333333335,0.9850833333333334,0.9166666666666666
