model,testScore,testavgFB,testG,default,trainScore,trainavgFB,trainG
original,96.83533750000001,0.98157625,0.9375,97.27974666666668,97.27974666666668,0.9897106666666668,0.9333333333333333
none,96.83533750000001,0.98157625,0.9375,97.27974666666668,97.27974666666668,0.9897106666666668,0.9333333333333333
f16,96.83533750000001,0.98157625,0.9375,97.28239500000001,97.28239500000001,0.9897485,0.9333333333333333
