model,testScore,testavgFB,testG,default,trainScore,trainavgFB,trainG
original,96.8568625,0.98188375,0.9375,96.59543666666666,96.59543666666666,0.9870776666666665,0.9166666666666666
none,96.8568625,0.98188375,0.9375,96.59543666666666,96.59543666666666,0.9870776666666665,0.9166666666666666
f16,96.8568625,0.98188375,0.9375,96.59911166666666,96.59911166666666,0.9871301666666666,0.9166666666666666
