model,testScore,testavgFB,testG,default,trainScore,trainavgFB,trainG
original,96.90660625,0.9825943749999999,0.9375,97.24500333333333,97.24500333333333,0.9892143333333333,0.9333333333333333
none,96.90660625,0.9825943749999999,0.9375,97.24500333333333,97.24500333333333,0.9892143333333333,0.9333333333333333
f16,96.90660625,0.9825943749999999,0.9375,97.24604166666666,97.24604166666666,0.9892291666666666,0.9333333333333333
