model,testScore,testavgFB,testG,default,trainScore,trainavgFB,trainG
original,96.9014875,0.98252125,0.9375,97.14782000000001,97.14782000000001,0.9878260000000001,0.9333333333333333
none,96.9014875,0.98252125,0.9375,97.14782000000001,97.14782000000001,0.9878260000000001,0.9333333333333333
f16,96.9014875,0.98252125,0.9375,97.14782000000001,97.14782000000001,0.9878260000000001,0.9333333333333333
