model,testScore,testavgFB,testG,default,trainScore,trainavgFB,trainG
original,96.58902499999999,0.9780574999999999,0.9375,95.28897666666667,95.28897666666667,0.9826996666666666,0.8833333333333333
none,96.58902499999999,0.9780574999999999,0.9375,95.28897666666667,95.28897666666667,0.9826996666666666,0.8833333333333333
f16,96.58902499999999,0.9780574999999999,0.9375,95.28897666666667,95.28897666666667,0.9826996666666666,0.8833333333333333
