model,testScore,testavgFB,testG,default,trainScore,trainavgFB,trainG
original,96.28238125,0.973676875,0.9375,96.47128,96.47128,0.985304,0.9166666666666666
none,96.28238125,0.973676875,0.9375,96.47128,96.47128,0.985304,0.9166666666666666
f16,96.28238125,0.973676875,0.9375,96.47382333333333,96.47382333333333,0.9853403333333333,0.9166666666666666
