model,testScore,testavgFB,testG,default,trainScore,trainavgFB,trainG
original,96.76735000000001,0.9806050000000001,0.9375,94.775385,94.775385,0.9825055,0.8666666666666667
none,96.76735000000001,0.9806050000000001,0.9375,94.775385,94.775385,0.9825055,0.8666666666666667
f16,96.76735000000001,0.9806050000000001,0.9375,94.77351833333334,94.77351833333334,0.9824788333333334,0.8666666666666667
