model,testScore,testavgFB,testG,default,trainScore,trainavgFB,trainG
original,96.83551250000001,0.98157875,0.9375,97.06877833333334,97.06877833333334,0.9866968333333334,0.9333333333333333
none,96.83551250000001,0.98157875,0.9375,97.06877833333334,97.06877833333334,0.9866968333333334,0.9333333333333333
f16,96.83551250000001,0.98157875,0.9375,97.06877833333334,97.06877833333334,0.9866968333333334,0.9333333333333333
