model,testScore,testavgFB,testG,default,trainScore,trainavgFB,trainG
original,96.76735000000001,0.9806050000000001,0.9375,95.270835,95.270835,0.9824405000000002,0.8833333333333333
none,96.76735000000001,0.9806050000000001,0.9375,95.270835,95.270835,0.9824405000000002,0.8833333333333333
f16,96.76735000000001,0.9806050000000001,0.9375,95.27165166666667,95.27165166666667,0.9824521666666668,0.8833333333333333
