model,testScore,testavgFB,testG,default,trainScore,trainavgFB,trainG
original,96.72119375,0.979945625,0.9375,96.29917333333334,96.29917333333334,0.9828453333333335,0.9166666666666666
none,96.72119375,0.979945625,0.9375,96.29917333333334,96.29917333333334,0.9828453333333335,0.9166666666666666
f16,96.72119375,0.979945625,0.9375,96.29917333333334,96.29917333333334,0.9828453333333335,0.9166666666666666
