model,testScore,testavgFB,testG,default,trainScore,trainavgFB,trainG
original,96.39915,0.975345,0.9375,96.3457,96.3457,0.98351,0.9166666666666666
none,96.39915,0.975345,0.9375,96.3457,96.3457,0.98351,0.9166666666666666
f16,96.39915,0.975345,0.9375,96.34673833333333,96.34673833333333,0.9835248333333334,0.9166666666666666
