model,testScore,testavgFB,testG,default,trainScore,trainavgFB,trainG
original,96.79233125,0.980961875,0.9375,95.68568000000002,95.68568000000002,0.9812240000000002,0.9
none,96.79233125,0.980961875,0.9375,95.68568000000002,95.68568000000002,0.9812240000000002,0.9
f16,96.79233125,0.980961875,0.9375,95.6875,95.6875,0.9812500000000001,0.9
