model,testScore,testavgFB,testG,default,trainScore,trainavgFB,trainG
original,96.79924375,0.981060625,0.9375,95.78890666666665,95.78890666666665,0.9826986666666665,0.9
none,96.79924375,0.981060625,0.9375,95.78890666666665,95.78890666666665,0.9826986666666665,0.9
f16,96.79924375,0.981060625,0.9375,95.78890666666665,95.78890666666665,0.9826986666666665,0.9
