model,testScore,testavgFB,testG,default,trainScore,trainavgFB,trainG
original,96.58521875000001,0.9780031250000001,0.9375,97.40838333333335,97.40838333333335,0.9915483333333336,0.9333333333333333
none,96.58521875000001,0.9780031250000001,0.9375,97.40838333333335,97.40838333333335,0.9915483333333336,0.9333333333333333
f16,96.58521875000001,0.9780031250000001,0.9375,97.40838333333335,97.40838333333335,0.9915483333333336,0.9333333333333333
