model,testScore,testavgFB,testG,default,trainScore,trainavgFB,trainG
original,96.76735000000001,0.9806050000000001,0.9375,96.42720333333334,96.42720333333334,0.9846743333333333,0.9166666666666666
none,96.76735000000001,0.9806050000000001,0.9375,96.42720333333334,96.42720333333334,0.9846743333333333,0.9166666666666666
f16,96.76735000000001,0.9806050000000001,0.9375,96.42720333333334,96.42720333333334,0.9846743333333333,0.9166666666666666
