model,testScore,testavgFB,testG,default,trainScore,trainavgFB,trainG
original,96.83844375000001,0.9816206250000001,0.9375,96.73469,96.73469,0.9890669999999999,0.9166666666666666
none,96.83844375000001,0.9816206250000001,0.9375,96.73469,96.73469,0.9890669999999999,0.9166666666666666
f16,96.83844375000001,0.9816206250000001,0.9375,96.73469,96.73469,0.9890669999999999,0.9166666666666666
