model,testScore,testavgFB,testG,default,trainScore,trainavgFB,trainG
original,96.42645,0.975735,0.9375,96.20413666666667,96.20413666666667,0.9814876666666668,0.9166666666666666
none,96.42645,0.975735,0.9375,96.20413666666667,96.20413666666667,0.9814876666666668,0.9166666666666666
f16,96.42645,0.975735,0.9375,96.20413666666667,96.20413666666667,0.9814876666666668,0.9166666666666666
