model,testScore,testavgFB,testG,default,trainScore,trainavgFB,trainG
original,96.8437375,0.98169625,0.9375,96.12531499999999,96.12531499999999,0.9875044999999999,0.9
none,96.8437375,0.98169625,0.9375,96.12531499999999,96.12531499999999,0.9875044999999999,0.9
f16,96.8437375,0.98169625,0.9375,96.12443999999999,96.12443999999999,0.9874919999999999,0.9
