model,testScore,testavgFB,testG,default,trainScore,trainavgFB,trainG
original,96.86303125,0.981971875,0.9375,95.48351833333334,95.48351833333334,0.9854788333333333,0.8833333333333333
none,96.86303125,0.981971875,0.9375,95.48351833333334,95.48351833333334,0.9854788333333333,0.8833333333333333
f16,96.86303125,0.981971875,0.9375,95.48351833333334,95.48351833333334,0.9854788333333333,0.8833333333333333
