model,testScore,testavgFB,testG,default,trainScore,trainavgFB,trainG
original,96.71345,0.979835,0.9375,95.14330666666666,95.14330666666666,0.9806186666666666,0.8833333333333333
none,96.71345,0.979835,0.9375,95.14330666666666,95.14330666666666,0.9806186666666666,0.8833333333333333
f16,96.71345,0.979835,0.9375,95.14659666666667,95.14659666666667,0.9806656666666667,0.8833333333333333
