model,testScore,testavgFB,testG,default,trainScore,trainavgFB,trainG
original,96.8239625,0.98141375,0.9375,96.64955833333335,96.64955833333335,0.9878508333333335,0.9166666666666666
none,96.8239625,0.98141375,0.9375,96.64955833333335,96.64955833333335,0.9878508333333335,0.9166666666666666
f16,96.8239625,0.98141375,0.9375,96.64787833333335,96.64787833333335,0.9878268333333335,0.9166666666666666
