model,testScore,testavgFB,testG,default,trainScore,trainavgFB,trainG
original,96.85384375,0.981840625,0.9375,96.71682833333334,96.71682833333334,0.9888118333333334,0.9166666666666666
none,96.85384375,0.981840625,0.9375,96.71682833333334,96.71682833333334,0.9888118333333334,0.9166666666666666
f16,96.85384375,0.981840625,0.9375,96.71682833333334,96.71682833333334,0.9888118333333334,0.9166666666666666
