model,testScore,testavgFB,testG,default,trainScore,trainavgFB,trainG
original,96.74875625,0.980339375,0.9375,95.38627666666667,95.38627666666667,0.9840896666666669,0.8833333333333333
none,96.74875625,0.980339375,0.9375,95.38627666666667,95.38627666666667,0.9840896666666669,0.8833333333333333
f16,96.74875625,0.980339375,0.9375,95.38627666666667,95.38627666666667,0.9840896666666669,0.8833333333333333
