model,testScore,testavgFB,testG,default,trainScore,trainavgFB,trainG
original,96.8206375,0.98136625,0.9375,96.49902333333334,96.49902333333334,0.9857003333333335,0.9166666666666666
none,96.8206375,0.98136625,0.9375,96.49902333333334,96.49902333333334,0.9857003333333335,0.9166666666666666
f16,96.8206375,0.98136625,0.9375,96.49902333333334,96.49902333333334,0.9857003333333335,0.9166666666666666
