model,testScore,testavgFB,testG,default,trainScore,trainavgFB,trainG
original,96.744425,0.9802775,0.9375,96.80779333333334,96.80779333333334,0.9901113333333335,0.9166666666666666
none,96.744425,0.9802775,0.9375,96.80779333333334,96.80779333333334,0.9901113333333335,0.9166666666666666
f16,96.744425,0.9802775,0.9375,96.80779333333334,96.80779333333334,0.9901113333333335,0.9166666666666666
