model,testScore,testavgFB,testG,default,trainScore,trainavgFB,trainG
original,96.79556875,0.981008125,0.9375,95.09703666666667,95.09703666666667,0.9799576666666667,0.8833333333333333
none,96.79556875,0.981008125,0.9375,95.09703666666667,95.09703666666667,0.9799576666666667,0.8833333333333333
f16,96.79556875,0.981008125,0.9375,95.10382666666666,95.10382666666666,0.9800546666666666,0.8833333333333333
