model,testScore,testavgFB,testG,default,trainScore,trainavgFB,trainG
original,96.77666875,0.980738125,0.9375,95.77382166666666,95.77382166666666,0.9824831666666667,0.9
none,96.77666875,0.980738125,0.9375,95.77382166666666,95.77382166666666,0.9824831666666667,0.9
f16,96.77666875,0.980738125,0.9375,95.77382166666666,95.77382166666666,0.9824831666666667,0.9
