model,testScore,testavgFB,testG,default,trainScore,trainavgFB,trainG
original,96.8437375,0.98169625,0.9375,96.73022166666668,96.73022166666668,0.9890031666666668,0.9166666666666666
none,96.8437375,0.98169625,0.9375,96.73022166666668,96.73022166666668,0.9890031666666668,0.9166666666666666
f16,96.8437375,0.98169625,0.9375,96.73022166666668,96.73022166666668,0.9890031666666668,0.9166666666666666
