model,testScore,testavgFB,testG,default,trainScore,trainavgFB,trainG
original,96.7949125,0.98099875,0.9375,97.23673166666667,97.23673166666667,0.9890961666666667,0.9333333333333333
none,96.7949125,0.98099875,0.9375,97.23673166666667,97.23673166666667,0.9890961666666667,0.9333333333333333
f16,96.7949125,0.98099875,0.9375,97.23673166666667,97.23673166666667,0.9890961666666667,0.9333333333333333
