model,testScore,testavgFB,testG,default,trainScore,trainavgFB,trainG
original,96.77535625,0.9807193750000001,0.9375,97.12078833333334,97.12078833333334,0.9874398333333333,0.9333333333333333
none,96.77535625,0.9807193750000001,0.9375,97.12078833333334,97.12078833333334,0.9874398333333333,0.9333333333333333
f16,96.77535625,0.9807193750000001,0.9375,97.12078833333334,97.12078833333334,0.9874398333333333,0.9333333333333333
