model,testScore,testavgFB,testG,default,trainScore,trainavgFB,trainG
original,96.79880625,0.981054375,0.9375,97.30554166666666,97.30554166666666,0.9900791666666665,0.9333333333333333
none,96.79880625,0.981054375,0.9375,97.30554166666666,97.30554166666666,0.9900791666666665,0.9333333333333333
f16,96.79880625,0.981054375,0.9375,97.30554166666666,97.30554166666666,0.9900791666666665,0.9333333333333333
