model,testScore,testavgFB,testG,default,trainScore,trainavgFB,trainG
original,96.808125,0.9811875000000001,0.9375,97.754395,97.754395,0.9893485000000001,0.95
none,96.808125,0.9811875000000001,0.9375,97.754395,97.754395,0.9893485000000001,0.95
f16,96.808125,0.9811875000000001,0.9375,97.754395,97.754395,0.9893485000000001,0.95
