model,testScore,testavgFB,testG,default,trainScore,trainavgFB,trainG
original,96.83844375000001,0.9816206250000001,0.9375,96.62556000000001,96.62556000000001,0.987508,0.9166666666666666
none,96.83844375000001,0.9816206250000001,0.9375,96.62556000000001,96.62556000000001,0.987508,0.9166666666666666
f16,96.83844375000001,0.9816206250000001,0.9375,96.62458000000001,96.62458000000001,0.9874940000000001,0.9166666666666666
