model,testScore,testavgFB,testG,default,trainScore,trainavgFB,trainG
original,96.83993125,0.981641875,0.9375,97.11132666666667,97.11132666666667,0.9873046666666667,0.9333333333333333
none,96.83993125,0.981641875,0.9375,97.11132666666667,97.11132666666667,0.9873046666666667,0.9333333333333333
f16,96.83993125,0.981641875,0.9375,97.11025333333333,97.11025333333333,0.9872893333333334,0.9333333333333333
