model,testScore,testavgFB,testG,default,trainScore,trainavgFB,trainG
original,96.58132499999999,0.9779474999999999,0.9375,96.76153500000001,96.76153500000001,0.9894505000000002,0.9166666666666666
none,96.58132499999999,0.9779474999999999,0.9375,96.76153500000001,96.76153500000001,0.9894505000000002,0.9166666666666666
f16,96.58132499999999,0.9779474999999999,0.9375,96.76153500000001,96.76153500000001,0.9894505000000002,0.9166666666666666
