model,testScore,testavgFB,testG,default,trainScore,trainavgFB,trainG
original,96.78953125000001,0.980921875,0.9375,96.65612666666667,96.65612666666667,0.9879446666666667,0.9166666666666666
none,96.78953125000001,0.980921875,0.9375,96.65612666666667,96.65612666666667,0.9879446666666667,0.9166666666666666
f16,96.78953125000001,0.980921875,0.9375,96.65508833333334,96.65508833333334,0.9879298333333334,0.9166666666666666
