model,testScore,testavgFB,testG,default,trainScore,trainavgFB,trainG
original,96.81201875,0.981243125,0.9375,97.25893333333333,97.25893333333333,0.9894133333333334,0.9333333333333333
none,96.81201875,0.981243125,0.9375,97.25893333333333,97.25893333333333,0.9894133333333334,0.9333333333333333
f16,96.81201875,0.981243125,0.9375,97.259505,97.259505,0.9894215000000001,0.9333333333333333
