model,testScore,testavgFB,testG,default,trainScore,trainavgFB,trainG
original,96.88035625,0.982219375,0.9375,96.537395,96.537395,0.9862485,0.9166666666666666
none,96.88035625,0.982219375,0.9375,96.537395,96.537395,0.9862485,0.9166666666666666
f16,96.88035625,0.982219375,0.9375,96.54332166666666,96.54332166666666,0.9863331666666665,0.9166666666666666
