model,testScore,testavgFB,testG,default,trainScore,trainavgFB,trainG
original,96.51491250000001,0.9769987500000001,0.9375,96.67019666666667,96.67019666666667,0.9881456666666667,0.9166666666666666
none,96.51491250000001,0.9769987500000001,0.9375,96.67019666666667,96.67019666666667,0.9881456666666667,0.9166666666666666
f16,96.51491250000001,0.9769987500000001,0.9375,96.67019666666667,96.67019666666667,0.9881456666666667,0.9166666666666666
