model,testScore,testavgFB,testG,default,trainScore,trainavgFB,trainG
original,96.75435625,0.980419375,0.9375,94.64846333333332,94.64846333333332,0.9806923333333333,0.8666666666666667
none,96.75435625,0.980419375,0.9375,94.64846333333332,94.64846333333332,0.9806923333333333,0.8666666666666667
f16,96.75435625,0.980419375,0.9375,94.64846333333332,94.64846333333332,0.9806923333333333,0.8666666666666667
