model,testScore,testavgFB,testG,default,trainScore,trainavgFB,trainG
original,96.82811875,0.981473125,0.9375,96.32368333333334,96.32368333333334,0.9903383333333333,0.9
none,96.82811875,0.981473125,0.9375,96.32368333333334,96.32368333333334,0.9903383333333333,0.9
f16,96.82811875,0.981473125,0.9375,96.32737,96.32737,0.990391,0.9
