model,testScore,testavgFB,testG,default,trainScore,trainavgFB,trainG
original,96.82129375,0.981375625,0.9375,96.61654166666666,96.61654166666666,0.9873791666666667,0.9166666666666666
none,96.82129375,0.981375625,0.9375,96.61654166666666,96.61654166666666,0.9873791666666667,0.9166666666666666
f16,96.82129375,0.981375625,0.9375,96.61654166666666,96.61654166666666,0.9873791666666667,0.9166666666666666
