model,testScore,testavgFB,testG,default,trainScore,trainavgFB,trainG
original,96.6855375,0.97943625,0.9375,93.98580666666666,93.98580666666666,0.9783686666666666,0.85
none,96.6855375,0.97943625,0.9375,93.98580666666666,93.98580666666666,0.9783686666666666,0.85
f16,96.6855375,0.97943625,0.9375,93.98676333333331,93.98676333333331,0.9783823333333331,0.85
