model,testScore,testavgFB,testG,default,trainScore,trainavgFB,trainG
original,96.40825,0.975475,0.9375,97.383055,97.383055,0.9911865,0.9333333333333333
none,96.40825,0.975475,0.9375,97.383055,97.383055,0.9911865,0.9333333333333333
f16,96.40825,0.975475,0.9375,97.38068666666666,97.38068666666666,0.9911526666666666,0.9333333333333333
