model,testScore,testavgFB,testG,default,trainScore,trainavgFB,trainG
original,96.79924375,0.981060625,0.9375,96.40516500000001,96.40516500000001,0.9843595000000002,0.9166666666666666
none,96.79924375,0.981060625,0.9375,96.40516500000001,96.40516500000001,0.9843595000000002,0.9166666666666666
f16,96.79924375,0.981060625,0.9375,96.40516500000001,96.40516500000001,0.9843595000000002,0.9166666666666666
