model,testScore,testavgFB,testG,default,trainScore,trainavgFB,trainG
original,96.77133125,0.980661875,0.9375,95.71632833333334,95.71632833333334,0.9816618333333333,0.9
none,96.77133125,0.980661875,0.9375,95.71632833333334,95.71632833333334,0.9816618333333333,0.9
f16,96.77133125,0.980661875,0.9375,95.71764666666667,95.71764666666667,0.9816806666666668,0.9
