model,testScore,testavgFB,testG,default,trainScore,trainavgFB,trainG
original,96.7772375,0.98074625,0.9375,96.696575,96.696575,0.9885224999999999,0.9166666666666666
none,96.7772375,0.98074625,0.9375,96.696575,96.696575,0.9885224999999999,0.9166666666666666
f16,96.7772375,0.98074625,0.9375,96.696575,96.696575,0.9885224999999999,0.9166666666666666
