model,testScore,testavgFB,testG,default,trainScore,trainavgFB,trainG
original,96.80865,0.981195,0.9375,95.893195,95.893195,0.9841885000000001,0.9
none,96.80865,0.981195,0.9375,95.893195,95.893195,0.9841885000000001,0.9
f16,96.80865,0.981195,0.9375,95.893195,95.893195,0.9841885000000001,0.9
