model,testScore,testavgFB,testG,default,trainScore,trainavgFB,trainG
original,96.8437375,0.98169625,0.9375,96.71628000000001,96.71628000000001,0.9888040000000002,0.9166666666666666
none,96.8437375,0.98169625,0.9375,96.71628000000001,96.71628000000001,0.9888040000000002,0.9166666666666666
f16,96.8437375,0.98169625,0.9375,96.71628000000001,96.71628000000001,0.9888040000000002,0.9166666666666666
