model,testScore,testavgFB,testG,default,trainScore,trainavgFB,trainG
original,96.77666875,0.980738125,0.9375,96.42356333333333,96.42356333333333,0.9846223333333334,0.9166666666666666
none,96.77666875,0.980738125,0.9375,96.42356333333333,96.42356333333333,0.9846223333333334,0.9166666666666666
f16,96.77666875,0.980738125,0.9375,96.42356333333333,96.42356333333333,0.9846223333333334,0.9166666666666666
