model,testScore,testavgFB,testG,default,trainScore,trainavgFB,trainG
original,96.79478125,0.980996875,0.9375,96.60567999999999,96.60567999999999,0.987224,0.9166666666666666
none,96.79478125,0.980996875,0.9375,96.60567999999999,96.60567999999999,0.987224,0.9166666666666666
f16,96.79478125,0.980996875,0.9375,96.60778,96.60778,0.9872540000000001,0.9166666666666666
