model,testScore,testavgFB,testG,default,trainScore,trainavgFB,trainG
original,96.8293,0.98149,0.9375,96.15225333333335,96.15225333333335,0.9878893333333335,0.9
none,96.8293,0.98149,0.9375,96.15225333333335,96.15225333333335,0.9878893333333335,0.9
f16,96.8293,0.98149,0.9375,96.15225333333335,96.15225333333335,0.9878893333333335,0.9
