model,testScore,testavgFB,testG,default,trainScore,trainavgFB,trainG
original,96.680375,0.9793625,0.9375,96.65175166666668,96.65175166666668,0.987882166666667,0.9166666666666666
none,96.680375,0.9793625,0.9375,96.65175166666668,96.65175166666668,0.987882166666667,0.9166666666666666
f16,96.680375,0.9793625,0.9375,96.65175166666668,96.65175166666668,0.987882166666667,0.9166666666666666
