model,testScore,testavgFB,testG,default,trainScore,trainavgFB,trainG
original,96.76153125,0.9805218750000001,0.9375,96.64541666666668,96.64541666666668,0.9877916666666667,0.9166666666666666
none,96.76153125,0.9805218750000001,0.9375,96.64541666666668,96.64541666666668,0.9877916666666667,0.9166666666666666
f16,96.76153125,0.9805218750000001,0.9375,96.64602333333335,96.64602333333335,0.9878003333333335,0.9166666666666666
