model,testScore,testavgFB,testG,default,trainScore,trainavgFB,trainG
original,96.89776875,0.982468125,0.9375,96.64576666666666,96.64576666666666,0.9877966666666665,0.9166666666666666
none,96.89776875,0.982468125,0.9375,96.64576666666666,96.64576666666666,0.9877966666666665,0.9166666666666666
f16,96.89776875,0.982468125,0.9375,96.64576666666666,96.64576666666666,0.9877966666666665,0.9166666666666666
