model,testScore,testavgFB,testG,default,trainScore,trainavgFB,trainG
original,96.9224875,0.9828212500000001,0.9375,96.64947666666669,96.64947666666669,0.9878496666666668,0.9166666666666666
none,96.9224875,0.9828212500000001,0.9375,96.64947666666669,96.64947666666669,0.9878496666666668,0.9166666666666666
f16,96.9224875,0.9828212500000001,0.9375,96.65147166666667,96.65147166666667,0.9878781666666667,0.9166666666666666
