model,testScore,testavgFB,testG,default,trainScore,trainavgFB,trainG
original,96.61033125,0.978361875,0.9375,96.71614000000001,96.71614000000001,0.9888020000000001,0.9166666666666666
none,96.61033125,0.978361875,0.9375,96.71614000000001,96.71614000000001,0.9888020000000001,0.9166666666666666
f16,96.61033125,0.978361875,0.9375,96.71614000000001,96.71614000000001,0.9888020000000001,0.9166666666666666
