model,testScore,testavgFB,testG,default,trainScore,trainavgFB,trainG
original,96.78060625,0.980794375,0.9375,95.81413,95.81413,0.9830590000000001,0.9
none,96.78060625,0.980794375,0.9375,95.81413,95.81413,0.9830590000000001,0.9
f16,96.78060625,0.980794375,0.9375,95.81368666666667,95.81368666666667,0.9830526666666668,0.9
