model,testScore,testavgFB,testG,default,trainScore,trainavgFB,trainG
original,96.7889625,0.98091375,0.9375,96.64282666666668,96.64282666666668,0.9877546666666669,0.9166666666666666
none,96.7889625,0.98091375,0.9375,96.64282666666668,96.64282666666668,0.9877546666666669,0.9166666666666666
f16,96.7889625,0.98091375,0.9375,96.64282666666668,96.64282666666668,0.9877546666666669,0.9166666666666666
