model,testScore,testavgFB,testG,default,trainScore,trainavgFB,trainG
original,96.955125,0.9832875,0.9375,96.13462499999999,96.13462499999999,0.9876374999999998,0.9
none,96.955125,0.9832875,0.9375,96.13462499999999,96.13462499999999,0.9876374999999998,0.9
f16,96.955125,0.9832875,0.9375,96.13374999999999,96.13374999999999,0.9876249999999999,0.9
