model,testScore,testavgFB,testG,default,trainScore,trainavgFB,trainG
original,96.78992500000001,0.9809275000000001,0.9375,95.78152166666666,95.78152166666666,0.9825931666666665,0.9
none,96.78992500000001,0.9809275000000001,0.9375,95.78152166666666,95.78152166666666,0.9825931666666665,0.9
f16,96.78992500000001,0.9809275000000001,0.9375,95.78152166666666,95.78152166666666,0.9825931666666665,0.9
