model,testScore,testavgFB,testG,default,trainScore,trainavgFB,trainG
original,96.47628125,0.9764468749999999,0.9375,97.333425,97.333425,0.9904775000000001,0.9333333333333333
none,96.47628125,0.9764468749999999,0.9375,97.333425,97.333425,0.9904775000000001,0.9333333333333333
f16,96.47628125,0.9764468749999999,0.9375,97.333425,97.333425,0.9904775000000001,0.9333333333333333
