model,testScore,testavgFB,testG,default,trainScore,trainavgFB,trainG
original,96.80865,0.981195,0.9375,95.30505333333333,95.30505333333333,0.9829293333333334,0.8833333333333333
none,96.80865,0.981195,0.9375,95.30505333333333,95.30505333333333,0.9829293333333334,0.8833333333333333
f16,96.80865,0.981195,0.9375,95.30505333333333,95.30505333333333,0.9829293333333334,0.8833333333333333
