model,testScore,testavgFB,testG,default,trainScore,trainavgFB,trainG
original,96.82610625000001,0.981444375,0.9375,97.03755833333334,97.03755833333334,0.9862508333333333,0.9333333333333333
none,96.82610625000001,0.981444375,0.9375,97.03755833333334,97.03755833333334,0.9862508333333333,0.9333333333333333
f16,96.82610625000001,0.981444375,0.9375,97.036765,97.036765,0.9862394999999999,0.9333333333333333
