model,testScore,testavgFB,testG,default,trainScore,trainavgFB,trainG
original,96.9244125,0.98284875,0.9375,97.29413166666667,97.29413166666667,0.9899161666666667,0.9333333333333333
none,96.9244125,0.98284875,0.9375,97.29413166666667,97.29413166666667,0.9899161666666667,0.9333333333333333
f16,96.9244125,0.98284875,0.9375,97.29413166666667,97.29413166666667,0.9899161666666667,0.9333333333333333
