model,testScore,testavgFB,testG,default,trainScore,trainavgFB,trainG
original,96.874625,0.9821375,0.9375,96.50188166666668,96.50188166666668,0.9857411666666669,0.9166666666666666
none,96.874625,0.9821375,0.9375,96.50188166666668,96.50188166666668,0.9857411666666669,0.9166666666666666
f16,96.874625,0.9821375,0.9375,96.50188166666668,96.50188166666668,0.9857411666666669,0.9166666666666666
