model,testScore,testavgFB,testG,default,trainScore,trainavgFB,trainG
original,96.81604375,0.981300625,0.9375,96.70068166666667,96.70068166666667,0.9885811666666667,0.9166666666666666
none,96.81604375,0.981300625,0.9375,96.70068166666667,96.70068166666667,0.9885811666666667,0.9166666666666666
f16,96.81604375,0.981300625,0.9375,96.70012166666667,96.70012166666667,0.9885731666666667,0.9166666666666666
