model,testScore,testavgFB,testG,default,trainScore,trainavgFB,trainG
original,96.89776875,0.982468125,0.9375,96.66852833333331,96.66852833333331,0.9881218333333331,0.9166666666666666
none,96.89776875,0.982468125,0.9375,96.66852833333331,96.66852833333331,0.9881218333333331,0.9166666666666666
f16,96.89776875,0.982468125,0.9375,96.667875,96.667875,0.9881124999999998,0.9166666666666666
