model,testScore,testavgFB,testG,default,trainScore,trainavgFB,trainG
original,96.836825,0.9815975,0.9375,97.13219833333333,97.13219833333333,0.9876028333333334,0.9333333333333333
none,96.836825,0.9815975,0.9375,97.13219833333333,97.13219833333333,0.9876028333333334,0.9333333333333333
f16,96.836825,0.9815975,0.9375,97.13219833333333,97.13219833333333,0.9876028333333334,0.9333333333333333
