model,testScore,testavgFB,testG,default,trainScore,trainavgFB,trainG
original,96.80746875,0.981178125,0.9375,97.22028166666666,97.22028166666666,0.9888611666666667,0.9333333333333333
none,96.80746875,0.981178125,0.9375,97.22028166666666,97.22028166666666,0.9888611666666667,0.9333333333333333
f16,96.80746875,0.981178125,0.9375,97.22028166666666,97.22028166666666,0.9888611666666667,0.9333333333333333
