model,testScore,testavgFB,testG,default,trainScore,trainavgFB,trainG
original,96.7949125,0.98099875,0.9375,97.267135,97.267135,0.9895305,0.9333333333333333
none,96.7949125,0.98099875,0.9375,97.267135,97.267135,0.9895305,0.9333333333333333
f16,96.7949125,0.98099875,0.9375,97.266225,97.266225,0.9895175,0.9333333333333333
