model,testScore,testavgFB,testG,default,trainScore,trainavgFB,trainG
original,96.6804625,0.97936375,0.9375,97.21673500000001,97.21673500000001,0.9888105000000001,0.9333333333333333
none,96.6804625,0.97936375,0.9375,97.21673500000001,97.21673500000001,0.9888105000000001,0.9333333333333333
f16,96.6804625,0.97936375,0.9375,97.21673500000001,97.21673500000001,0.9888105000000001,0.9333333333333333
