model,testScore,testavgFB,testG,default,trainScore,trainavgFB,trainG
original,96.82610625000001,0.981444375,0.9375,96.65995333333333,96.65995333333333,0.9879993333333333,0.9166666666666666
none,96.82610625000001,0.981444375,0.9375,96.65995333333333,96.65995333333333,0.9879993333333333,0.9166666666666666
f16,96.82610625000001,0.981444375,0.9375,96.65934666666668,96.65934666666668,0.9879906666666668,0.9166666666666666
