model,testScore,testavgFB,testG,default,trainScore,trainavgFB,trainG
original,96.7572,0.98046,0.9375,97.19102166666667,97.19102166666667,0.9884431666666667,0.9333333333333333
none,96.7572,0.98046,0.9375,97.19102166666667,97.19102166666667,0.9884431666666667,0.9333333333333333
f16,96.7572,0.98046,0.9375,97.19102166666667,97.19102166666667,0.9884431666666667,0.9333333333333333
