model,testScore,testavgFB,testG,default,trainScore,trainavgFB,trainG
original,96.862375,0.9819625000000001,0.9375,97.18462833333334,97.18462833333334,0.9883518333333333,0.9333333333333333
none,96.862375,0.9819625000000001,0.9375,97.18462833333334,97.18462833333334,0.9883518333333333,0.9333333333333333
f16,96.862375,0.9819625000000001,0.9375,97.18550333333334,97.18550333333334,0.9883643333333334,0.9333333333333333
