model,testScore,testavgFB,testG,default,trainScore,trainavgFB,trainG
original,96.75776875,0.980468125,0.9375,96.72270833333334,96.72270833333334,0.9888958333333334,0.9166666666666666
none,96.75776875,0.980468125,0.9375,96.72270833333334,96.72270833333334,0.9888958333333334,0.9166666666666666
f16,96.75776875,0.980468125,0.9375,96.72270833333334,96.72270833333334,0.9888958333333334,0.9166666666666666
