model,testScore,testavgFB,testG,default,trainScore,trainavgFB,trainG
original,96.62144375,0.978520625,0.9375,97.14562666666666,97.14562666666666,0.9877946666666666,0.9333333333333333
none,96.62144375,0.978520625,0.9375,97.14562666666666,97.14562666666666,0.9877946666666666,0.9333333333333333
f16,96.62144375,0.978520625,0.9375,97.14562666666666,97.14562666666666,0.9877946666666666,0.9333333333333333
