model,testScore,testavgFB,testG,default,trainScore,trainavgFB,trainG
original,96.766475,0.9805925,0.9375,97.07045833333333,97.07045833333333,0.9867208333333334,0.9333333333333333
none,96.766475,0.9805925,0.9375,97.07045833333333,97.07045833333333,0.9867208333333334,0.9333333333333333
f16,96.766475,0.9805925,0.9375,97.07045833333333,97.07045833333333,0.9867208333333334,0.9333333333333333
