model,testScore,testavgFB,testG,default,trainScore,trainavgFB,trainG
original,96.6258625,0.97858375,0.9375,97.286595,97.286595,0.9898085000000001,0.9333333333333333
none,96.6258625,0.97858375,0.9375,97.286595,97.286595,0.9898085000000001,0.9333333333333333
f16,96.6258625,0.97858375,0.9375,97.28955833333333,97.28955833333333,0.9898508333333333,0.9333333333333333
