model,testScore,testavgFB,testG,default,trainScore,trainavgFB,trainG
original,96.8167875,0.9813112500000001,0.9375,97.25487333333335,97.25487333333335,0.9893553333333335,0.9333333333333333
none,96.8167875,0.9813112500000001,0.9375,97.25487333333335,97.25487333333335,0.9893553333333335,0.9333333333333333
f16,96.8167875,0.9813112500000001,0.9375,97.25487333333335,97.25487333333335,0.9893553333333335,0.9333333333333333
