model,testScore,testavgFB,testG,default,trainScore,trainavgFB,trainG
original,96.93661875,0.983023125,0.9375,96.68644833333333,96.68644833333333,0.9883778333333334,0.9166666666666666
none,96.93661875,0.983023125,0.9375,96.68644833333333,96.68644833333333,0.9883778333333334,0.9166666666666666
f16,96.93661875,0.983023125,0.9375,96.68644833333333,96.68644833333333,0.9883778333333334,0.9166666666666666
