model,testScore,testavgFB,testG,default,trainScore,trainavgFB,trainG
original,96.60280625,0.978254375,0.9375,95.47350833333334,95.47350833333334,0.9853358333333334,0.8833333333333333
none,96.60280625,0.978254375,0.9375,95.47350833333334,95.47350833333334,0.9853358333333334,0.8833333333333333
f16,96.60280625,0.978254375,0.9375,95.47350833333334,95.47350833333334,0.9853358333333334,0.8833333333333333
