model,testScore,testavgFB,testG,default,trainScore,trainavgFB,trainG
original,96.7541375,0.98041625,0.9375,96.031515,96.031515,0.9861644999999999,0.9
none,96.7541375,0.98041625,0.9375,96.031515,96.031515,0.9861644999999999,0.9
f16,96.7541375,0.98041625,0.9375,96.031515,96.031515,0.9861644999999999,0.9
