model,testScore,testavgFB,testG,default,trainScore,trainavgFB,trainG
original,96.42150625000001,0.975664375,0.9375,97.35069166666668,97.35069166666668,0.9907241666666667,0.9333333333333333
none,96.42150625000001,0.975664375,0.9375,97.35069166666668,97.35069166666668,0.9907241666666667,0.9333333333333333
f16,96.42150625000001,0.975664375,0.9375,97.347005,97.347005,0.9906714999999999,0.9333333333333333
