model,testScore,testavgFB,testG,default,trainScore,trainavgFB,trainG
original,96.65797500000001,0.9790425,0.9375,95.76285499999999,95.76285499999999,0.9823264999999999,0.9
none,96.65797500000001,0.9790425,0.9375,95.76285499999999,95.76285499999999,0.9823264999999999,0.9
f16,96.65797500000001,0.9790425,0.9375,95.76285499999999,95.76285499999999,0.9823264999999999,0.9
