model,testScore,testavgFB,testG,default,trainScore,trainavgFB,trainG
original,96.8344625,0.9815637500000001,0.9375,97.23022166666668,97.23022166666668,0.9890031666666668,0.9333333333333333
none,96.8344625,0.9815637500000001,0.9375,97.23022166666668,97.23022166666668,0.9890031666666668,0.9333333333333333
f16,96.8344625,0.9815637500000001,0.9375,97.23161,97.23161,0.9890230000000001,0.9333333333333333
