model,testScore,testavgFB,testG,default,trainScore,trainavgFB,trainG
original,96.79924375,0.981060625,0.9375,94.15105333333334,94.15105333333334,0.9807293333333333,0.85
none,96.79924375,0.981060625,0.9375,94.15105333333334,94.15105333333334,0.9807293333333333,0.85
f16,96.79924375,0.981060625,0.9375,94.15105333333334,94.15105333333334,0.9807293333333333,0.85
