model,testScore,testavgFB,testG,default,trainScore,trainavgFB,trainG
original,96.8195875,0.98135125,0.9375,96.53244833333333,96.53244833333333,0.9861778333333334,0.9166666666666666
none,96.8195875,0.98135125,0.9375,96.53244833333333,96.53244833333333,0.9861778333333334,0.9166666666666666
f16,96.8195875,0.98135125,0.9375,96.53244833333333,96.53244833333333,0.9861778333333334,0.9166666666666666
