model,testScore,testavgFB,testG,default,trainScore,trainavgFB,trainG
original,96.82260625,0.981394375,0.9375,96.47312333333335,96.47312333333335,0.9853303333333335,0.9166666666666666
none,96.82260625,0.981394375,0.9375,96.47312333333335,96.47312333333335,0.9853303333333335,0.9166666666666666
f16,96.82260625,0.981394375,0.9375,96.47367166666668,96.47367166666668,0.9853381666666668,0.9166666666666666
