model,testScore,testavgFB,testG,default,trainScore,trainavgFB,trainG
original,96.566275,0.9777325000000001,0.9375,96.75786000000001,96.75786000000001,0.9893980000000001,0.9166666666666666
none,96.566275,0.9777325000000001,0.9375,96.75786000000001,96.75786000000001,0.9893980000000001,0.9166666666666666
f16,96.566275,0.9777325000000001,0.9375,96.75786000000001,96.75786000000001,0.9893980000000001,0.9166666666666666
