model,testScore,testavgFB,testG,default,trainScore,trainavgFB,trainG
original,96.8027875,0.98111125,0.9375,97.20377333333333,97.20377333333333,0.9886253333333334,0.9333333333333333
none,96.8027875,0.98111125,0.9375,97.20377333333333,97.20377333333333,0.9886253333333334,0.9333333333333333
f16,96.8027875,0.98111125,0.9375,97.20377333333333,97.20377333333333,0.9886253333333334,0.9333333333333333
