model,testScore,testavgFB,testG,default,trainScore,trainavgFB,trainG
original,96.82523125,0.9814318750000001,0.9375,97.23600833333334,97.23600833333334,0.9890858333333334,0.9333333333333333
none,96.82523125,0.9814318750000001,0.9375,97.23600833333334,97.23600833333334,0.9890858333333334,0.9333333333333333
f16,96.82523125,0.9814318750000001,0.9375,97.23600833333334,97.23600833333334,0.9890858333333334,0.9333333333333333
