model,testScore,testavgFB,testG,default,trainScore,trainavgFB,trainG
original,96.78992500000001,0.9809275000000001,0.9375,94.38938166666667,94.38938166666667,0.9769911666666666,0.8666666666666667
none,96.78992500000001,0.9809275000000001,0.9375,94.38938166666667,94.38938166666667,0.9769911666666666,0.8666666666666667
f16,96.78992500000001,0.9809275000000001,0.9375,94.38938166666667,94.38938166666667,0.9769911666666666,0.8666666666666667
