model,testScore,testavgFB,testG,default,trainScore,trainavgFB,trainG
original,96.87318125,0.9821168750000001,0.9375,96.68738166666667,96.68738166666667,0.9883911666666667,0.9166666666666666
none,96.87318125,0.9821168750000001,0.9375,96.68738166666667,96.68738166666667,0.9883911666666667,0.9166666666666666
f16,96.87318125,0.9821168750000001,0.9375,96.68738166666667,96.68738166666667,0.9883911666666667,0.9166666666666666
