model,testScore,testavgFB,testG,default,trainScore,trainavgFB,trainG
original,96.8437375,0.98169625,0.9375,96.62331999999999,96.62331999999999,0.9874759999999998,0.9166666666666666
none,96.8437375,0.98169625,0.9375,96.62331999999999,96.62331999999999,0.9874759999999998,0.9166666666666666
f16,96.8437375,0.98169625,0.9375,96.62331999999999,96.62331999999999,0.9874759999999998,0.9166666666666666
