model,testScore,testavgFB,testG,default,trainScore,trainavgFB,trainG
original,96.739525,0.9802075,0.9375,95.81301,95.81301,0.983043,0.9
none,96.739525,0.9802075,0.9375,95.81301,95.81301,0.983043,0.9
f16,96.739525,0.9802075,0.9375,95.81301,95.81301,0.983043,0.9
