model,testScore,testavgFB,testG,default,trainScore,trainavgFB,trainG
original,96.86994375,0.982070625,0.9375,96.62819666666668,96.62819666666668,0.9875456666666669,0.9166666666666666
none,96.86994375,0.982070625,0.9375,96.62819666666668,96.62819666666668,0.9875456666666669,0.9166666666666666
f16,96.86994375,0.982070625,0.9375,96.62920000000001,96.62920000000001,0.9875600000000002,0.9166666666666666
