model,testScore,testavgFB,testG,default,trainScore,trainavgFB,trainG
original,96.76735000000001,0.9806050000000001,0.9375,95.83695,95.83695,0.9833850000000001,0.9
none,96.76735000000001,0.9806050000000001,0.9375,95.83695,95.83695,0.9833850000000001,0.9
f16,96.76735000000001,0.9806050000000001,0.9375,95.83695,95.83695,0.9833850000000001,0.9
