model,testScore,testavgFB,testG,default,trainScore,trainavgFB,trainG
original,96.8029625,0.98111375,0.9375,96.52449166666666,96.52449166666666,0.9860641666666666,0.9166666666666666
none,96.8029625,0.98111375,0.9375,96.52449166666666,96.52449166666666,0.9860641666666666,0.9166666666666666
f16,96.8029625,0.98111375,0.9375,96.52449166666666,96.52449166666666,0.9860641666666666,0.9166666666666666
