model,testScore,testavgFB,testG,default,trainScore,trainavgFB,trainG
original,96.82523125,0.9814318750000001,0.9375,96.09462,96.09462,0.9870660000000001,0.9
none,96.82523125,0.9814318750000001,0.9375,96.09462,96.09462,0.9870660000000001,0.9
f16,96.82523125,0.9814318750000001,0.9375,96.09462,96.09462,0.9870660000000001,0.9
