model,testScore,testavgFB,testG,default,trainScore,trainavgFB,trainG
original,96.478075,0.9764725000000001,0.9375,97.25601666666667,97.25601666666667,0.9893716666666666,0.9333333333333333
none,96.478075,0.9764725000000001,0.9375,97.25601666666667,97.25601666666667,0.9893716666666666,0.9333333333333333
f16,96.478075,0.9764725000000001,0.9375,97.25601666666667,97.25601666666667,0.9893716666666666,0.9333333333333333
