model,testScore,testavgFB,testG,default,trainScore,trainavgFB,trainG
original,96.65784375000001,0.9790406250000001,0.9375,97.36995333333333,97.36995333333333,0.9909993333333332,0.9333333333333333
none,96.65784375000001,0.9790406250000001,0.9375,97.36995333333333,97.36995333333333,0.9909993333333332,0.9333333333333333
f16,96.65784375000001,0.9790406250000001,0.9375,97.368635,97.368635,0.9909804999999999,0.9333333333333333
