model,testScore,testavgFB,testG,default,trainScore,trainavgFB,trainG
original,96.86189375,0.981955625,0.9375,97.23967166666667,97.23967166666667,0.9891381666666667,0.9333333333333333
none,96.86189375,0.981955625,0.9375,97.23967166666667,97.23967166666667,0.9891381666666667,0.9333333333333333
f16,96.86189375,0.981955625,0.9375,97.23823666666667,97.23823666666667,0.9891176666666666,0.9333333333333333
