model,testScore,testavgFB,testG,default,trainScore,trainavgFB,trainG
original,96.73501875,0.980143125,0.9375,97.23956666666666,97.23956666666666,0.9891366666666667,0.9333333333333333
none,96.73501875,0.980143125,0.9375,97.23956666666666,97.23956666666666,0.9891366666666667,0.9333333333333333
f16,96.73501875,0.980143125,0.9375,97.23956666666666,97.23956666666666,0.9891366666666667,0.9333333333333333
