model,testScore,testavgFB,testG,default,trainScore,trainavgFB,trainG
original,96.84806875,0.9817581249999999,0.9375,97.25865333333331,97.25865333333331,0.9894093333333331,0.9333333333333333
none,96.84806875,0.9817581249999999,0.9375,97.25865333333331,97.25865333333331,0.9894093333333331,0.9333333333333333
f16,96.84806875,0.9817581249999999,0.9375,97.25865333333331,97.25865333333331,0.9894093333333331,0.9333333333333333
