model,testScore,testavgFB,testG,default,trainScore,trainavgFB,trainG
original,96.84763125,0.981751875,0.9375,96.079885,96.079885,0.9868555000000001,0.9
none,96.84763125,0.981751875,0.9375,96.079885,96.079885,0.9868555000000001,0.9
f16,96.84763125,0.981751875,0.9375,96.079885,96.079885,0.9868555000000001,0.9
