model,testScore,testavgFB,testG,default,trainScore,trainavgFB,trainG
original,96.874625,0.9821375,0.9375,96.07883500000001,96.07883500000001,0.9868405000000001,0.9
none,96.874625,0.9821375,0.9375,96.07883500000001,96.07883500000001,0.9868405000000001,0.9
f16,96.874625,0.9821375,0.9375,96.07883500000001,96.07883500000001,0.9868405000000001,0.9
