model,testScore,testavgFB,testG,default,trainScore,trainavgFB,trainG
original,96.82628125000001,0.981446875,0.9375,97.18720666666667,97.18720666666667,0.9883886666666667,0.9333333333333333
none,96.82628125000001,0.981446875,0.9375,97.18720666666667,97.18720666666667,0.9883886666666667,0.9333333333333333
f16,96.84876875,0.981768125,0.9375,97.18618000000001,97.18618000000001,0.9883740000000001,0.9333333333333333
