model,testScore,testavgFB,testG,default,trainScore,trainavgFB,trainG
original,96.92008125000001,0.9827868750000001,0.9375,96.72314000000001,96.72314000000001,0.9889020000000002,0.9166666666666666
none,96.92008125000001,0.9827868750000001,0.9375,96.72314000000001,96.72314000000001,0.9889020000000002,0.9166666666666666
f16,96.92008125000001,0.9827868750000001,0.9375,96.72314000000001,96.72314000000001,0.9889020000000002,0.9166666666666666
