model,testScore,testavgFB,testG,default,trainScore,trainavgFB,trainG
original,96.81201875,0.981243125,0.9375,96.673405,96.673405,0.9881915,0.9166666666666666
none,96.81201875,0.981243125,0.9375,96.673405,96.673405,0.9881915,0.9166666666666666
f16,96.81201875,0.981243125,0.9375,96.67494500000001,96.67494500000001,0.9882135000000002,0.9166666666666666
