model,testScore,testavgFB,testG,default,trainScore,trainavgFB,trainG
original,96.77666875,0.980738125,0.9375,95.89964666666668,95.89964666666668,0.9842806666666668,0.9
none,96.77666875,0.980738125,0.9375,95.89964666666668,95.89964666666668,0.9842806666666668,0.9
f16,96.77666875,0.980738125,0.9375,95.89964666666668,95.89964666666668,0.9842806666666668,0.9
