model,testScore,testavgFB,testG,default,trainScore,trainavgFB,trainG
original,96.76288749999999,0.9805412499999999,0.9375,94.48238833333333,94.48238833333333,0.9783198333333334,0.8666666666666667
none,96.76288749999999,0.9805412499999999,0.9375,94.48238833333333,94.48238833333333,0.9783198333333334,0.8666666666666667
f16,96.76288749999999,0.9805412499999999,0.9375,94.48406833333334,94.48406833333334,0.9783438333333334,0.8666666666666667
