model,testScore,testavgFB,testG,default,trainScore,trainavgFB,trainG
original,96.8206375,0.98136625,0.9375,96.08199666666665,96.08199666666665,0.9868856666666666,0.9
none,96.8206375,0.98136625,0.9375,96.08199666666665,96.08199666666665,0.9868856666666666,0.9
f16,96.8206375,0.98136625,0.9375,96.083,96.083,0.9869,0.9
