model,testScore,testavgFB,testG,default,trainScore,trainavgFB,trainG
original,96.83993125,0.981641875,0.9375,97.36732833333335,97.36732833333335,0.9909618333333335,0.9333333333333333
none,96.83993125,0.981641875,0.9375,97.36732833333335,97.36732833333335,0.9909618333333335,0.9333333333333333
f16,96.83993125,0.981641875,0.9375,97.36732833333335,97.36732833333335,0.9909618333333335,0.9333333333333333
