model,testScore,testavgFB,testG,default,trainScore,trainavgFB,trainG
original,96.9237125,0.98283875,0.9375,96.65165833333334,96.65165833333334,0.9878808333333334,0.9166666666666666
none,96.9237125,0.98283875,0.9375,96.65165833333334,96.65165833333334,0.9878808333333334,0.9166666666666666
f16,96.9237125,0.98283875,0.9375,96.65165833333334,96.65165833333334,0.9878808333333334,0.9166666666666666
