model,testScore,testavgFB,testG,default,trainScore,trainavgFB,trainG
original,96.89776875,0.982468125,0.9375,96.19556,96.19556,0.988508,0.9
none,96.89776875,0.982468125,0.9375,96.19556,96.19556,0.988508,0.9
f16,96.89776875,0.982468125,0.9375,96.19556,96.19556,0.988508,0.9
