model,testScore,testavgFB,testG,default,trainScore,trainavgFB,trainG
original,96.4366875,0.97588125,0.9375,97.41146333333334,97.41146333333334,0.9915923333333335,0.9333333333333333
none,96.4366875,0.97588125,0.9375,97.41146333333334,97.41146333333334,0.9915923333333335,0.9333333333333333
f16,96.4366875,0.97588125,0.9375,97.41249000000002,97.41249000000002,0.9916070000000002,0.9333333333333333
