model,testScore,testavgFB,testG,default,trainScore,trainavgFB,trainG
original,96.884775,0.9822825000000001,0.9375,96.74090833333334,96.74090833333334,0.9891558333333333,0.9166666666666666
none,96.884775,0.9822825000000001,0.9375,96.74090833333334,96.74090833333334,0.9891558333333333,0.9166666666666666
f16,96.884775,0.9822825000000001,0.9375,96.74331166666667,96.74331166666667,0.9891901666666667,0.9166666666666666
