model,testScore,testavgFB,testG,default,trainScore,trainavgFB,trainG
original,96.786075,0.9808725,0.9375,94.46887833333332,94.46887833333332,0.9781268333333332,0.8666666666666667
none,96.786075,0.9808725,0.9375,94.46887833333332,94.46887833333332,0.9781268333333332,0.8666666666666667
f16,96.786075,0.9808725,0.9375,94.46887833333332,94.46887833333332,0.9781268333333332,0.8666666666666667
