model,testScore,testavgFB,testG,default,trainScore,trainavgFB,trainG
original,96.73598125000001,0.980156875,0.9375,94.64383166666667,94.64383166666667,0.9806261666666667,0.8666666666666667
none,96.73598125000001,0.980156875,0.9375,94.64383166666667,94.64383166666667,0.9806261666666667,0.8666666666666667
f16,96.73598125000001,0.980156875,0.9375,94.64383166666667,94.64383166666667,0.9806261666666667,0.8666666666666667
