model,testScore,testavgFB,testG,default,trainScore,trainavgFB,trainG
original,96.81744375000001,0.9813206250000001,0.9375,97.25706666666666,97.25706666666666,0.9893866666666666,0.9333333333333333
none,96.81744375000001,0.9813206250000001,0.9375,97.25706666666666,97.25706666666666,0.9893866666666666,0.9333333333333333
f16,96.81744375000001,0.9813206250000001,0.9375,97.25679833333334,97.25679833333334,0.9893828333333334,0.9333333333333333
