model,testScore,testavgFB,testG,default,trainScore,trainavgFB,trainG
original,96.60731249999999,0.9783187499999999,0.9375,95.04355666666667,95.04355666666667,0.9791936666666667,0.8833333333333333
none,96.60731249999999,0.9783187499999999,0.9375,95.04355666666667,95.04355666666667,0.9791936666666667,0.8833333333333333
f16,96.60731249999999,0.9783187499999999,0.9375,95.04355666666667,95.04355666666667,0.9791936666666667,0.8833333333333333
