model,testScore,testavgFB,testG,default,trainScore,trainavgFB,trainG
original,96.808125,0.9811875000000001,0.9375,97.24835166666666,97.24835166666666,0.9892621666666666,0.9333333333333333
none,96.808125,0.9811875000000001,0.9375,97.24835166666666,97.24835166666666,0.9892621666666666,0.9333333333333333
f16,96.808125,0.9811875000000001,0.9375,97.24835166666666,97.24835166666666,0.9892621666666666,0.9333333333333333
