model,testScore,testavgFB,testG,default,trainScore,trainavgFB,trainG
original,96.83844375000001,0.9816206250000001,0.9375,97.18308833333333,97.18308833333333,0.9883298333333334,0.9333333333333333
none,96.83844375000001,0.9816206250000001,0.9375,97.18308833333333,97.18308833333333,0.9883298333333334,0.9333333333333333
f16,96.83844375000001,0.9816206250000001,0.9375,97.18308833333333,97.18308833333333,0.9883298333333334,0.9333333333333333
