model,testScore,testavgFB,testG,default,trainScore,trainavgFB,trainG
original,96.86075625000001,0.9819393750000001,0.9375,96.65700166666667,96.65700166666667,0.9879571666666667,0.9166666666666666
none,96.86075625000001,0.9819393750000001,0.9375,96.65700166666667,96.65700166666667,0.9879571666666667,0.9166666666666666
f16,96.86075625000001,0.9819393750000001,0.9375,96.65700166666667,96.65700166666667,0.9879571666666667,0.9166666666666666
