model,testScore,testavgFB,testG,default,trainScore,trainavgFB,trainG
original,96.676,0.9793,0.9375,96.50185833333333,96.50185833333333,0.9857408333333334,0.9166666666666666
none,96.676,0.9793,0.9375,96.50185833333333,96.50185833333333,0.9857408333333334,0.9166666666666666
f16,96.676,0.9793,0.9375,96.50275666666667,96.50275666666667,0.9857536666666668,0.9166666666666666
