model,testScore,testavgFB,testG,default,trainScore,trainavgFB,trainG
original,96.77124375,0.980660625,0.9375,96.05015833333334,96.05015833333334,0.9864308333333334,0.9
none,96.77124375,0.980660625,0.9375,96.05015833333334,96.05015833333334,0.9864308333333334,0.9
f16,96.77124375,0.980660625,0.9375,96.05015833333334,96.05015833333334,0.9864308333333334,0.9
