model,testScore,testavgFB,testG,default,trainScore,trainavgFB,trainG
original,96.739525,0.9802075,0.9375,95.82813,95.82813,0.9832590000000001,0.9
none,96.739525,0.9802075,0.9375,95.82813,95.82813,0.9832590000000001,0.9
f16,96.739525,0.9802075,0.9375,95.82813,95.82813,0.9832590000000001,0.9
