model,testScore,testavgFB,testG,default,trainScore,trainavgFB,trainG
original,96.823875,0.9814125,0.9375,96.62617833333334,96.62617833333334,0.9875168333333334,0.9166666666666666
none,96.823875,0.9814125,0.9375,96.62617833333334,96.62617833333334,0.9875168333333334,0.9166666666666666
f16,96.823875,0.9814125,0.9375,96.62843,96.62843,0.987549,0.9166666666666666
