model,testScore,testavgFB,testG,default,trainScore,trainavgFB,trainG
original,96.8344625,0.9815637500000001,0.9375,96.76228166666667,96.76228166666667,0.9894611666666667,0.9166666666666666
none,96.8344625,0.9815637500000001,0.9375,96.76228166666667,96.76228166666667,0.9894611666666667,0.9166666666666666
f16,96.8344625,0.9815637500000001,0.9375,96.76228166666667,96.76228166666667,0.9894611666666667,0.9166666666666666
