model,testScore,testavgFB,testG,default,trainScore,trainavgFB,trainG
original,96.862375,0.9819625000000001,0.9375,97.28601166666667,97.28601166666667,0.9898001666666666,0.9333333333333333
none,96.862375,0.9819625000000001,0.9375,97.28601166666667,97.28601166666667,0.9898001666666666,0.9333333333333333
f16,96.862375,0.9819625000000001,0.9375,97.28600000000002,97.28600000000002,0.9898000000000001,0.9333333333333333
