model,testScore,testavgFB,testG,default,trainScore,trainavgFB,trainG
original,96.7884375,0.9809062500000001,0.9375,96.14657166666667,96.14657166666667,0.9878081666666667,0.9
none,96.7884375,0.9809062500000001,0.9375,96.14657166666667,96.14657166666667,0.9878081666666667,0.9
f16,96.7884375,0.9809062500000001,0.9375,96.14657166666667,96.14657166666667,0.9878081666666667,0.9
