model,testScore,testavgFB,testG,default,trainScore,trainavgFB,trainG
original,96.808125,0.9811875000000001,0.9375,96.70999166666665,96.70999166666665,0.9887141666666666,0.9166666666666666
none,96.808125,0.9811875000000001,0.9375,96.70999166666665,96.70999166666665,0.9887141666666666,0.9166666666666666
f16,96.808125,0.9811875000000001,0.9375,96.70999166666665,96.70999166666665,0.9887141666666666,0.9166666666666666
