model,testScore,testavgFB,testG,default,trainScore,trainavgFB,trainG
original,96.73536874999999,0.9801481249999999,0.9375,96.38221666666668,96.38221666666668,0.9840316666666667,0.9166666666666666
none,96.73536874999999,0.9801481249999999,0.9375,96.38221666666668,96.38221666666668,0.9840316666666667,0.9166666666666666
f16,96.73536874999999,0.9801481249999999,0.9375,96.38221666666668,96.38221666666668,0.9840316666666667,0.9166666666666666
