model,testScore,testavgFB,testG,default,trainScore,trainavgFB,trainG
original,96.6690875,0.97920125,0.9375,97.37010500000001,97.37010500000001,0.9910015000000001,0.9333333333333333
none,96.6690875,0.97920125,0.9375,97.37010500000001,97.37010500000001,0.9910015000000001,0.9333333333333333
f16,96.6690875,0.97920125,0.9375,97.37010500000001,97.37010500000001,0.9910015000000001,0.9333333333333333
