model,testScore,testavgFB,testG,default,trainScore,trainavgFB,trainG
original,96.84763125,0.981751875,0.9375,97.17348666666666,97.17348666666666,0.9881926666666666,0.9333333333333333
none,96.84763125,0.981751875,0.9375,97.17348666666666,97.17348666666666,0.9881926666666666,0.9333333333333333
f16,96.84763125,0.981751875,0.9375,97.17292666666667,97.17292666666667,0.9881846666666667,0.9333333333333333
