model,testScore,testavgFB,testG,default,trainScore,trainavgFB,trainG
original,96.8167875,0.9813112500000001,0.9375,97.17356833333334,97.17356833333334,0.9881938333333334,0.9333333333333333
none,96.8167875,0.9813112500000001,0.9375,97.17356833333334,97.17356833333334,0.9881938333333334,0.9333333333333333
f16,96.8167875,0.9813112500000001,0.9375,97.17268166666668,97.17268166666668,0.9881811666666668,0.9333333333333333
