model,testScore,testavgFB,testG,default,trainScore,trainavgFB,trainG
original,96.84763125,0.981751875,0.9375,96.10615833333334,96.10615833333334,0.9872308333333334,0.9
none,96.84763125,0.981751875,0.9375,96.10615833333334,96.10615833333334,0.9872308333333334,0.9
f16,96.84763125,0.981751875,0.9375,96.10615833333334,96.10615833333334,0.9872308333333334,0.9
