model,testScore,testavgFB,testG,default,trainScore,trainavgFB,trainG
original,96.79924375,0.981060625,0.9375,95.82008,95.82008,0.983144,0.9
none,96.79924375,0.981060625,0.9375,95.82008,95.82008,0.983144,0.9
f16,96.79924375,0.981060625,0.9375,95.82008,95.82008,0.983144,0.9
