model,testScore,testavgFB,testG,default,trainScore,trainavgFB,trainG
original,96.78905,0.980915,0.9375,96.09988166666668,96.09988166666668,0.9871411666666668,0.9
none,96.78905,0.980915,0.9375,96.09988166666668,96.09988166666668,0.9871411666666668,0.9
f16,96.78905,0.980915,0.9375,96.102005,96.102005,0.9871715000000001,0.9
