model,testScore,testavgFB,testG,default,trainScore,trainavgFB,trainG
original,96.86994375,0.982070625,0.9375,95.58701333333335,95.58701333333335,0.9869573333333335,0.8833333333333333
none,96.86994375,0.982070625,0.9375,95.58701333333335,95.58701333333335,0.9869573333333335,0.8833333333333333
f16,96.86994375,0.982070625,0.9375,95.59625333333335,95.59625333333335,0.9870893333333336,0.8833333333333333
