model,testScore,testavgFB,testG,default,trainScore,trainavgFB,trainG
original,96.767,0.9806,0.9375,96.58066666666667,96.58066666666667,0.9868666666666667,0.9166666666666666
none,96.767,0.9806,0.9375,96.58066666666667,96.58066666666667,0.9868666666666667,0.9166666666666666
f16,96.767,0.9806,0.9375,96.58066666666667,96.58066666666667,0.9868666666666667,0.9166666666666666
