model,testScore,testavgFB,testG,default,trainScore,trainavgFB,trainG
original,96.87545625000001,0.9821493750000001,0.9375,96.67103666666668,96.67103666666668,0.9881576666666668,0.9166666666666666
none,96.87545625000001,0.9821493750000001,0.9375,96.67103666666668,96.67103666666668,0.9881576666666668,0.9166666666666666
f16,96.87545625000001,0.9821493750000001,0.9375,96.67103666666668,96.67103666666668,0.9881576666666668,0.9166666666666666
