model,testScore,testavgFB,testG,default,trainScore,trainavgFB,trainG
original,96.77570625,0.980724375,0.9375,96.57611666666666,96.57611666666666,0.9868016666666667,0.9166666666666666
none,96.77570625,0.980724375,0.9375,96.57611666666666,96.57611666666666,0.9868016666666667,0.9166666666666666
f16,96.77570625,0.980724375,0.9375,96.57839166666666,96.57839166666666,0.9868341666666667,0.9166666666666666
