model,testScore,testavgFB,testG,default,trainScore,trainavgFB,trainG
original,96.739525,0.9802075,0.9375,95.81052499999998,95.81052499999998,0.9830074999999998,0.9
none,96.739525,0.9802075,0.9375,95.81052499999998,95.81052499999998,0.9830074999999998,0.9
f16,96.739525,0.9802075,0.9375,95.81052499999998,95.81052499999998,0.9830074999999998,0.9
