model,testScore,testavgFB,testG,default,trainScore,trainavgFB,trainG
original,96.8027875,0.98111125,0.9375,97.13451999999998,97.13451999999998,0.9876359999999997,0.9333333333333333
none,96.8027875,0.98111125,0.9375,97.13451999999998,97.13451999999998,0.9876359999999997,0.9333333333333333
f16,96.8027875,0.98111125,0.9375,97.13451999999998,97.13451999999998,0.9876359999999997,0.9333333333333333
