model,testScore,testavgFB,testG,default,trainScore,trainavgFB,trainG
original,96.8932625,0.98240375,0.9375,97.11559666666668,97.11559666666668,0.9873656666666667,0.9333333333333333
none,96.8932625,0.98240375,0.9375,97.11559666666668,97.11559666666668,0.9873656666666667,0.9333333333333333
f16,96.8932625,0.98240375,0.9375,97.11702,97.11702,0.987386,0.9333333333333333
