model,testScore,testavgFB,testG,default,trainScore,trainavgFB,trainG
original,96.78463124999999,0.9808518749999999,0.9375,95.73508833333334,95.73508833333334,0.9819298333333334,0.9
none,96.78463124999999,0.9808518749999999,0.9375,95.73508833333334,95.73508833333334,0.9819298333333334,0.9
f16,96.78463124999999,0.9808518749999999,0.9375,95.73412,95.73412,0.981916,0.9
