model,testScore,testavgFB,testG,default,trainScore,trainavgFB,trainG
original,96.83993125,0.981641875,0.9375,96.69407833333334,96.69407833333334,0.9884868333333334,0.9166666666666666
none,96.83993125,0.981641875,0.9375,96.69407833333334,96.69407833333334,0.9884868333333334,0.9166666666666666
f16,96.83993125,0.981641875,0.9375,96.69304000000001,96.69304000000001,0.9884720000000001,0.9166666666666666
