model,testScore,testavgFB,testG,default,trainScore,trainavgFB,trainG
original,96.78625,0.9808749999999999,0.9375,97.82761499999998,97.82761499999998,0.9903944999999997,0.95
none,96.78625,0.9808749999999999,0.9375,97.82761499999998,97.82761499999998,0.9903944999999997,0.95
f16,96.78625,0.9808749999999999,0.9375,97.82822166666665,97.82822166666665,0.9904031666666665,0.95
