model,testScore,testavgFB,testG,default,trainScore,trainavgFB,trainG
original,96.79915625,0.981059375,0.9375,97.26256166666667,97.26256166666667,0.9894651666666667,0.9333333333333333
none,96.79915625,0.981059375,0.9375,97.26256166666667,97.26256166666667,0.9894651666666667,0.9333333333333333
f16,96.79915625,0.981059375,0.9375,97.26256166666667,97.26256166666667,0.9894651666666667,0.9333333333333333
