model,testScore,testavgFB,testG,default,trainScore,trainavgFB,trainG
original,96.7310375,0.98008625,0.9375,96.67794333333333,96.67794333333333,0.9882563333333333,0.9166666666666666
none,96.7310375,0.98008625,0.9375,96.67794333333333,96.67794333333333,0.9882563333333333,0.9166666666666666
f16,96.7310375,0.98008625,0.9375,96.67794333333333,96.67794333333333,0.9882563333333333,0.9166666666666666
