model,testScore,testavgFB,testG,default,trainScore,trainavgFB,trainG
original,96.7303375,0.98007625,0.9375,96.44193833333334,96.44193833333334,0.9848848333333334,0.9166666666666666
none,96.7303375,0.98007625,0.9375,96.44193833333334,96.44193833333334,0.9848848333333334,0.9166666666666666
f16,96.7303375,0.98007625,0.9375,96.44193833333334,96.44193833333334,0.9848848333333334,0.9166666666666666
