model,testScore,testavgFB,testG,default,trainScore,trainavgFB,trainG
original,96.75776875,0.980468125,0.9375,96.71377166666667,96.71377166666667,0.9887681666666668,0.9166666666666666
none,96.75776875,0.980468125,0.9375,96.71377166666667,96.71377166666667,0.9887681666666668,0.9166666666666666
f16,96.75776875,0.980468125,0.9375,96.71377166666667,96.71377166666667,0.9887681666666668,0.9166666666666666
