model,testScore,testavgFB,testG,default,trainScore,trainavgFB,trainG
original,96.862375,0.9819625000000001,0.9375,96.69815,96.69815,0.988545,0.9166666666666666
none,96.862375,0.9819625000000001,0.9375,96.69815,96.69815,0.988545,0.9166666666666666
f16,96.862375,0.9819625000000001,0.9375,96.69815,96.69815,0.988545,0.9166666666666666
