model,testScore,testavgFB,testG,default,trainScore,trainavgFB,trainG
original,96.70334375000002,0.9796906250000001,0.9375,97.11171166666666,97.11171166666666,0.9873101666666667,0.9333333333333333
none,96.70334375000002,0.9796906250000001,0.9375,97.11171166666666,97.11171166666666,0.9873101666666667,0.9333333333333333
f16,96.70334375000002,0.9796906250000001,0.9375,97.11116333333334,97.11116333333334,0.9873023333333334,0.9333333333333333
