model,testScore,testavgFB,testG,default,trainScore,trainavgFB,trainG
original,96.70365,0.979695,0.9375,97.37842333333332,97.37842333333332,0.9911203333333332,0.9333333333333333
none,96.70365,0.979695,0.9375,97.37842333333332,97.37842333333332,0.9911203333333332,0.9333333333333333
f16,96.70365,0.979695,0.9375,97.37842333333332,97.37842333333332,0.9911203333333332,0.9333333333333333
