model,testScore,testavgFB,testG,default,trainScore,trainavgFB,trainG
original,96.9107625,0.98265375,0.9375,97.20261833333335,97.20261833333335,0.9886088333333335,0.9333333333333333
none,96.9107625,0.98265375,0.9375,97.20261833333335,97.20261833333335,0.9886088333333335,0.9333333333333333
f16,96.9107625,0.98265375,0.9375,97.20261833333335,97.20261833333335,0.9886088333333335,0.9333333333333333
