model,testScore,testavgFB,testG,default,trainScore,trainavgFB,trainG
original,96.84693125,0.981741875,0.9375,97.144845,97.144845,0.9877835,0.9333333333333333
none,96.84693125,0.981741875,0.9375,97.144845,97.144845,0.9877835,0.9333333333333333
f16,96.84693125,0.981741875,0.9375,97.144845,97.144845,0.9877835,0.9333333333333333
