model,testScore,testavgFB,testG,default,trainScore,trainavgFB,trainG
original,96.67070625000001,0.979224375,0.9375,96.68997166666668,96.68997166666668,0.9884281666666668,0.9166666666666666
none,96.67070625000001,0.979224375,0.9375,96.68997166666668,96.68997166666668,0.9884281666666668,0.9166666666666666
f16,96.67070625000001,0.979224375,0.9375,96.69087,96.69087,0.988441,0.9166666666666666
