model,testScore,testavgFB,testG,default,trainScore,trainavgFB,trainG
original,96.4930375,0.97668625,0.9375,97.31263500000001,97.31263500000001,0.9901805000000002,0.9333333333333333
none,96.4930375,0.97668625,0.9375,97.31263500000001,97.31263500000001,0.9901805000000002,0.9333333333333333
f16,96.4930375,0.97668625,0.9375,97.31263500000001,97.31263500000001,0.9901805000000002,0.9333333333333333
