model,testScore,testavgFB,testG,default,trainScore,trainavgFB,trainG
original,96.68951875,0.9794931250000001,0.9375,97.33295833333334,97.33295833333334,0.9904708333333333,0.9333333333333333
none,96.68951875,0.9794931250000001,0.9375,97.33295833333334,97.33295833333334,0.9904708333333333,0.9333333333333333
f16,96.68951875,0.9794931250000001,0.9375,97.33295833333334,97.33295833333334,0.9904708333333333,0.9333333333333333
