model,testScore,testavgFB,testG,default,trainScore,trainavgFB,trainG
original,96.79924375,0.981060625,0.9375,95.81029166666667,95.81029166666667,0.9830041666666668,0.9
none,96.79924375,0.981060625,0.9375,95.81029166666667,95.81029166666667,0.9830041666666668,0.9
f16,96.79924375,0.981060625,0.9375,95.81029166666667,95.81029166666667,0.9830041666666668,0.9
