model,testScore,testavgFB,testG,default,trainScore,trainavgFB,trainG
original,96.84763125,0.981751875,0.9375,96.85752833333333,96.85752833333333,0.9908218333333334,0.9166666666666666
none,96.84763125,0.981751875,0.9375,96.85752833333333,96.85752833333333,0.9908218333333334,0.9166666666666666
f16,96.84763125,0.981751875,0.9375,96.85752833333333,96.85752833333333,0.9908218333333334,0.9166666666666666
