model,testScore,testavgFB,testG,default,trainScore,trainavgFB,trainG
original,96.879175,0.9822025,0.9375,96.11657666666667,96.11657666666667,0.9873796666666668,0.9
none,96.879175,0.9822025,0.9375,96.11657666666667,96.11657666666667,0.9873796666666668,0.9
f16,96.879175,0.9822025,0.9375,96.11657666666667,96.11657666666667,0.9873796666666668,0.9
