model,testScore,testavgFB,testG,default,trainScore,trainavgFB,trainG
original,96.82991249999999,0.98149875,0.9375,96.78940666666666,96.78940666666666,0.9898486666666667,0.9166666666666666
none,96.82991249999999,0.98149875,0.9375,96.78940666666666,96.78940666666666,0.9898486666666667,0.9166666666666666
f16,96.82991249999999,0.98149875,0.9375,96.78850833333334,96.78850833333334,0.9898358333333334,0.9166666666666666
