model,testScore,testavgFB,testG,default,trainScore,trainavgFB,trainG
original,96.9014875,0.98252125,0.9375,96.71300166666667,96.71300166666667,0.9887571666666667,0.9166666666666666
none,96.9014875,0.98252125,0.9375,96.71300166666667,96.71300166666667,0.9887571666666667,0.9166666666666666
f16,96.9014875,0.98252125,0.9375,96.71198666666668,96.71198666666668,0.9887426666666668,0.9166666666666666
