model,testScore,testavgFB,testG,default,trainScore,trainavgFB,trainG
original,96.67420625,0.9792743749999999,0.9375,95.193765,95.193765,0.9813395,0.8833333333333333
none,96.67420625,0.9792743749999999,0.9375,95.193765,95.193765,0.9813395,0.8833333333333333
f16,96.67420625,0.9792743749999999,0.9375,95.191315,95.191315,0.9813045,0.8833333333333333
