model,testScore,testavgFB,testG,default,trainScore,trainavgFB,trainG
original,96.894575,0.9824225000000001,0.9375,96.60660166666668,96.60660166666668,0.9872371666666667,0.9166666666666666
none,96.894575,0.9824225000000001,0.9375,96.60660166666668,96.60660166666668,0.9872371666666667,0.9166666666666666
f16,96.894575,0.9824225000000001,0.9375,96.60660166666668,96.60660166666668,0.9872371666666667,0.9166666666666666
