model,testScore,testavgFB,testG,default,trainScore,trainavgFB,trainG
original,96.81201875,0.981243125,0.9375,97.30938000000002,97.30938000000002,0.9901340000000002,0.9333333333333333
none,96.81201875,0.981243125,0.9375,97.30938000000002,97.30938000000002,0.9901340000000002,0.9333333333333333
f16,96.81201875,0.981243125,0.9375,97.31174833333334,97.31174833333334,0.9901678333333334,0.9333333333333333
