model,testScore,testavgFB,testG,default,trainScore,trainavgFB,trainG
original,96.8601,0.9819300000000001,0.9375,96.08141333333333,96.08141333333333,0.9868773333333334,0.9
none,96.8601,0.9819300000000001,0.9375,96.08141333333333,96.08141333333333,0.9868773333333334,0.9
f16,96.8601,0.9819300000000001,0.9375,96.08374666666667,96.08374666666667,0.9869106666666667,0.9
