model,testScore,testavgFB,testG,default,trainScore,trainavgFB,trainG
original,96.7949125,0.98099875,0.9375,96.805425,96.805425,0.9900774999999999,0.9166666666666666
none,96.7949125,0.98099875,0.9375,96.805425,96.805425,0.9900774999999999,0.9166666666666666
f16,96.7949125,0.98099875,0.9375,96.805425,96.805425,0.9900774999999999,0.9166666666666666
