model,testScore,testavgFB,testG,default,trainScore,trainavgFB,trainG
original,96.80865,0.981195,0.9375,95.37112166666668,95.37112166666668,0.9838731666666668,0.8833333333333333
none,96.80865,0.981195,0.9375,95.37112166666668,95.37112166666668,0.9838731666666668,0.8833333333333333
f16,96.80865,0.981195,0.9375,95.37022333333334,95.37022333333334,0.9838603333333336,0.8833333333333333
