model,testScore,testavgFB,testG,default,trainScore,trainavgFB,trainG
original,96.6872,0.97946,0.9375,95.02781833333334,95.02781833333334,0.9789688333333334,0.8833333333333333
none,96.6872,0.97946,0.9375,95.02781833333334,95.02781833333334,0.9789688333333334,0.8833333333333333
f16,96.6872,0.97946,0.9375,95.02781833333334,95.02781833333334,0.9789688333333334,0.8833333333333333
