model,testScore,testavgFB,testG,default,trainScore,trainavgFB,trainG
original,96.88534375,0.9822906250000001,0.9375,96.61144333333334,96.61144333333334,0.9873063333333334,0.9166666666666666
none,96.88534375,0.9822906250000001,0.9375,96.61144333333334,96.61144333333334,0.9873063333333334,0.9166666666666666
f16,96.88534375,0.9822906250000001,0.9375,96.61144333333334,96.61144333333334,0.9873063333333334,0.9166666666666666
