model,testScore,testavgFB,testG,default,trainScore,trainavgFB,trainG
original,96.80865,0.981195,0.9375,95.18615833333332,95.18615833333332,0.9812308333333333,0.8833333333333333
none,96.80865,0.981195,0.9375,95.18615833333332,95.18615833333332,0.9812308333333333,0.8833333333333333
f16,96.80865,0.981195,0.9375,95.18615833333332,95.18615833333332,0.9812308333333333,0.8833333333333333
