model,testScore,testavgFB,testG,default,trainScore,trainavgFB,trainG
original,96.78953125000001,0.980921875,0.9375,96.69677333333334,96.69677333333334,0.9885253333333334,0.9166666666666666
none,96.78953125000001,0.980921875,0.9375,96.69677333333334,96.69677333333334,0.9885253333333334,0.9166666666666666
f16,96.78953125000001,0.980921875,0.9375,96.69677333333334,96.69677333333334,0.9885253333333334,0.9166666666666666
