model,testScore,testavgFB,testG,default,trainScore,trainavgFB,trainG
original,96.50371249999999,0.9768387499999999,0.9375,96.78436666666667,96.78436666666667,0.9897766666666666,0.9166666666666666
none,96.50371249999999,0.9768387499999999,0.9375,96.78436666666667,96.78436666666667,0.9897766666666666,0.9166666666666666
f16,96.50371249999999,0.9768387499999999,0.9375,96.788065,96.788065,0.9898295000000001,0.9166666666666666
