model,testScore,testavgFB,testG,default,trainScore,trainavgFB,trainG
original,96.82636875,0.981448125,0.9375,97.66317333333335,97.66317333333335,0.9880453333333336,0.95
none,96.82636875,0.981448125,0.9375,97.66317333333335,97.66317333333335,0.9880453333333336,0.95
f16,96.82636875,0.981448125,0.9375,97.67237833333334,97.67237833333334,0.9881768333333335,0.95
