model,testScore,testavgFB,testG,default,trainScore,trainavgFB,trainG
original,96.8306125,0.98150875,0.9375,96.68118666666666,96.68118666666666,0.9883026666666667,0.9166666666666666
none,96.8306125,0.98150875,0.9375,96.68118666666666,96.68118666666666,0.9883026666666667,0.9166666666666666
f16,96.8306125,0.98150875,0.9375,96.68118666666666,96.68118666666666,0.9883026666666667,0.9166666666666666
