model,testScore,testavgFB,testG,default,trainScore,trainavgFB,trainG
original,96.78804375,0.980900625,0.9375,94.73864666666665,94.73864666666665,0.9819806666666664,0.8666666666666667
none,96.78804375,0.980900625,0.9375,94.73864666666665,94.73864666666665,0.9819806666666664,0.8666666666666667
f16,96.78804375,0.980900625,0.9375,94.73864666666665,94.73864666666665,0.9819806666666664,0.8666666666666667
