model,testScore,testavgFB,testG,default,trainScore,trainavgFB,trainG
original,96.82304375,0.981400625,0.9375,95.61608833333332,95.61608833333332,0.9802298333333332,0.9
none,96.82304375,0.981400625,0.9375,95.61608833333332,95.61608833333332,0.9802298333333332,0.9
f16,96.82304375,0.981400625,0.9375,95.61856166666668,95.61856166666668,0.9802651666666667,0.9
