model,testScore,testavgFB,testG,default,trainScore,trainavgFB,trainG
original,96.77666875,0.980738125,0.9375,94.78530166666667,94.78530166666667,0.9826471666666666,0.8666666666666667
none,96.77666875,0.980738125,0.9375,94.78530166666667,94.78530166666667,0.9826471666666666,0.8666666666666667
f16,96.77666875,0.980738125,0.9375,94.78530166666667,94.78530166666667,0.9826471666666666,0.8666666666666667
