model,testScore,testavgFB,testG,default,trainScore,trainavgFB,trainG
original,97.0028125,0.9839687500000001,0.9375,96.09522666666666,96.09522666666666,0.9870746666666667,0.9
none,97.0028125,0.9839687500000001,0.9375,96.09522666666666,96.09522666666666,0.9870746666666667,0.9
f16,97.0028125,0.9839687500000001,0.9375,96.09522666666666,96.09522666666666,0.9870746666666667,0.9
