model,testScore,testavgFB,testG,default,trainScore,trainavgFB,trainG
original,96.83993125,0.981641875,0.9375,97.15335,97.15335,0.987905,0.9333333333333333
none,96.83993125,0.981641875,0.9375,97.15335,97.15335,0.987905,0.9333333333333333
f16,96.83993125,0.981641875,0.9375,97.15335,97.15335,0.987905,0.9333333333333333
