model,testScore,testavgFB,testG,default,trainScore,trainavgFB,trainG
original,96.5761625,0.97787375,0.9375,97.33120833333334,97.33120833333334,0.9904458333333334,0.9333333333333333
none,96.5761625,0.97787375,0.9375,97.33120833333334,97.33120833333334,0.9904458333333334,0.9333333333333333
f16,96.5761625,0.97787375,0.9375,97.33120833333334,97.33120833333334,0.9904458333333334,0.9333333333333333
