model,testScore,testavgFB,testG,default,trainScore,trainavgFB,trainG
original,96.786075,0.9808725,0.9375,96.38422333333334,96.38422333333334,0.9840603333333334,0.9166666666666666
none,96.786075,0.9808725,0.9375,96.38422333333334,96.38422333333334,0.9840603333333334,0.9166666666666666
f16,96.786075,0.9808725,0.9375,96.38422333333334,96.38422333333334,0.9840603333333334,0.9166666666666666
