model,testScore,testavgFB,testG,default,trainScore,trainavgFB,trainG
original,96.8038375,0.98112625,0.9375,97.30637,97.30637,0.990091,0.9333333333333333
none,96.8038375,0.98112625,0.9375,97.30637,97.30637,0.990091,0.9333333333333333
f16,96.8038375,0.98112625,0.9375,97.30637,97.30637,0.990091,0.9333333333333333
