model,testScore,testavgFB,testG,default,trainScore,trainavgFB,trainG
original,96.91448125,0.982706875,0.9375,96.68919000000001,96.68919000000001,0.9884170000000002,0.9166666666666666
none,96.91448125,0.982706875,0.9375,96.68919000000001,96.68919000000001,0.9884170000000002,0.9166666666666666
f16,96.91448125,0.982706875,0.9375,96.68919000000001,96.68919000000001,0.9884170000000002,0.9166666666666666
