model,testScore,testavgFB,testG,default,trainScore,trainavgFB,trainG
original,96.83993125,0.981641875,0.9375,96.15521666666666,96.15521666666666,0.9879316666666667,0.9
none,96.83993125,0.981641875,0.9375,96.15521666666666,96.15521666666666,0.9879316666666667,0.9
f16,96.83993125,0.981641875,0.9375,96.15521666666666,96.15521666666666,0.9879316666666667,0.9
