model,testScore,testavgFB,testG,default,trainScore,trainavgFB,trainG
original,96.80865,0.981195,0.9375,93.54433999999999,93.54433999999999,0.9720619999999999,0.85
none,96.80865,0.981195,0.9375,93.54433999999999,93.54433999999999,0.9720619999999999,0.85
f16,96.80865,0.981195,0.9375,93.54042,93.54042,0.9720059999999999,0.85
