model,testScore,testavgFB,testG,default,trainScore,trainavgFB,trainG
original,96.9182875,0.98276125,0.9375,96.07248833333334,96.07248833333334,0.9867498333333334,0.9
none,96.9182875,0.98276125,0.9375,96.07248833333334,96.07248833333334,0.9867498333333334,0.9
f16,96.9182875,0.98276125,0.9375,96.07493833333334,96.07493833333334,0.9867848333333334,0.9
