model,testScore,testavgFB,testG,default,trainScore,trainavgFB,trainG
original,96.55800625,0.977614375,0.9375,96.01929,96.01929,0.978847,0.9166666666666666
none,96.55800625,0.977614375,0.9375,96.01929,96.01929,0.978847,0.9166666666666666
f16,96.55800625,0.977614375,0.9375,96.02002499999999,96.02002499999999,0.9788574999999999,0.9166666666666666
