model,testScore,testavgFB,testG,default,trainScore,trainavgFB,trainG
original,96.82295625,0.9813993750000001,0.9375,96.592695,96.592695,0.9870385,0.9166666666666666
none,96.82295625,0.9813993750000001,0.9375,96.592695,96.592695,0.9870385,0.9166666666666666
f16,96.82295625,0.9813993750000001,0.9375,96.592695,96.592695,0.9870385,0.9166666666666666
