model,testScore,testavgFB,testG,default,trainScore,trainavgFB,trainG
original,96.9237125,0.98283875,0.9375,96.65451666666668,96.65451666666668,0.9879216666666668,0.9166666666666666
none,96.9237125,0.98283875,0.9375,96.65451666666668,96.65451666666668,0.9879216666666668,0.9166666666666666
f16,96.9237125,0.98283875,0.9375,96.65451666666668,96.65451666666668,0.9879216666666668,0.9166666666666666
