model,testScore,testavgFB,testG,default,trainScore,trainavgFB,trainG
original,96.786075,0.9808725,0.9375,95.32339333333333,95.32339333333333,0.9831913333333333,0.8833333333333333
none,96.786075,0.9808725,0.9375,95.32339333333333,95.32339333333333,0.9831913333333333,0.8833333333333333
f16,96.786075,0.9808725,0.9375,95.32339333333333,95.32339333333333,0.9831913333333333,0.8833333333333333
