model,testScore,testavgFB,testG,default,trainScore,trainavgFB,trainG
original,96.90529375,0.982575625,0.9375,96.06576833333334,96.06576833333334,0.9866538333333335,0.9
none,96.90529375,0.982575625,0.9375,96.06576833333334,96.06576833333334,0.9866538333333335,0.9
f16,96.90529375,0.982575625,0.9375,96.06664333333335,96.06664333333335,0.9866663333333334,0.9
