model,testScore,testavgFB,testG,default,trainScore,trainavgFB,trainG
original,96.61304374999999,0.9784006249999999,0.9375,94.00621166666667,94.00621166666667,0.9786601666666667,0.85
none,96.61304374999999,0.9784006249999999,0.9375,94.00621166666667,94.00621166666667,0.9786601666666667,0.85
f16,96.61304374999999,0.9784006249999999,0.9375,94.00621166666667,94.00621166666667,0.9786601666666667,0.85
