model,testScore,testavgFB,testG,default,trainScore,trainavgFB,trainG
original,96.61466250000001,0.97842375,0.9375,97.23715166666666,97.23715166666666,0.9891021666666666,0.9333333333333333
none,96.61466250000001,0.97842375,0.9375,97.23715166666666,97.23715166666666,0.9891021666666666,0.9333333333333333
f16,96.61466250000001,0.97842375,0.9375,97.24094333333332,97.24094333333332,0.9891563333333332,0.9333333333333333
