model,testScore,testavgFB,testG,default,trainScore,trainavgFB,trainG
original,96.8356,0.98158,0.9375,97.33795166666665,97.33795166666665,0.9905421666666665,0.9333333333333333
none,96.8356,0.98158,0.9375,97.33795166666665,97.33795166666665,0.9905421666666665,0.9333333333333333
f16,96.8356,0.98158,0.9375,97.33795166666665,97.33795166666665,0.9905421666666665,0.9333333333333333
