model,testScore,testavgFB,testG,default,trainScore,trainavgFB,trainG
original,96.76735000000001,0.9806050000000001,0.9375,95.18831666666667,95.18831666666667,0.9812616666666666,0.8833333333333333
none,96.76735000000001,0.9806050000000001,0.9375,95.18831666666667,95.18831666666667,0.9812616666666666,0.8833333333333333
f16,96.76735000000001,0.9806050000000001,0.9375,95.20085833333333,95.20085833333333,0.9814408333333333,0.8833333333333333
