model,testScore,testavgFB,testG,default,trainScore,trainavgFB,trainG
original,96.8568625,0.98188375,0.9375,96.17531833333335,96.17531833333335,0.9882188333333335,0.9
none,96.8568625,0.98188375,0.9375,96.17531833333335,96.17531833333335,0.9882188333333335,0.9
f16,96.8568625,0.98188375,0.9375,96.17473500000003,96.17473500000003,0.9882105000000003,0.9
