model,testScore,testavgFB,testG,default,trainScore,trainavgFB,trainG
original,96.79486874999999,0.9809981249999999,0.9375,95.73115666666668,95.73115666666668,0.9818736666666668,0.9
none,96.79486874999999,0.9809981249999999,0.9375,95.73115666666668,95.73115666666668,0.9818736666666668,0.9
f16,96.79486874999999,0.9809981249999999,0.9375,95.73115666666668,95.73115666666668,0.9818736666666668,0.9
