model,testScore,testavgFB,testG,default,trainScore,trainavgFB,trainG
original,96.786075,0.9808725,0.9375,94.73994166666665,94.73994166666665,0.9819991666666665,0.8666666666666667
none,96.786075,0.9808725,0.9375,94.73994166666665,94.73994166666665,0.9819991666666665,0.8666666666666667
f16,96.786075,0.9808725,0.9375,94.73693166666666,94.73693166666666,0.9819561666666666,0.8666666666666667
