model,testScore,testavgFB,testG,default,trainScore,trainavgFB,trainG
original,96.82523125,0.9814318750000001,0.9375,96.68875833333334,96.68875833333334,0.9884108333333335,0.9166666666666666
none,96.82523125,0.9814318750000001,0.9375,96.68875833333334,96.68875833333334,0.9884108333333335,0.9166666666666666
f16,96.82523125,0.9814318750000001,0.9375,96.68875833333334,96.68875833333334,0.9884108333333335,0.9166666666666666
