model,testScore,testavgFB,testG,default,trainScore,trainavgFB,trainG
original,96.64856875,0.978908125,0.9375,97.22507666666667,97.22507666666667,0.9889296666666667,0.9333333333333333
none,96.64856875,0.978908125,0.9375,97.22507666666667,97.22507666666667,0.9889296666666667,0.9333333333333333
f16,96.64856875,0.978908125,0.9375,97.22507666666667,97.22507666666667,0.9889296666666667,0.9333333333333333
