model,testScore,testavgFB,testG,default,trainScore,trainavgFB,trainG
original,96.65885,0.979055,0.9375,96.10505,96.10505,0.9872150000000002,0.9
none,96.65885,0.979055,0.9375,96.10505,96.10505,0.9872150000000002,0.9
f16,96.65885,0.979055,0.9375,96.10505,96.10505,0.9872150000000002,0.9
