model,testScore,testavgFB,testG,default,trainScore,trainavgFB,trainG
original,96.77133125,0.980661875,0.9375,95.18331166666668,95.18331166666668,0.9811901666666668,0.8833333333333333
none,96.77133125,0.980661875,0.9375,95.18331166666668,95.18331166666668,0.9811901666666668,0.8833333333333333
f16,96.77133125,0.980661875,0.9375,95.18331166666668,95.18331166666668,0.9811901666666668,0.8833333333333333
