model,testScore,testavgFB,testG,default,trainScore,trainavgFB,trainG
original,96.7943,0.98099,0.9375,97.22017666666667,97.22017666666667,0.9888596666666667,0.9333333333333333
none,96.7943,0.98099,0.9375,97.22017666666667,97.22017666666667,0.9888596666666667,0.9333333333333333
f16,96.7943,0.98099,0.9375,97.21800666666667,97.21800666666667,0.9888286666666667,0.9333333333333333
