model,testScore,testavgFB,testG,default,trainScore,trainavgFB,trainG
original,96.77666875,0.980738125,0.9375,95.34518833333334,95.34518833333334,0.9763598333333334,0.9
none,96.77666875,0.980738125,0.9375,95.34518833333334,95.34518833333334,0.9763598333333334,0.9
f16,96.77666875,0.980738125,0.9375,95.34612166666668,95.34612166666668,0.9763731666666667,0.9
