model,testScore,testavgFB,testG,default,trainScore,trainavgFB,trainG
original,96.71345,0.979835,0.9375,95.10969499999997,95.10969499999997,0.9801384999999997,0.8833333333333333
none,96.71345,0.979835,0.9375,95.10969499999997,95.10969499999997,0.9801384999999997,0.8833333333333333
f16,96.71345,0.979835,0.9375,95.11096666666666,95.11096666666666,0.9801566666666665,0.8833333333333333
