model,testScore,testavgFB,testG,default,trainScore,trainavgFB,trainG
original,96.8306125,0.98150875,0.9375,97.19497666666666,97.19497666666666,0.9884996666666666,0.9333333333333333
none,96.8306125,0.98150875,0.9375,97.19497666666666,97.19497666666666,0.9884996666666666,0.9333333333333333
f16,96.8306125,0.98150875,0.9375,97.19497666666666,97.19497666666666,0.9884996666666666,0.9333333333333333
