model,testScore,testavgFB,testG,default,trainScore,trainavgFB,trainG
original,96.7303375,0.9800762500000001,0.9375,97.15618500000002,97.15618500000002,0.9879455000000003,0.9333333333333333
none,96.7303375,0.9800762500000001,0.9375,97.15618500000002,97.15618500000002,0.9879455000000003,0.9333333333333333
f16,96.7303375,0.9800762500000001,0.9375,97.15618500000002,97.15618500000002,0.9879455000000003,0.9333333333333333
