model,testScore,testavgFB,testG,default,trainScore,trainavgFB,trainG
original,96.80865,0.981195,0.9375,95.91043833333335,95.91043833333335,0.9844348333333335,0.9
none,96.80865,0.981195,0.9375,95.91043833333335,95.91043833333335,0.9844348333333335,0.9
f16,96.80865,0.981195,0.9375,95.91043833333335,95.91043833333335,0.9844348333333335,0.9
