model,testScore,testavgFB,testG,default,trainScore,trainavgFB,trainG
original,96.69844375,0.979620625,0.9375,96.59534333333333,96.59534333333333,0.9870763333333332,0.9166666666666666
none,96.69844375,0.979620625,0.9375,96.59534333333333,96.59534333333333,0.9870763333333332,0.9166666666666666
f16,96.69844375,0.979620625,0.9375,96.59534333333333,96.59534333333333,0.9870763333333332,0.9166666666666666
