model,testScore,testavgFB,testG,default,trainScore,trainavgFB,trainG
original,96.83494375000001,0.981570625,0.9375,97.14336333333333,97.14336333333333,0.9877623333333333,0.9333333333333333
none,96.83494375000001,0.981570625,0.9375,97.14336333333333,97.14336333333333,0.9877623333333333,0.9333333333333333
f16,96.83494375000001,0.981570625,0.9375,97.14336333333333,97.14336333333333,0.9877623333333333,0.9333333333333333
