model,testScore,testavgFB,testG,default,trainScore,trainavgFB,trainG
original,96.75400625,0.980414375,0.9375,96.45047833333334,96.45047833333334,0.9850068333333333,0.9166666666666666
none,96.75400625,0.980414375,0.9375,96.45047833333334,96.45047833333334,0.9850068333333333,0.9166666666666666
f16,96.75400625,0.980414375,0.9375,96.45047833333334,96.45047833333334,0.9850068333333333,0.9166666666666666
