model,testScore,testavgFB,testG,default,trainScore,trainavgFB,trainG
original,96.92008125000001,0.9827868750000001,0.9375,96.25991333333334,96.25991333333334,0.9894273333333334,0.9
none,96.92008125000001,0.9827868750000001,0.9375,96.25991333333334,96.25991333333334,0.9894273333333334,0.9
f16,96.92008125000001,0.9827868750000001,0.9375,96.25991333333334,96.25991333333334,0.9894273333333334,0.9
