model,testScore,testavgFB,testG,default,trainScore,trainavgFB,trainG
original,96.78953125000001,0.980921875,0.9375,96.04065,96.04065,0.9862949999999999,0.9
none,96.78953125000001,0.980921875,0.9375,96.04065,96.04065,0.9862949999999999,0.9
f16,96.78953125000001,0.980921875,0.9375,96.04065,96.04065,0.9862949999999999,0.9
