model,testScore,testavgFB,testG,default,trainScore,trainavgFB,trainG
original,96.79819375,0.981045625,0.9375,96.63744833333334,96.63744833333334,0.9876778333333334,0.9166666666666666
none,96.79819375,0.981045625,0.9375,96.63744833333334,96.63744833333334,0.9876778333333334,0.9166666666666666
f16,96.79819375,0.981045625,0.9375,96.63744833333334,96.63744833333334,0.9876778333333334,0.9166666666666666
