model,testScore,testavgFB,testG,default,trainScore,trainavgFB,trainG
original,96.80865,0.981195,0.9375,95.77893166666667,95.77893166666667,0.9825561666666667,0.9
none,96.80865,0.981195,0.9375,95.77893166666667,95.77893166666667,0.9825561666666667,0.9
f16,96.80865,0.981195,0.9375,95.77641166666668,95.77641166666668,0.9825201666666667,0.9
