model,testScore,testavgFB,testG,default,trainScore,trainavgFB,trainG
original,96.76735000000001,0.9806050000000001,0.9375,96.39965833333332,96.39965833333332,0.9842808333333332,0.9166666666666666
none,96.76735000000001,0.9806050000000001,0.9375,96.39965833333332,96.39965833333332,0.9842808333333332,0.9166666666666666
f16,96.76735000000001,0.9806050000000001,0.9375,96.39965833333332,96.39965833333332,0.9842808333333332,0.9166666666666666
