model,testScore,testavgFB,testG,default,trainScore,trainavgFB,trainG
original,96.747925,0.9803275,0.9375,97.29684999999999,97.29684999999999,0.9899549999999999,0.9333333333333333
none,96.747925,0.9803275,0.9375,97.29684999999999,97.29684999999999,0.9899549999999999,0.9333333333333333
f16,96.747925,0.9803275,0.9375,97.29684999999999,97.29684999999999,0.9899549999999999,0.9333333333333333
