model,testScore,testavgFB,testG,default,trainScore,trainavgFB,trainG
original,96.80865,0.981195,0.9375,95.35754166666666,95.35754166666666,0.9836791666666665,0.8833333333333333
none,96.80865,0.981195,0.9375,95.35754166666666,95.35754166666666,0.9836791666666665,0.8833333333333333
f16,96.80865,0.981195,0.9375,95.35754166666666,95.35754166666666,0.9836791666666665,0.8833333333333333
