model,testScore,testavgFB,testG,default,trainScore,trainavgFB,trainG
original,96.911375,0.9826625000000001,0.9375,96.24161999999998,96.24161999999998,0.9891659999999998,0.9
none,96.911375,0.9826625000000001,0.9375,96.24161999999998,96.24161999999998,0.9891659999999998,0.9
f16,96.911375,0.9826625000000001,0.9375,96.24093166666665,96.24093166666665,0.9891561666666665,0.9
