model,testScore,testavgFB,testG,default,trainScore,trainavgFB,trainG
original,96.90529375,0.982575625,0.9375,96.57329333333334,96.57329333333334,0.9867613333333334,0.9166666666666666
none,96.90529375,0.982575625,0.9375,96.57329333333334,96.57329333333334,0.9867613333333334,0.9166666666666666
f16,96.90529375,0.982575625,0.9375,96.57329333333334,96.57329333333334,0.9867613333333334,0.9166666666666666
