model,testScore,testavgFB,testG,default,trainScore,trainavgFB,trainG
original,96.82129375,0.981375625,0.9375,97.11382333333334,97.11382333333334,0.9873403333333334,0.9333333333333333
none,96.82129375,0.981375625,0.9375,97.11382333333334,97.11382333333334,0.9873403333333334,0.9333333333333333
f16,96.82129375,0.981375625,0.9375,97.11382333333334,97.11382333333334,0.9873403333333334,0.9333333333333333
