model,testScore,testavgFB,testG,default,trainScore,trainavgFB,trainG
original,96.8437375,0.98169625,0.9375,96.15100500000001,96.15100500000001,0.9878715000000001,0.9
none,96.8437375,0.98169625,0.9375,96.15100500000001,96.15100500000001,0.9878715000000001,0.9
f16,96.8437375,0.98169625,0.9375,96.15100500000001,96.15100500000001,0.9878715000000001,0.9
