model,testScore,testavgFB,testG,default,trainScore,trainavgFB,trainG
original,96.9107625,0.98265375,0.9375,96.75369500000001,96.75369500000001,0.9893385000000001,0.9166666666666666
none,96.9107625,0.98265375,0.9375,96.75369500000001,96.75369500000001,0.9893385000000001,0.9166666666666666
f16,96.9107625,0.98265375,0.9375,96.75369500000001,96.75369500000001,0.9893385000000001,0.9166666666666666
