model,testScore,testavgFB,testG,default,trainScore,trainavgFB,trainG
original,96.7949125,0.98099875,0.9375,96.45788666666667,96.45788666666667,0.9851126666666666,0.9166666666666666
none,96.7949125,0.98099875,0.9375,96.45788666666667,96.45788666666667,0.9851126666666666,0.9166666666666666
f16,96.7949125,0.98099875,0.9375,96.45788666666667,96.45788666666667,0.9851126666666666,0.9166666666666666
