model,testScore,testavgFB,testG,default,trainScore,trainavgFB,trainG
original,96.86075625000001,0.9819393750000001,0.9375,96.09720999999999,96.09720999999999,0.987103,0.9
none,96.86075625000001,0.9819393750000001,0.9375,96.09720999999999,96.09720999999999,0.987103,0.9
f16,96.86075625000001,0.9819393750000001,0.9375,96.09720999999999,96.09720999999999,0.987103,0.9
