model,testScore,testavgFB,testG,default,trainScore,trainavgFB,trainG
original,96.53608750000001,0.97730125,0.9375,97.23871499999998,97.23871499999998,0.9891244999999999,0.9333333333333333
none,96.53608750000001,0.97730125,0.9375,97.23871499999998,97.23871499999998,0.9891244999999999,0.9333333333333333
f16,96.53608750000001,0.97730125,0.9375,97.23871499999998,97.23871499999998,0.9891244999999999,0.9333333333333333
