model,testScore,testavgFB,testG,default,trainScore,trainavgFB,trainG
original,96.8670125,0.9820287500000001,0.9375,97.17142166666667,97.17142166666667,0.9881631666666667,0.9333333333333333
none,96.8670125,0.9820287500000001,0.9375,97.17142166666667,97.17142166666667,0.9881631666666667,0.9333333333333333
f16,96.8670125,0.9820287500000001,0.9375,97.17142166666667,97.17142166666667,0.9881631666666667,0.9333333333333333
