model,testScore,testavgFB,testG,default,trainScore,trainavgFB,trainG
original,96.83923125,0.981631875,0.9375,97.16235666666668,97.16235666666668,0.9880336666666668,0.9333333333333333
none,96.83923125,0.981631875,0.9375,97.16235666666668,97.16235666666668,0.9880336666666668,0.9333333333333333
f16,96.83923125,0.981631875,0.9375,97.16235666666668,97.16235666666668,0.9880336666666668,0.9333333333333333
