model,testScore,testavgFB,testG,default,trainScore,trainavgFB,trainG
original,96.79924375,0.981060625,0.9375,94.695165,94.695165,0.9813594999999999,0.8666666666666667
none,96.79924375,0.981060625,0.9375,94.695165,94.695165,0.9813594999999999,0.8666666666666667
f16,96.79924375,0.981060625,0.9375,94.69686833333333,94.69686833333333,0.9813838333333333,0.8666666666666667
