model,testScore,testavgFB,testG,default,trainScore,trainavgFB,trainG
original,96.82610625000001,0.981444375,0.9375,96.63868500000001,96.63868500000001,0.9876955000000002,0.9166666666666666
none,96.82610625000001,0.981444375,0.9375,96.63868500000001,96.63868500000001,0.9876955000000002,0.9166666666666666
f16,96.82610625000001,0.981444375,0.9375,96.63868500000001,96.63868500000001,0.9876955000000002,0.9166666666666666
