model,testScore,testavgFB,testG,default,trainScore,trainavgFB,trainG
original,96.7634125,0.98054875,0.9375,95.64042500000002,95.64042500000002,0.9805775000000002,0.9
none,96.7634125,0.98054875,0.9375,95.64042500000002,95.64042500000002,0.9805775000000002,0.9
f16,96.7634125,0.98054875,0.9375,95.64042500000002,95.64042500000002,0.9805775000000002,0.9
