model,testScore,testavgFB,testG,default,trainScore,trainavgFB,trainG
original,96.84693125,0.981741875,0.9375,96.72959166666666,96.72959166666666,0.9889941666666666,0.9166666666666666
none,96.84693125,0.981741875,0.9375,96.72959166666666,96.72959166666666,0.9889941666666666,0.9166666666666666
f16,96.84693125,0.981741875,0.9375,96.72959166666666,96.72959166666666,0.9889941666666666,0.9166666666666666
