model,testScore,testavgFB,testG,default,trainScore,trainavgFB,trainG
original,96.86303125,0.981971875,0.9375,96.65396833333332,96.65396833333332,0.9879138333333333,0.9166666666666666
none,96.86303125,0.981971875,0.9375,96.65396833333332,96.65396833333332,0.9879138333333333,0.9166666666666666
f16,96.86303125,0.981971875,0.9375,96.64914999999999,96.64914999999999,0.987845,0.9166666666666666
