model,testScore,testavgFB,testG,default,trainScore,trainavgFB,trainG
original,96.8286875,0.9814812500000001,0.9375,97.18691500000001,97.18691500000001,0.9883845000000001,0.9333333333333333
none,96.8286875,0.9814812500000001,0.9375,97.18691500000001,97.18691500000001,0.9883845000000001,0.9333333333333333
f16,96.8286875,0.9814812500000001,0.9375,97.18691500000001,97.18691500000001,0.9883845000000001,0.9333333333333333
