model,testScore,testavgFB,testG,default,trainScore,trainavgFB,trainG
original,96.7936875,0.98098125,0.9375,96.27419333333333,96.27419333333333,0.9896313333333333,0.9
none,96.7936875,0.98098125,0.9375,96.27419333333333,96.27419333333333,0.9896313333333333,0.9
f16,96.7936875,0.98098125,0.9375,96.273575,96.273575,0.9896225,0.9
