model,testScore,testavgFB,testG,default,trainScore,trainavgFB,trainG
original,96.85305625000001,0.9818293750000001,0.9375,97.28549833333334,97.28549833333334,0.9897928333333333,0.9333333333333333
none,96.85305625000001,0.9818293750000001,0.9375,97.28549833333334,97.28549833333334,0.9897928333333333,0.9333333333333333
f16,96.85305625000001,0.9818293750000001,0.9375,97.28168333333333,97.28168333333333,0.9897383333333334,0.9333333333333333
