model,testScore,testavgFB,testG,default,trainScore,trainavgFB,trainG
original,96.78498125,0.980856875,0.9375,97.19053166666667,97.19053166666667,0.9884361666666668,0.9333333333333333
none,96.78498125,0.980856875,0.9375,97.19053166666667,97.19053166666667,0.9884361666666668,0.9333333333333333
f16,96.78498125,0.980856875,0.9375,97.19053166666667,97.19053166666667,0.9884361666666668,0.9333333333333333
