model,testScore,testavgFB,testG,default,trainScore,trainavgFB,trainG
original,96.78953125000001,0.980921875,0.9375,97.15506500000002,97.15506500000002,0.9879295000000002,0.9333333333333333
none,96.78953125000001,0.980921875,0.9375,97.15506500000002,97.15506500000002,0.9879295000000002,0.9333333333333333
f16,96.767,0.9806,0.9375,97.15506500000002,97.15506500000002,0.9879295000000002,0.9333333333333333
