model,testScore,testavgFB,testG,default,trainScore,trainavgFB,trainG
original,96.72198125,0.979956875,0.9375,95.76356666666668,95.76356666666668,0.9823366666666669,0.9
none,96.72198125,0.979956875,0.9375,95.76356666666668,95.76356666666668,0.9823366666666669,0.9
f16,96.72198125,0.979956875,0.9375,95.76356666666668,95.76356666666668,0.9823366666666669,0.9
