model,testScore,testavgFB,testG,default,trainScore,trainavgFB,trainG
original,96.690875,0.9795125,0.9375,95.814935,95.814935,0.9830705000000001,0.9
none,96.690875,0.9795125,0.9375,95.814935,95.814935,0.9830705000000001,0.9
f16,96.690875,0.9795125,0.9375,95.814935,95.814935,0.9830705000000001,0.9
