model,testScore,testavgFB,testG,default,trainScore,trainavgFB,trainG
original,96.84001875,0.981643125,0.9375,96.46534166666667,96.46534166666667,0.9852191666666669,0.9166666666666666
none,96.84001875,0.981643125,0.9375,96.46534166666667,96.46534166666667,0.9852191666666669,0.9166666666666666
f16,96.84001875,0.981643125,0.9375,96.46345166666669,96.46345166666669,0.9851921666666669,0.9166666666666666
