model,testScore,testavgFB,testG,default,trainScore,trainavgFB,trainG
original,96.8344625,0.9815637500000001,0.9375,96.72092333333333,96.72092333333333,0.9888703333333333,0.9166666666666666
none,96.8344625,0.9815637500000001,0.9375,96.72092333333333,96.72092333333333,0.9888703333333333,0.9166666666666666
f16,96.8344625,0.9815637500000001,0.9375,96.72092333333333,96.72092333333333,0.9888703333333333,0.9166666666666666
