model,testScore,testavgFB,testG,default,trainScore,trainavgFB,trainG
original,96.70850625,0.979764375,0.9375,95.26805833333334,95.26805833333334,0.9824008333333334,0.8833333333333333
none,96.70850625,0.979764375,0.9375,95.26805833333334,95.26805833333334,0.9824008333333334,0.8833333333333333
f16,96.70850625,0.979764375,0.9375,95.26937666666667,95.26937666666667,0.9824196666666668,0.8833333333333333
