model,testScore,testavgFB,testG,default,trainScore,trainavgFB,trainG
original,96.91649375,0.982735625,0.9375,97.19890833333334,97.19890833333334,0.9885558333333334,0.9333333333333333
none,96.91649375,0.982735625,0.9375,97.19890833333334,97.19890833333334,0.9885558333333334,0.9333333333333333
f16,96.91649375,0.982735625,0.9375,97.19801000000001,97.19801000000001,0.9885430000000001,0.9333333333333333
