model,testScore,testavgFB,testG,default,trainScore,trainavgFB,trainG
original,96.8344625,0.9815637500000001,0.9375,97.204625,97.204625,0.9886375,0.9333333333333333
none,96.8344625,0.9815637500000001,0.9375,97.204625,97.204625,0.9886375,0.9333333333333333
f16,96.8344625,0.9815637500000001,0.9375,97.204625,97.204625,0.9886375,0.9333333333333333
