model,testScore,testavgFB,testG,default,trainScore,trainavgFB,trainG
original,96.82610625000001,0.981444375,0.9375,97.33938666666667,97.33938666666667,0.9905626666666667,0.9333333333333333
none,96.82610625000001,0.981444375,0.9375,97.33938666666667,97.33938666666667,0.9905626666666667,0.9333333333333333
f16,96.82610625000001,0.981444375,0.9375,97.33402000000001,97.33402000000001,0.9904860000000001,0.9333333333333333
