model,testScore,testavgFB,testG,default,trainScore,trainavgFB,trainG
original,96.83993125,0.981641875,0.9375,96.59010500000001,96.59010500000001,0.9870015000000002,0.9166666666666666
none,96.83993125,0.981641875,0.9375,96.59010500000001,96.59010500000001,0.9870015000000002,0.9166666666666666
f16,96.83993125,0.981641875,0.9375,96.59010500000001,96.59010500000001,0.9870015000000002,0.9166666666666666
