model,testScore,testavgFB,testG,default,trainScore,trainavgFB,trainG
original,96.6837875,0.97941125,0.9375,96.71489166666667,96.71489166666667,0.9887841666666668,0.9166666666666666
none,96.6837875,0.97941125,0.9375,96.71489166666667,96.71489166666667,0.9887841666666668,0.9166666666666666
f16,96.6837875,0.97941125,0.9375,96.71489166666667,96.71489166666667,0.9887841666666668,0.9166666666666666
