model,testScore,testavgFB,testG,default,trainScore,trainavgFB,trainG
original,96.77666875,0.980738125,0.9375,95.85387833333336,95.85387833333336,0.9836268333333336,0.9
none,96.77666875,0.980738125,0.9375,95.85387833333336,95.85387833333336,0.9836268333333336,0.9
f16,96.77666875,0.980738125,0.9375,95.85167333333334,95.85167333333334,0.9835953333333335,0.9
