model,testScore,testavgFB,testG,default,trainScore,trainavgFB,trainG
original,96.8533625,0.9818337500000001,0.9375,97.74793166666667,97.74793166666667,0.9892561666666667,0.95
none,96.8533625,0.9818337500000001,0.9375,97.74793166666667,97.74793166666667,0.9892561666666667,0.95
f16,96.8533625,0.9818337500000001,0.9375,97.24699833333334,97.24699833333334,0.9892428333333333,0.9333333333333333
