model,testScore,testavgFB,testG,default,trainScore,trainavgFB,trainG
original,96.80746875,0.981178125,0.9375,96.61826833333335,96.61826833333335,0.9874038333333335,0.9166666666666666
none,96.80746875,0.981178125,0.9375,96.61826833333335,96.61826833333335,0.9874038333333335,0.9166666666666666
f16,96.80746875,0.981178125,0.9375,96.61882833333334,96.61882833333334,0.9874118333333335,0.9166666666666666
