model,testScore,testavgFB,testG,default,trainScore,trainavgFB,trainG
original,96.86670625,0.982024375,0.9375,96.698535,96.698535,0.9885505,0.9166666666666666
none,96.86670625,0.982024375,0.9375,96.698535,96.698535,0.9885505,0.9166666666666666
f16,96.86670625,0.982024375,0.9375,96.69943333333333,96.69943333333333,0.9885633333333333,0.9166666666666666
