model,testScore,testavgFB,testG,default,trainScore,trainavgFB,trainG
original,96.76735000000001,0.9806050000000001,0.9375,94.82433833333333,94.82433833333333,0.9832048333333333,0.8666666666666667
none,96.76735000000001,0.9806050000000001,0.9375,94.82433833333333,94.82433833333333,0.9832048333333333,0.8666666666666667
f16,96.76735000000001,0.9806050000000001,0.9375,94.82433833333333,94.82433833333333,0.9832048333333333,0.8666666666666667
