model,testScore,testavgFB,testG,default,trainScore,trainavgFB,trainG
original,96.79880625,0.981054375,0.9375,97.22263833333334,97.22263833333334,0.9888948333333333,0.9333333333333333
none,96.79880625,0.981054375,0.9375,97.22263833333334,97.22263833333334,0.9888948333333333,0.9333333333333333
f16,96.79880625,0.981054375,0.9375,97.22318666666666,97.22318666666666,0.9889026666666666,0.9333333333333333
