model,testScore,testavgFB,testG,default,trainScore,trainavgFB,trainG
original,96.95061875,0.9832231250000001,0.9375,96.00002666666667,96.00002666666667,0.9857146666666666,0.9
none,96.95061875,0.9832231250000001,0.9375,96.00002666666667,96.00002666666667,0.9857146666666666,0.9
f16,96.95061875,0.9832231250000001,0.9375,96.00002666666667,96.00002666666667,0.9857146666666666,0.9
