model,testScore,testavgFB,testG,default,trainScore,trainavgFB,trainG
original,96.6351375,0.97871625,0.9375,96.76535,96.76535,0.989505,0.9166666666666666
none,96.6351375,0.97871625,0.9375,96.76535,96.76535,0.989505,0.9166666666666666
f16,96.6351375,0.97871625,0.9375,96.76535,96.76535,0.989505,0.9166666666666666
