model,testScore,testavgFB,testG,default,trainScore,trainavgFB,trainG
original,96.9014875,0.98252125,0.9375,96.71423833333334,96.71423833333334,0.9887748333333335,0.9166666666666666
none,96.9014875,0.98252125,0.9375,96.71423833333334,96.71423833333334,0.9887748333333335,0.9166666666666666
f16,96.9014875,0.98252125,0.9375,96.71423833333334,96.71423833333334,0.9887748333333335,0.9166666666666666
