model,testScore,testavgFB,testG,default,trainScore,trainavgFB,trainG
original,96.73475625,0.980139375,0.9375,96.75879333333333,96.75879333333333,0.9894113333333333,0.9166666666666666
none,96.73475625,0.980139375,0.9375,96.75879333333333,96.75879333333333,0.9894113333333333,0.9166666666666666
f16,96.73475625,0.980139375,0.9375,96.75879333333333,96.75879333333333,0.9894113333333333,0.9166666666666666
