model,testScore,testavgFB,testG,default,trainScore,trainavgFB,trainG
original,96.4074625,0.97546375,0.9375,97.30585666666666,97.30585666666666,0.9900836666666666,0.9333333333333333
none,96.4074625,0.97546375,0.9375,97.30585666666666,97.30585666666666,0.9900836666666666,0.9333333333333333
f16,96.4074625,0.97546375,0.9375,97.30585666666666,97.30585666666666,0.9900836666666666,0.9333333333333333
