model,testScore,testavgFB,testG,default,trainScore,trainavgFB,trainG
original,96.9634375,0.98340625,0.9375,96.03339333333335,96.03339333333335,0.9861913333333335,0.9
none,96.9634375,0.98340625,0.9375,96.03339333333335,96.03339333333335,0.9861913333333335,0.9
f16,96.9634375,0.98340625,0.9375,96.03339333333335,96.03339333333335,0.9861913333333335,0.9
