model,testScore,testavgFB,testG,default,trainScore,trainavgFB,trainG
original,96.61571250000001,0.9784387500000001,0.9375,96.64178833333332,96.64178833333332,0.9877398333333333,0.9166666666666666
none,96.61571250000001,0.9784387500000001,0.9375,96.64178833333332,96.64178833333332,0.9877398333333333,0.9166666666666666
f16,96.61571250000001,0.9784387500000001,0.9375,96.64178833333332,96.64178833333332,0.9877398333333333,0.9166666666666666
