model,testScore,testavgFB,testG,default,trainScore,trainavgFB,trainG
original,96.73129999999999,0.9800899999999999,0.9375,94.88751500000001,94.88751500000001,0.9769645,0.8833333333333333
none,96.73129999999999,0.9800899999999999,0.9375,94.88751500000001,94.88751500000001,0.9769645,0.8833333333333333
f16,96.73129999999999,0.9800899999999999,0.9375,94.88751500000001,94.88751500000001,0.9769645,0.8833333333333333
