model,testScore,testavgFB,testG,default,trainScore,trainavgFB,trainG
original,96.9119875,0.98267125,0.9375,97.30442166666666,97.30442166666666,0.9900631666666666,0.9333333333333333
none,96.9119875,0.98267125,0.9375,97.30442166666666,97.30442166666666,0.9900631666666666,0.9333333333333333
f16,96.9119875,0.98267125,0.9375,97.30442166666666,97.30442166666666,0.9900631666666666,0.9333333333333333
