model,testScore,testavgFB,testG,default,trainScore,trainavgFB,trainG
original,96.6305,0.97865,0.9375,96.75641333333333,96.75641333333333,0.9893773333333333,0.9166666666666666
none,96.6305,0.97865,0.9375,96.75641333333333,96.75641333333333,0.9893773333333333,0.9166666666666666
f16,96.6305,0.97865,0.9375,96.75641333333333,96.75641333333333,0.9893773333333333,0.9166666666666666
