model,testScore,testavgFB,testG,default,trainScore,trainavgFB,trainG
original,96.87178125000001,0.9820968750000001,0.9375,97.28344500000001,97.28344500000001,0.9897635000000001,0.9333333333333333
none,96.87178125000001,0.9820968750000001,0.9375,97.28344500000001,97.28344500000001,0.9897635000000001,0.9333333333333333
f16,96.87178125000001,0.9820968750000001,0.9375,97.28344500000001,97.28344500000001,0.9897635000000001,0.9333333333333333
