model,testScore,testavgFB,testG,default,trainScore,trainavgFB,trainG
original,96.86075625000001,0.9819393750000001,0.9375,96.81657833333333,96.81657833333333,0.9902368333333331,0.9166666666666666
none,96.86075625000001,0.9819393750000001,0.9375,96.81657833333333,96.81657833333333,0.9902368333333331,0.9166666666666666
f16,96.86075625000001,0.9819393750000001,0.9375,96.81657833333333,96.81657833333333,0.9902368333333331,0.9166666666666666
