model,testScore,testavgFB,testG,default,trainScore,trainavgFB,trainG
original,96.79924375,0.981060625,0.9375,94.97321833333334,94.97321833333334,0.9781888333333334,0.8833333333333333
none,96.79924375,0.981060625,0.9375,94.97321833333334,94.97321833333334,0.9781888333333334,0.8833333333333333
f16,96.79924375,0.981060625,0.9375,94.97321833333334,94.97321833333334,0.9781888333333334,0.8833333333333333
