model,testScore,testavgFB,testG,default,trainScore,trainavgFB,trainG
original,96.8344625,0.9815637500000001,0.9375,96.61888666666668,96.61888666666668,0.9874126666666668,0.9166666666666666
none,96.8344625,0.9815637500000001,0.9375,96.61888666666668,96.61888666666668,0.9874126666666668,0.9166666666666666
f16,96.8344625,0.9815637500000001,0.9375,96.62218833333334,96.62218833333334,0.9874598333333335,0.9166666666666666
