model,testScore,testavgFB,testG,default,trainScore,trainavgFB,trainG
original,96.7312125,0.9800887500000001,0.9375,96.73400166666667,96.73400166666667,0.9890571666666667,0.9166666666666666
none,96.7312125,0.9800887500000001,0.9375,96.73400166666667,96.73400166666667,0.9890571666666667,0.9166666666666666
f16,96.7312125,0.9800887500000001,0.9375,96.73400166666667,96.73400166666667,0.9890571666666667,0.9166666666666666
