model,testScore,testavgFB,testG,default,trainScore,trainavgFB,trainG
original,96.77666875,0.980738125,0.9375,96.44429500000001,96.44429500000001,0.9849185000000001,0.9166666666666666
none,96.77666875,0.980738125,0.9375,96.44429500000001,96.44429500000001,0.9849185000000001,0.9166666666666666
f16,96.77666875,0.980738125,0.9375,96.44224166666667,96.44224166666667,0.9848891666666667,0.9166666666666666
