model,testScore,testavgFB,testG,default,trainScore,trainavgFB,trainG
original,96.7999,0.98107,0.9375,96.67276333333334,96.67276333333334,0.9881823333333334,0.9166666666666666
none,96.7999,0.98107,0.9375,96.67276333333334,96.67276333333334,0.9881823333333334,0.9166666666666666
f16,96.7999,0.98107,0.9375,96.67183000000001,96.67183000000001,0.9881690000000002,0.9166666666666666
