model,testScore,testavgFB,testG,default,trainScore,trainavgFB,trainG
original,96.87545625000001,0.9821493750000001,0.9375,96.64889333333333,96.64889333333333,0.9878413333333333,0.9166666666666666
none,96.87545625000001,0.9821493750000001,0.9375,96.64889333333333,96.64889333333333,0.9878413333333333,0.9166666666666666
f16,96.87545625000001,0.9821493750000001,0.9375,96.64889333333333,96.64889333333333,0.9878413333333333,0.9166666666666666
