model,testScore,testavgFB,testG,default,trainScore,trainavgFB,trainG
original,96.6668125,0.9791687500000001,0.9375,96.57652499999999,96.57652499999999,0.9868075,0.9166666666666666
none,96.6668125,0.9791687500000001,0.9375,96.57652499999999,96.57652499999999,0.9868075,0.9166666666666666
f16,96.6668125,0.9791687500000001,0.9375,96.57652499999999,96.57652499999999,0.9868075,0.9166666666666666
