model,testScore,testavgFB,testG,default,trainScore,trainavgFB,trainG
original,96.79880625,0.981054375,0.9375,97.18392833333334,97.18392833333334,0.9883418333333334,0.9333333333333333
none,96.79880625,0.981054375,0.9375,97.18392833333334,97.18392833333334,0.9883418333333334,0.9333333333333333
f16,96.79880625,0.981054375,0.9375,97.18772,97.18772,0.9883959999999999,0.9333333333333333
