model,testScore,testavgFB,testG,default,trainScore,trainavgFB,trainG
original,96.84763125,0.981751875,0.9375,95.96379,95.96379,0.9851970000000001,0.9
none,96.84763125,0.981751875,0.9375,95.96379,95.96379,0.9851970000000001,0.9
f16,96.84763125,0.981751875,0.9375,95.96312500000002,95.96312500000002,0.9851875000000002,0.9
