model,testScore,testavgFB,testG,default,trainScore,trainavgFB,trainG
original,96.7537,0.98041,0.9375,96.80542499999999,96.80542499999999,0.9900774999999998,0.9166666666666666
none,96.7537,0.98041,0.9375,96.80542499999999,96.80542499999999,0.9900774999999998,0.9166666666666666
f16,96.7537,0.98041,0.9375,96.80542499999999,96.80542499999999,0.9900774999999998,0.9166666666666666
