model,testScore,testavgFB,testG,default,trainScore,trainavgFB,trainG
original,96.59943750000001,0.97820625,0.9375,96.66878500000001,96.66878500000001,0.9881255000000001,0.9166666666666666
none,96.59943750000001,0.97820625,0.9375,96.66878500000001,96.66878500000001,0.9881255000000001,0.9166666666666666
f16,96.59943750000001,0.97820625,0.9375,96.67111833333334,96.67111833333334,0.9881588333333334,0.9166666666666666
