model,testScore,testavgFB,testG,default,trainScore,trainavgFB,trainG
original,96.78804375,0.980900625,0.9375,94.21816166666667,94.21816166666667,0.9745451666666667,0.8666666666666667
none,96.78804375,0.980900625,0.9375,94.21816166666667,94.21816166666667,0.9745451666666667,0.8666666666666667
f16,96.78804375,0.980900625,0.9375,94.21816166666667,94.21816166666667,0.9745451666666667,0.8666666666666667
