model,testScore,testavgFB,testG,default,trainScore,trainavgFB,trainG
original,96.9198625,0.98278375,0.9375,97.32293666666668,97.32293666666668,0.9903276666666668,0.9333333333333333
none,96.9198625,0.98278375,0.9375,97.32293666666668,97.32293666666668,0.9903276666666668,0.9333333333333333
f16,96.9198625,0.98278375,0.9375,97.32293666666668,97.32293666666668,0.9903276666666668,0.9333333333333333
