model,testScore,testavgFB,testG,default,trainScore,trainavgFB,trainG
original,96.79924375,0.981060625,0.9375,95.288825,95.288825,0.9826975000000001,0.8833333333333333
none,96.79924375,0.981060625,0.9375,95.288825,95.288825,0.9826975000000001,0.8833333333333333
f16,96.79924375,0.981060625,0.9375,95.28779833333334,95.28779833333334,0.9826828333333335,0.8833333333333333
