model,testScore,testavgFB,testG,default,trainScore,trainavgFB,trainG
original,96.63071875,0.978653125,0.9375,96.68212000000003,96.68212000000003,0.9883160000000003,0.9166666666666666
none,96.63071875,0.978653125,0.9375,96.68212000000003,96.68212000000003,0.9883160000000003,0.9166666666666666
f16,96.63071875,0.978653125,0.9375,96.68277333333336,96.68277333333336,0.9883253333333336,0.9166666666666666
