model,testScore,testavgFB,testG,default,trainScore,trainavgFB,trainG
original,96.88844999999999,0.982335,0.9375,96.17884166666668,96.17884166666668,0.9882691666666669,0.9
none,96.88844999999999,0.982335,0.9375,96.17884166666668,96.17884166666668,0.9882691666666669,0.9
f16,96.88844999999999,0.982335,0.9375,96.17884166666668,96.17884166666668,0.9882691666666669,0.9
