model,testScore,testavgFB,testG,default,trainScore,trainavgFB,trainG
original,96.9070875,0.98260125,0.9375,96.12334333333334,96.12334333333334,0.9874763333333334,0.9
none,96.9070875,0.98260125,0.9375,96.12334333333334,96.12334333333334,0.9874763333333334,0.9
f16,96.9070875,0.98260125,0.9375,96.12334333333334,96.12334333333334,0.9874763333333334,0.9
