model,testScore,testavgFB,testG,default,trainScore,trainavgFB,trainG
original,96.74875625,0.980339375,0.9375,95.240315,95.240315,0.9820044999999998,0.8833333333333333
none,96.74875625,0.980339375,0.9375,95.240315,95.240315,0.9820044999999998,0.8833333333333333
f16,96.74875625,0.980339375,0.9375,95.240315,95.240315,0.9820044999999998,0.8833333333333333
