model,testScore,testavgFB,testG,default,trainScore,trainavgFB,trainG
original,96.82461875,0.9814231250000001,0.9375,96.72930000000002,96.72930000000002,0.9889900000000004,0.9166666666666666
none,96.82461875,0.9814231250000001,0.9375,96.72930000000002,96.72930000000002,0.9889900000000004,0.9166666666666666
f16,96.82461875,0.9814231250000001,0.9375,96.72843666666668,96.72843666666668,0.9889776666666669,0.9166666666666666
