model,testScore,testavgFB,testG,default,trainScore,trainavgFB,trainG
original,96.7529125,0.98039875,0.9375,95.76970333333333,95.76970333333333,0.9824243333333332,0.9
none,96.7529125,0.98039875,0.9375,95.76970333333333,95.76970333333333,0.9824243333333332,0.9
f16,96.7529125,0.98039875,0.9375,95.76878166666667,95.76878166666667,0.9824111666666666,0.9
