model,testScore,testavgFB,testG,default,trainScore,trainavgFB,trainG
original,96.69918750000001,0.9796312500000001,0.9375,95.84951500000001,95.84951500000001,0.9835645000000002,0.9
none,96.69918750000001,0.9796312500000001,0.9375,95.84951500000001,95.84951500000001,0.9835645000000002,0.9
f16,96.69918750000001,0.9796312500000001,0.9375,95.84951500000001,95.84951500000001,0.9835645000000002,0.9
