model,testScore,testavgFB,testG,default,trainScore,trainavgFB,trainG
original,96.79088750000001,0.9809412500000001,0.9375,96.06967666666667,96.06967666666667,0.9867096666666667,0.9
none,96.79088750000001,0.9809412500000001,0.9375,96.06967666666667,96.06967666666667,0.9867096666666667,0.9
f16,96.79088750000001,0.9809412500000001,0.9375,96.06967666666667,96.06967666666667,0.9867096666666667,0.9
