model,testScore,testavgFB,testG,default,trainScore,trainavgFB,trainG
original,96.86613750000001,0.98201625,0.9375,96.247325,96.247325,0.9892475000000001,0.9
none,96.86613750000001,0.98201625,0.9375,96.247325,96.247325,0.9892475000000001,0.9
f16,96.86613750000001,0.98201625,0.9375,96.247325,96.247325,0.9892475000000001,0.9
