model,testScore,testavgFB,testG,default,trainScore,trainavgFB,trainG
original,96.81201875,0.981243125,0.9375,97.21385333333335,97.21385333333335,0.9887693333333335,0.9333333333333333
none,96.81201875,0.981243125,0.9375,97.21385333333335,97.21385333333335,0.9887693333333335,0.9333333333333333
f16,96.81201875,0.981243125,0.9375,97.21441333333334,97.21441333333334,0.9887773333333335,0.9333333333333333
