model,testScore,testavgFB,testG,default,trainScore,trainavgFB,trainG
original,96.7572875,0.9804612500000001,0.9375,95.97535166666668,95.97535166666668,0.9853621666666669,0.9
none,96.7572875,0.9804612500000001,0.9375,95.97535166666668,95.97535166666668,0.9853621666666669,0.9
f16,96.7572875,0.9804612500000001,0.9375,95.97535166666668,95.97535166666668,0.9853621666666669,0.9
