model,testScore,testavgFB,testG,default,trainScore,trainavgFB,trainG
original,96.84614375000001,0.9817306250000001,0.9375,96.64651333333333,96.64651333333333,0.9878073333333333,0.9166666666666666
none,96.84614375000001,0.9817306250000001,0.9375,96.64651333333333,96.64651333333333,0.9878073333333333,0.9166666666666666
f16,96.84614375000001,0.9817306250000001,0.9375,96.64651333333333,96.64651333333333,0.9878073333333333,0.9166666666666666
