model,testScore,testavgFB,testG,default,trainScore,trainavgFB,trainG
original,96.8306125,0.98150875,0.9375,96.19434666666666,96.19434666666666,0.9884906666666666,0.9
none,96.8306125,0.98150875,0.9375,96.19434666666666,96.19434666666666,0.9884906666666666,0.9
f16,96.8306125,0.98150875,0.9375,96.19434666666666,96.19434666666666,0.9884906666666666,0.9
