model,testScore,testavgFB,testG,default,trainScore,trainavgFB,trainG
original,96.8167875,0.9813112500000001,0.9375,96.66240333333334,96.66240333333334,0.9880343333333335,0.9166666666666666
none,96.8167875,0.9813112500000001,0.9375,96.66240333333334,96.66240333333334,0.9880343333333335,0.9166666666666666
f16,96.8167875,0.9813112500000001,0.9375,96.66479500000001,96.66479500000001,0.9880685000000001,0.9166666666666666
