model,testScore,testavgFB,testG,default,trainScore,trainavgFB,trainG
original,96.879175,0.9822025,0.9375,96.14731833333333,96.14731833333333,0.9878188333333333,0.9
none,96.879175,0.9822025,0.9375,96.14731833333333,96.14731833333333,0.9878188333333333,0.9
f16,96.879175,0.9822025,0.9375,96.14731833333333,96.14731833333333,0.9878188333333333,0.9
