model,testScore,testavgFB,testG,default,trainScore,trainavgFB,trainG
original,96.83879375,0.981625625,0.9375,97.22603333333333,97.22603333333333,0.9889433333333334,0.9333333333333333
none,96.83879375,0.981625625,0.9375,97.22603333333333,97.22603333333333,0.9889433333333334,0.9333333333333333
f16,96.83879375,0.981625625,0.9375,97.22603333333333,97.22603333333333,0.9889433333333334,0.9333333333333333
