model,testScore,testavgFB,testG,default,trainScore,trainavgFB,trainG
original,96.75776875,0.980468125,0.9375,97.39971500000001,97.39971500000001,0.9914245000000002,0.9333333333333333
none,96.75776875,0.980468125,0.9375,97.39971500000001,97.39971500000001,0.9914245000000002,0.9333333333333333
f16,96.75776875,0.980468125,0.9375,97.39971500000001,97.39971500000001,0.9914245000000002,0.9333333333333333
