model,testScore,testavgFB,testG,default,trainScore,trainavgFB,trainG
original,96.86924375000001,0.9820606250000001,0.9375,97.16270666666667,97.16270666666667,0.9880386666666667,0.9333333333333333
none,96.86924375000001,0.9820606250000001,0.9375,97.16270666666667,97.16270666666667,0.9880386666666667,0.9333333333333333
f16,96.86924375000001,0.9820606250000001,0.9375,97.16270666666667,97.16270666666667,0.9880386666666667,0.9333333333333333
