model,testScore,testavgFB,testG,default,trainScore,trainavgFB,trainG
original,96.57979375,0.9779256249999999,0.9375,96.85423833333333,96.85423833333333,0.9907748333333333,0.9166666666666666
none,96.57979375,0.9779256249999999,0.9375,96.85423833333333,96.85423833333333,0.9907748333333333,0.9166666666666666
f16,96.57979375,0.9779256249999999,0.9375,96.85175333333333,96.85175333333333,0.9907393333333334,0.9166666666666666
