model,testScore,testavgFB,testG,default,trainScore,trainavgFB,trainG
original,96.78992500000001,0.9809275000000001,0.9375,95.84586333333334,95.84586333333334,0.9835123333333335,0.9
none,96.78992500000001,0.9809275000000001,0.9375,95.84586333333334,95.84586333333334,0.9835123333333335,0.9
f16,96.78992500000001,0.9809275000000001,0.9375,95.84586333333334,95.84586333333334,0.9835123333333335,0.9
