model,testScore,testavgFB,testG,default,trainScore,trainavgFB,trainG
original,96.78498125,0.980856875,0.9375,96.53834,96.53834,0.986262,0.9166666666666666
none,96.78498125,0.980856875,0.9375,96.53834,96.53834,0.986262,0.9166666666666666
f16,96.78498125,0.980856875,0.9375,96.53730166666666,96.53730166666666,0.9862471666666666,0.9166666666666666
