model,testScore,testavgFB,testG,default,trainScore,trainavgFB,trainG
original,96.786075,0.9808725,0.9375,94.27539833333334,94.27539833333334,0.9753628333333334,0.8666666666666667
none,96.786075,0.9808725,0.9375,94.27539833333334,94.27539833333334,0.9753628333333334,0.8666666666666667
f16,96.786075,0.9808725,0.9375,94.27539833333334,94.27539833333334,0.9753628333333334,0.8666666666666667
