model,testScore,testavgFB,testG,default,trainScore,trainavgFB,trainG
original,96.5322375,0.97724625,0.9375,90.944055,90.944055,0.9634865,0.7833333333333333
none,96.5322375,0.97724625,0.9375,90.944055,90.944055,0.9634865,0.7833333333333333
f16,96.5322375,0.97724625,0.9375,90.94769500000001,90.94769500000001,0.9635385000000001,0.7833333333333333
