model,testScore,testavgFB,testG,default,trainScore,trainavgFB,trainG
original,96.5213,0.97709,0.9375,97.04004333333333,97.04004333333333,0.9862863333333333,0.9333333333333333
none,96.5213,0.97709,0.9375,97.04004333333333,97.04004333333333,0.9862863333333333,0.9333333333333333
f16,96.5213,0.97709,0.9375,97.04004333333333,97.04004333333333,0.9862863333333333,0.9333333333333333
