model,testScore,testavgFB,testG,default,trainScore,trainavgFB,trainG
original,96.8344625,0.9815637500000001,0.9375,96.18455833333334,96.18455833333334,0.9883508333333334,0.9
none,96.8344625,0.9815637500000001,0.9375,96.18455833333334,96.18455833333334,0.9883508333333334,0.9
f16,96.8344625,0.9815637500000001,0.9375,96.186705,96.186705,0.9883815000000001,0.9
