model,testScore,testavgFB,testG,default,trainScore,trainavgFB,trainG
original,96.31025,0.9740749999999999,0.9375,96.91646999999999,96.91646999999999,0.9845209999999999,0.9333333333333333
none,96.31025,0.9740749999999999,0.9375,96.91646999999999,96.91646999999999,0.9845209999999999,0.9333333333333333
f16,96.31025,0.9740749999999999,0.9375,96.91646999999999,96.91646999999999,0.9845209999999999,0.9333333333333333
