model,testScore,testavgFB,testG,default,trainScore,trainavgFB,trainG
original,96.81201875,0.981243125,0.9375,97.30946166666666,97.30946166666666,0.9901351666666667,0.9333333333333333
none,96.81201875,0.981243125,0.9375,97.30946166666666,97.30946166666666,0.9901351666666667,0.9333333333333333
f16,96.81201875,0.981243125,0.9375,97.30946166666666,97.30946166666666,0.9901351666666667,0.9333333333333333
