model,testScore,testavgFB,testG,default,trainScore,trainavgFB,trainG
original,96.69695625,0.979599375,0.9375,96.75906166666667,96.75906166666667,0.9894151666666666,0.9166666666666666
none,96.69695625,0.979599375,0.9375,96.75906166666667,96.75906166666667,0.9894151666666666,0.9166666666666666
f16,96.69695625,0.979599375,0.9375,96.75975,96.75975,0.9894249999999999,0.9166666666666666
