model,testScore,testavgFB,testG,default,trainScore,trainavgFB,trainG
original,96.7803,0.98079,0.9375,96.772735,96.772735,0.9896105,0.9166666666666666
none,96.7803,0.98079,0.9375,96.772735,96.772735,0.9896105,0.9166666666666666
f16,96.7803,0.98079,0.9375,96.77328333333332,96.77328333333332,0.9896183333333333,0.9166666666666666
