model,testScore,testavgFB,testG,default,trainScore,trainavgFB,trainG
original,96.7172125,0.97988875,0.9375,96.60857333333334,96.60857333333334,0.9872653333333334,0.9166666666666666
none,96.7172125,0.97988875,0.9375,96.60857333333334,96.60857333333334,0.9872653333333334,0.9166666666666666
f16,96.7172125,0.97988875,0.9375,96.60857333333334,96.60857333333334,0.9872653333333334,0.9166666666666666
