model,testScore,testavgFB,testG,default,trainScore,trainavgFB,trainG
original,96.81604375,0.981300625,0.9375,96.62216500000001,96.62216500000001,0.9874595,0.9166666666666666
none,96.81604375,0.981300625,0.9375,96.62216500000001,96.62216500000001,0.9874595,0.9166666666666666
f16,96.81604375,0.981300625,0.9375,96.62216500000001,96.62216500000001,0.9874595,0.9166666666666666
