model,testScore,testavgFB,testG,default,trainScore,trainavgFB,trainG
original,96.81744375000001,0.9813206250000001,0.9375,97.77380833333333,97.77380833333333,0.9896258333333333,0.95
none,96.81744375000001,0.9813206250000001,0.9375,97.77380833333333,97.77380833333333,0.9896258333333333,0.95
f16,96.81744375000001,0.9813206250000001,0.9375,97.77380833333333,97.77380833333333,0.9896258333333333,0.95
