model,testScore,testavgFB,testG,default,trainScore,trainavgFB,trainG
original,96.77666875,0.980738125,0.9375,94.10005833333332,94.10005833333332,0.9800008333333332,0.85
none,96.77666875,0.980738125,0.9375,94.10005833333332,94.10005833333332,0.9800008333333332,0.85
f16,96.77666875,0.980738125,0.9375,94.10005833333332,94.10005833333332,0.9800008333333332,0.85
