model,testScore,testavgFB,testG,default,trainScore,trainavgFB,trainG
original,96.8433875,0.98169125,0.9375,96.65147166666667,96.65147166666667,0.9878781666666667,0.9166666666666666
none,96.8433875,0.98169125,0.9375,96.65147166666667,96.65147166666667,0.9878781666666667,0.9166666666666666
f16,96.8433875,0.98169125,0.9375,96.65147166666667,96.65147166666667,0.9878781666666667,0.9166666666666666
