model,testScore,testavgFB,testG,default,trainScore,trainavgFB,trainG
original,96.7889625,0.98091375,0.9375,96.61053333333335,96.61053333333335,0.9872933333333336,0.9166666666666666
none,96.7889625,0.98091375,0.9375,96.61053333333335,96.61053333333335,0.9872933333333336,0.9166666666666666
f16,96.7889625,0.98091375,0.9375,96.61348500000001,96.61348500000001,0.9873355000000001,0.9166666666666666
