model,testScore,testavgFB,testG,default,trainScore,trainavgFB,trainG
original,96.79924375,0.981060625,0.9375,95.85427500000002,95.85427500000002,0.9836325000000002,0.9
none,96.79924375,0.981060625,0.9375,95.85427500000002,95.85427500000002,0.9836325000000002,0.9
f16,96.79924375,0.981060625,0.9375,95.85427500000002,95.85427500000002,0.9836325000000002,0.9
