model,testScore,testavgFB,testG,default,trainScore,trainavgFB,trainG
original,96.905075,0.9825725,0.9375,96.19063666666666,96.19063666666666,0.9884376666666667,0.9
none,96.905075,0.9825725,0.9375,96.19063666666666,96.19063666666666,0.9884376666666667,0.9
f16,96.905075,0.9825725,0.9375,96.19063666666666,96.19063666666666,0.9884376666666667,0.9
