model,testScore,testavgFB,testG,default,trainScore,trainavgFB,trainG
original,96.77133125,0.980661875,0.9375,95.68789666666666,95.68789666666666,0.9812556666666666,0.9
none,96.77133125,0.980661875,0.9375,95.68789666666666,95.68789666666666,0.9812556666666666,0.9
f16,96.77133125,0.980661875,0.9375,95.68929666666666,95.68929666666666,0.9812756666666667,0.9
