model,testScore,testavgFB,testG,default,trainScore,trainavgFB,trainG
original,96.70028125,0.979646875,0.9375,95.79885833333334,95.79885833333334,0.9828408333333335,0.9
none,96.70028125,0.979646875,0.9375,95.79885833333334,95.79885833333334,0.9828408333333335,0.9
f16,96.70028125,0.979646875,0.9375,95.79940666666668,95.79940666666668,0.9828486666666668,0.9
