model,testScore,testavgFB,testG,default,trainScore,trainavgFB,trainG
original,96.84876875,0.981768125,0.9375,97.20414666666666,97.20414666666666,0.9886306666666665,0.9333333333333333
none,96.84876875,0.981768125,0.9375,97.20414666666666,97.20414666666666,0.9886306666666665,0.9333333333333333
f16,96.84876875,0.981768125,0.9375,97.20670166666665,97.20670166666665,0.9886671666666664,0.9333333333333333
