model,testScore,testavgFB,testG,default,trainScore,trainavgFB,trainG
original,96.7723375,0.98067625,0.9375,97.19262,97.19262,0.9884660000000001,0.9333333333333333
none,96.7723375,0.98067625,0.9375,97.19262,97.19262,0.9884660000000001,0.9333333333333333
f16,96.7723375,0.98067625,0.9375,97.19262,97.19262,0.9884660000000001,0.9333333333333333
