model,testScore,testavgFB,testG,default,trainScore,trainavgFB,trainG
original,96.779775,0.9807825000000001,0.9375,96.4864,96.4864,0.98552,0.9166666666666666
none,96.779775,0.9807825000000001,0.9375,96.4864,96.4864,0.98552,0.9166666666666666
f16,96.779775,0.9807825000000001,0.9375,96.485035,96.485035,0.9855005,0.9166666666666666
