model,testScore,testavgFB,testG,default,trainScore,trainavgFB,trainG
original,96.74875625,0.980339375,0.9375,95.87459833333332,95.87459833333332,0.9839228333333332,0.9
none,96.74875625,0.980339375,0.9375,95.87459833333332,95.87459833333332,0.9839228333333332,0.9
f16,96.74875625,0.980339375,0.9375,95.87459833333332,95.87459833333332,0.9839228333333332,0.9
