model,testScore,testavgFB,testG,default,trainScore,trainavgFB,trainG
original,96.8493375,0.98177625,0.9375,97.37756,97.37756,0.991108,0.9333333333333333
none,96.8493375,0.98177625,0.9375,97.37756,97.37756,0.991108,0.9333333333333333
f16,96.8493375,0.98177625,0.9375,97.37945,97.37945,0.991135,0.9333333333333333
