model,testScore,testavgFB,testG,default,trainScore,trainavgFB,trainG
original,96.6857125,0.9794387499999999,0.9375,94.69228333333334,94.69228333333334,0.9813183333333334,0.8666666666666667
none,96.6857125,0.9794387499999999,0.9375,94.69228333333334,94.69228333333334,0.9813183333333334,0.8666666666666667
f16,96.6857125,0.9794387499999999,0.9375,94.69454666666667,94.69454666666667,0.9813506666666666,0.8666666666666667
