model,testScore,testavgFB,testG,default,trainScore,trainavgFB,trainG
original,96.76546875,0.980578125,0.9375,95.29394666666667,95.29394666666667,0.9827706666666667,0.8833333333333333
none,96.76546875,0.980578125,0.9375,95.29394666666667,95.29394666666667,0.9827706666666667,0.8833333333333333
f16,96.76546875,0.980578125,0.9375,95.29394666666667,95.29394666666667,0.9827706666666667,0.8833333333333333
