model,testScore,testavgFB,testG,default,trainScore,trainavgFB,trainG
original,96.8344625,0.9815637500000001,0.9375,97.12964333333332,97.12964333333332,0.9875663333333332,0.9333333333333333
none,96.8344625,0.9815637500000001,0.9375,97.12964333333332,97.12964333333332,0.9875663333333332,0.9333333333333333
f16,96.8344625,0.9815637500000001,0.9375,97.12964333333332,97.12964333333332,0.9875663333333332,0.9333333333333333
