model,testScore,testavgFB,testG,default,trainScore,trainavgFB,trainG
original,96.76735000000001,0.9806050000000001,0.9375,95.19237666666666,95.19237666666666,0.9813196666666666,0.8833333333333333
none,96.76735000000001,0.9806050000000001,0.9375,95.19237666666666,95.19237666666666,0.9813196666666666,0.8833333333333333
f16,96.76735000000001,0.9806050000000001,0.9375,95.19021833333333,95.19021833333333,0.9812888333333333,0.8833333333333333
