model,testScore,testavgFB,testG,default,trainScore,trainavgFB,trainG
original,96.88844999999999,0.982335,0.9375,96.77037833333333,96.77037833333333,0.9895768333333332,0.9166666666666666
none,96.88844999999999,0.982335,0.9375,96.77037833333333,96.77037833333333,0.9895768333333332,0.9166666666666666
f16,96.88844999999999,0.982335,0.9375,96.77037833333333,96.77037833333333,0.9895768333333332,0.9166666666666666
