model,testScore,testavgFB,testG,default,trainScore,trainavgFB,trainG
original,96.73388125000001,0.9801268750000001,0.9375,96.35764666666667,96.35764666666667,0.9836806666666666,0.9166666666666666
none,96.73388125000001,0.9801268750000001,0.9375,96.35764666666667,96.35764666666667,0.9836806666666666,0.9166666666666666
f16,96.73388125000001,0.9801268750000001,0.9375,96.35854499999999,96.35854499999999,0.9836934999999999,0.9166666666666666
