model,testScore,testavgFB,testG,default,trainScore,trainavgFB,trainG
original,96.65688125,0.979026875,0.9375,97.22946333333334,97.22946333333334,0.9889923333333334,0.9333333333333333
none,96.65688125,0.979026875,0.9375,97.22946333333334,97.22946333333334,0.9889923333333334,0.9333333333333333
f16,96.65688125,0.979026875,0.9375,97.22946333333334,97.22946333333334,0.9889923333333334,0.9333333333333333
