model,testScore,testavgFB,testG,default,trainScore,trainavgFB,trainG
original,96.61265,0.978395,0.9375,97.26654000000002,97.26654000000002,0.9895220000000002,0.9333333333333333
none,96.61265,0.978395,0.9375,97.26654000000002,97.26654000000002,0.9895220000000002,0.9333333333333333
f16,96.61265,0.978395,0.9375,97.26654000000002,97.26654000000002,0.9895220000000002,0.9333333333333333
