model,testScore,testavgFB,testG,default,trainScore,trainavgFB,trainG
original,96.88232500000001,0.9822475,0.9375,96.68997166666668,96.68997166666668,0.9884281666666669,0.9166666666666666
none,96.88232500000001,0.9822475,0.9375,96.68997166666668,96.68997166666668,0.9884281666666669,0.9166666666666666
f16,96.88232500000001,0.9822475,0.9375,96.68997166666668,96.68997166666668,0.9884281666666669,0.9166666666666666
