model,testScore,testavgFB,testG,default,trainScore,trainavgFB,trainG
original,96.76735000000001,0.9806050000000001,0.9375,94.80687499999999,94.80687499999999,0.9758125,0.8833333333333333
none,96.76735000000001,0.9806050000000001,0.9375,94.80687499999999,94.80687499999999,0.9758125,0.8833333333333333
f16,96.76735000000001,0.9806050000000001,0.9375,94.80590666666666,94.80590666666666,0.9757986666666666,0.8833333333333333
