model,testScore,testavgFB,testG,default,trainScore,trainavgFB,trainG
original,96.7464375,0.98030625,0.9375,96.25307666666667,96.25307666666667,0.9893296666666667,0.9
none,96.7464375,0.98030625,0.9375,96.25307666666667,96.25307666666667,0.9893296666666667,0.9
f16,96.7464375,0.98030625,0.9375,96.25296,96.25296,0.9893280000000001,0.9
