model,testScore,testavgFB,testG,default,trainScore,trainavgFB,trainG
original,96.79049375,0.980935625,0.9375,97.20618833333334,97.20618833333334,0.9886598333333334,0.9333333333333333
none,96.79049375,0.980935625,0.9375,97.20618833333334,97.20618833333334,0.9886598333333334,0.9333333333333333
f16,96.79049375,0.980935625,0.9375,97.20686500000001,97.20686500000001,0.9886695000000001,0.9333333333333333
