model,testScore,testavgFB,testG,default,trainScore,trainavgFB,trainG
original,96.77229374999999,0.9806756249999999,0.9375,95.87953333333333,95.87953333333333,0.9839933333333332,0.9
none,96.77229374999999,0.9806756249999999,0.9375,95.87953333333333,95.87953333333333,0.9839933333333332,0.9
f16,96.77229374999999,0.9806756249999999,0.9375,95.88176166666668,95.88176166666668,0.9840251666666667,0.9
