model,testScore,testavgFB,testG,default,trainScore,trainavgFB,trainG
original,96.64445625,0.978849375,0.9375,96.60360333333334,96.60360333333334,0.9871943333333335,0.9166666666666666
none,96.64445625,0.978849375,0.9375,96.60360333333334,96.60360333333334,0.9871943333333335,0.9166666666666666
f16,96.64445625,0.978849375,0.9375,96.60306666666668,96.60306666666668,0.9871866666666668,0.9166666666666666
