model,testScore,testavgFB,testG,default,trainScore,trainavgFB,trainG
original,96.7294625,0.98006375,0.9375,96.63461333333335,96.63461333333335,0.9876373333333336,0.9166666666666666
none,96.7294625,0.98006375,0.9375,96.63461333333335,96.63461333333335,0.9876373333333336,0.9166666666666666
f16,96.7294625,0.98006375,0.9375,96.63461333333335,96.63461333333335,0.9876373333333336,0.9166666666666666
