model,testScore,testavgFB,testG,default,trainScore,trainavgFB,trainG
original,96.75776875,0.980468125,0.9375,97.25598166666667,97.25598166666667,0.9893711666666668,0.9333333333333333
none,96.75776875,0.980468125,0.9375,97.25598166666667,97.25598166666667,0.9893711666666668,0.9333333333333333
f16,96.75776875,0.980468125,0.9375,97.25598166666667,97.25598166666667,0.9893711666666668,0.9333333333333333
