model,testScore,testavgFB,testG,default,trainScore,trainavgFB,trainG
original,96.9377125,0.9830387500000001,0.9375,96.64320000000001,96.64320000000001,0.9877600000000001,0.9166666666666666
none,96.9377125,0.9830387500000001,0.9375,96.64320000000001,96.64320000000001,0.9877600000000001,0.9166666666666666
f16,96.9377125,0.9830387500000001,0.9375,96.64320000000001,96.64320000000001,0.9877600000000001,0.9166666666666666
