model,testScore,testavgFB,testG,default,trainScore,trainavgFB,trainG
original,96.53508125,0.977286875,0.9375,96.07734166666668,96.07734166666668,0.9868191666666668,0.9
none,96.53508125,0.977286875,0.9375,96.07734166666668,96.07734166666668,0.9868191666666668,0.9
f16,96.53508125,0.977286875,0.9375,96.07663000000001,96.07663000000001,0.9868090000000002,0.9
