model,testScore,testavgFB,testG,default,trainScore,trainavgFB,trainG
original,96.7936,0.98098,0.9375,96.70240833333332,96.70240833333332,0.9886058333333333,0.9166666666666666
none,96.7936,0.98098,0.9375,96.70240833333332,96.70240833333332,0.9886058333333333,0.9166666666666666
f16,96.7936,0.98098,0.9375,96.70240833333332,96.70240833333332,0.9886058333333333,0.9166666666666666
