model,testScore,testavgFB,testG,default,trainScore,trainavgFB,trainG
original,96.77666875,0.980738125,0.9375,94.63485999999999,94.63485999999999,0.9804979999999998,0.8666666666666667
none,96.77666875,0.980738125,0.9375,94.63485999999999,94.63485999999999,0.9804979999999998,0.8666666666666667
f16,96.77666875,0.980738125,0.9375,94.63485999999999,94.63485999999999,0.9804979999999998,0.8666666666666667
