model,testScore,testavgFB,testG,default,trainScore,trainavgFB,trainG
original,96.8519625,0.9818137499999999,0.9375,96.62623666666663,96.62623666666663,0.9875176666666662,0.9166666666666666
none,96.8519625,0.9818137499999999,0.9375,96.62623666666663,96.62623666666663,0.9875176666666662,0.9166666666666666
f16,96.8519625,0.9818137499999999,0.9375,96.62623666666663,96.62623666666663,0.9875176666666662,0.9166666666666666
