model,testScore,testavgFB,testG,default,trainScore,trainavgFB,trainG
original,96.814075,0.9812725,0.9375,97.19082333333334,97.19082333333334,0.9884403333333334,0.9333333333333333
none,96.814075,0.9812725,0.9375,97.19082333333334,97.19082333333334,0.9884403333333334,0.9333333333333333
f16,96.814075,0.9812725,0.9375,97.19025166666667,97.19025166666667,0.9884321666666668,0.9333333333333333
