model,testScore,testavgFB,testG,default,trainScore,trainavgFB,trainG
original,96.72285625,0.979969375,0.9375,95.30410833333332,95.30410833333332,0.9829158333333332,0.8833333333333333
none,96.72285625,0.979969375,0.9375,95.30410833333332,95.30410833333332,0.9829158333333332,0.8833333333333333
f16,96.72285625,0.979969375,0.9375,95.30410833333332,95.30410833333332,0.9829158333333332,0.8833333333333333
