model,testScore,testavgFB,testG,default,trainScore,trainavgFB,trainG
original,96.89776875,0.982468125,0.9375,96.71005000000001,96.71005000000001,0.9887150000000001,0.9166666666666666
none,96.89776875,0.982468125,0.9375,96.71005000000001,96.71005000000001,0.9887150000000001,0.9166666666666666
f16,96.89776875,0.982468125,0.9375,96.71005000000001,96.71005000000001,0.9887150000000001,0.9166666666666666
