model,testScore,testavgFB,testG,default,trainScore,trainavgFB,trainG
original,96.79924375,0.981060625,0.9375,96.39185333333334,96.39185333333334,0.9841693333333336,0.9166666666666666
none,96.79924375,0.981060625,0.9375,96.39185333333334,96.39185333333334,0.9841693333333336,0.9166666666666666
f16,96.79924375,0.981060625,0.9375,96.39185333333334,96.39185333333334,0.9841693333333336,0.9166666666666666
