model,testScore,testavgFB,testG,default,trainScore,trainavgFB,trainG
original,96.8969375,0.98245625,0.9375,96.63125333333336,96.63125333333336,0.9875893333333337,0.9166666666666666
none,96.8969375,0.98245625,0.9375,96.63125333333336,96.63125333333336,0.9875893333333337,0.9166666666666666
f16,96.8969375,0.98245625,0.9375,96.63125333333336,96.63125333333336,0.9875893333333337,0.9166666666666666
