model,testScore,testavgFB,testG,default,trainScore,trainavgFB,trainG
original,96.9237125,0.98283875,0.9375,96.65253333333335,96.65253333333335,0.9878933333333335,0.9166666666666666
none,96.9237125,0.98283875,0.9375,96.65253333333335,96.65253333333335,0.9878933333333335,0.9166666666666666
f16,96.9237125,0.98283875,0.9375,96.651635,96.651635,0.9878805,0.9166666666666666
