model,testScore,testavgFB,testG,default,trainScore,trainavgFB,trainG
original,96.82129375,0.981375625,0.9375,97.18152500000001,97.18152500000001,0.9883075000000001,0.9333333333333333
none,96.82129375,0.981375625,0.9375,97.18152500000001,97.18152500000001,0.9883075000000001,0.9333333333333333
f16,96.82129375,0.981375625,0.9375,97.18152500000001,97.18152500000001,0.9883075000000001,0.9333333333333333
