model,testScore,testavgFB,testG,default,trainScore,trainavgFB,trainG
original,96.73129999999999,0.9800899999999999,0.9375,95.85167333333332,95.85167333333332,0.9835953333333333,0.9
none,96.73129999999999,0.9800899999999999,0.9375,95.85167333333332,95.85167333333332,0.9835953333333333,0.9
f16,96.73129999999999,0.9800899999999999,0.9375,95.853645,95.853645,0.9836235,0.9
