model,testScore,testavgFB,testG,default,trainScore,trainavgFB,trainG
original,96.9091875,0.9826312500000001,0.9375,96.54108166666667,96.54108166666667,0.9863011666666668,0.9166666666666666
none,96.9091875,0.9826312500000001,0.9375,96.54108166666667,96.54108166666667,0.9863011666666668,0.9166666666666666
f16,96.9091875,0.9826312500000001,0.9375,96.54108166666667,96.54108166666667,0.9863011666666668,0.9166666666666666
