model,testScore,testavgFB,testG,default,trainScore,trainavgFB,trainG
original,96.78953125000001,0.980921875,0.9375,96.19861666666667,96.19861666666667,0.9885516666666667,0.9
none,96.78953125000001,0.980921875,0.9375,96.19861666666667,96.19861666666667,0.9885516666666667,0.9
f16,96.78953125000001,0.980921875,0.9375,96.19861666666667,96.19861666666667,0.9885516666666667,0.9
