model,testScore,testavgFB,testG,default,trainScore,trainavgFB,trainG
original,96.77868125,0.9807668750000001,0.9375,97.26472000000001,97.26472000000001,0.9894960000000002,0.9333333333333333
none,96.77868125,0.9807668750000001,0.9375,97.26472000000001,97.26472000000001,0.9894960000000002,0.9333333333333333
f16,96.77868125,0.9807668750000001,0.9375,97.26472000000001,97.26472000000001,0.9894960000000002,0.9333333333333333
