model,testScore,testavgFB,testG,default,trainScore,trainavgFB,trainG
original,96.89225625,0.982389375,0.9375,96.14878833333333,96.14878833333333,0.9878398333333334,0.9
none,96.89225625,0.982389375,0.9375,96.14878833333333,96.14878833333333,0.9878398333333334,0.9
f16,96.89225625,0.982389375,0.9375,96.14878833333333,96.14878833333333,0.9878398333333334,0.9
