model,testScore,testavgFB,testG,default,trainScore,trainavgFB,trainG
original,96.9014875,0.98252125,0.9375,97.21373666666666,97.21373666666666,0.9887676666666666,0.9333333333333333
none,96.9014875,0.98252125,0.9375,97.21373666666666,97.21373666666666,0.9887676666666666,0.9333333333333333
f16,96.9014875,0.98252125,0.9375,97.21373666666666,97.21373666666666,0.9887676666666666,0.9333333333333333
