model,testScore,testavgFB,testG,default,trainScore,trainavgFB,trainG
original,96.69398125,0.979556875,0.9375,96.39908666666668,96.39908666666668,0.9842726666666668,0.9166666666666666
none,96.69398125,0.979556875,0.9375,96.39908666666668,96.39908666666668,0.9842726666666668,0.9166666666666666
f16,96.69398125,0.979556875,0.9375,96.39908666666668,96.39908666666668,0.9842726666666668,0.9166666666666666
