model,testScore,testavgFB,testG,default,trainScore,trainavgFB,trainG
original,96.71533125,0.979861875,0.9375,96.70719166666666,96.70719166666666,0.9886741666666666,0.9166666666666666
none,96.71533125,0.979861875,0.9375,96.70719166666666,96.70719166666666,0.9886741666666666,0.9166666666666666
f16,96.71533125,0.979861875,0.9375,96.70719166666666,96.70719166666666,0.9886741666666666,0.9166666666666666
