model,testScore,testavgFB,testG,default,trainScore,trainavgFB,trainG
original,96.79924375,0.981060625,0.9375,97.23450333333334,97.23450333333334,0.9890643333333333,0.9333333333333333
none,96.79924375,0.981060625,0.9375,97.23450333333334,97.23450333333334,0.9890643333333333,0.9333333333333333
f16,96.79924375,0.981060625,0.9375,97.23450333333334,97.23450333333334,0.9890643333333333,0.9333333333333333
