model,testScore,testavgFB,testG,default,trainScore,trainavgFB,trainG
original,96.72994375,0.980070625,0.9375,97.23441000000001,97.23441000000001,0.9890630000000001,0.9333333333333333
none,96.72994375,0.980070625,0.9375,97.23441000000001,97.23441000000001,0.9890630000000001,0.9333333333333333
f16,96.72994375,0.980070625,0.9375,97.23504000000001,97.23504000000001,0.9890720000000002,0.9333333333333333
