model,testScore,testavgFB,testG,default,trainScore,trainavgFB,trainG
original,96.74875625,0.980339375,0.9375,96.47885166666667,96.47885166666667,0.9854121666666666,0.9166666666666666
none,96.74875625,0.980339375,0.9375,96.47885166666667,96.47885166666667,0.9854121666666666,0.9166666666666666
f16,96.74875625,0.980339375,0.9375,96.47885166666667,96.47885166666667,0.9854121666666666,0.9166666666666666
