model,testScore,testavgFB,testG,default,trainScore,trainavgFB,trainG
original,96.77666875,0.980738125,0.9375,94.63658666666667,94.63658666666667,0.9805226666666668,0.8666666666666667
none,96.77666875,0.980738125,0.9375,94.63658666666667,94.63658666666667,0.9805226666666668,0.8666666666666667
f16,96.77666875,0.980738125,0.9375,94.635735,94.635735,0.9805105,0.8666666666666667
