model,testScore,testavgFB,testG,default,trainScore,trainavgFB,trainG
original,96.86530625,0.982004375,0.9375,96.00153166666668,96.00153166666668,0.9857361666666669,0.9
none,96.86530625,0.982004375,0.9375,96.00153166666668,96.00153166666668,0.9857361666666669,0.9
f16,96.86530625,0.982004375,0.9375,96.00153166666668,96.00153166666668,0.9857361666666669,0.9
