model,testScore,testavgFB,testG,default,trainScore,trainavgFB,trainG
original,96.72994375,0.980070625,0.9375,96.73571666666666,96.73571666666666,0.9890816666666665,0.9166666666666666
none,96.72994375,0.980070625,0.9375,96.73571666666666,96.73571666666666,0.9890816666666665,0.9166666666666666
f16,96.72994375,0.980070625,0.9375,96.73571666666666,96.73571666666666,0.9890816666666665,0.9166666666666666
