model,testScore,testavgFB,testG,default,trainScore,trainavgFB,trainG
original,96.64445625,0.978849375,0.9375,97.29501833333333,97.29501833333333,0.9899288333333334,0.9333333333333333
none,96.64445625,0.978849375,0.9375,97.29501833333333,97.29501833333333,0.9899288333333334,0.9333333333333333
f16,96.64445625,0.978849375,0.9375,97.29134333333333,97.29134333333333,0.9898763333333334,0.9333333333333333
