model,testScore,testavgFB,testG,default,trainScore,trainavgFB,trainG
original,96.68965,0.979495,0.9375,96.51312833333334,96.51312833333334,0.9859018333333334,0.9166666666666666
none,96.68965,0.979495,0.9375,96.51312833333334,96.51312833333334,0.9859018333333334,0.9166666666666666
f16,96.68965,0.979495,0.9375,96.51312833333334,96.51312833333334,0.9859018333333334,0.9166666666666666
