model,testScore,testavgFB,testG,default,trainScore,trainavgFB,trainG
original,96.74035625,0.9802193750000001,0.9375,96.68487333333333,96.68487333333333,0.9883553333333333,0.9166666666666666
none,96.74035625,0.9802193750000001,0.9375,96.68487333333333,96.68487333333333,0.9883553333333333,0.9166666666666666
f16,96.74035625,0.9802193750000001,0.9375,96.68487333333333,96.68487333333333,0.9883553333333333,0.9166666666666666
