model,testScore,testavgFB,testG,default,trainScore,trainavgFB,trainG
original,96.69691250000001,0.9795987500000001,0.9375,96.21895166666667,96.21895166666667,0.9888421666666668,0.9
none,96.69691250000001,0.9795987500000001,0.9375,96.21895166666667,96.21895166666667,0.9888421666666668,0.9
f16,96.69691250000001,0.9795987500000001,0.9375,96.22129666666667,96.22129666666667,0.9888756666666668,0.9
