model,testScore,testavgFB,testG,default,trainScore,trainavgFB,trainG
original,96.74875625,0.980339375,0.9375,96.504985,96.504985,0.9857855000000001,0.9166666666666666
none,96.74875625,0.980339375,0.9375,96.504985,96.504985,0.9857855000000001,0.9166666666666666
f16,96.74875625,0.980339375,0.9375,96.50721333333334,96.50721333333334,0.9858173333333333,0.9166666666666666
