model,testScore,testavgFB,testG,default,trainScore,trainavgFB,trainG
original,96.7810875,0.9808012500000001,0.9375,95.415035,95.415035,0.9845005,0.8833333333333333
none,96.7810875,0.9808012500000001,0.9375,95.415035,95.415035,0.9845005,0.8833333333333333
f16,96.7810875,0.9808012500000001,0.9375,95.41799833333334,95.41799833333334,0.9845428333333335,0.8833333333333333
