model,testScore,testavgFB,testG,default,trainScore,trainavgFB,trainG
original,96.662175,0.9791025,0.9375,96.63517333333334,96.63517333333334,0.9876453333333334,0.9166666666666666
none,96.662175,0.9791025,0.9375,96.63517333333334,96.63517333333334,0.9876453333333334,0.9166666666666666
f16,96.662175,0.9791025,0.9375,96.63517333333334,96.63517333333334,0.9876453333333334,0.9166666666666666
