model,testScore,testavgFB,testG,default,trainScore,trainavgFB,trainG
original,96.77570625,0.980724375,0.9375,96.55619,96.55619,0.986517,0.9166666666666666
none,96.77570625,0.980724375,0.9375,96.55619,96.55619,0.986517,0.9166666666666666
f16,96.77570625,0.980724375,0.9375,96.55721666666666,96.55721666666666,0.9865316666666667,0.9166666666666666
