model,testScore,testavgFB,testG,default,trainScore,trainavgFB,trainG
original,96.690875,0.9795125,0.9375,94.51844999999999,94.51844999999999,0.9788349999999999,0.8666666666666667
none,96.690875,0.9795125,0.9375,94.51844999999999,94.51844999999999,0.9788349999999999,0.8666666666666667
f16,96.690875,0.9795125,0.9375,94.51844999999999,94.51844999999999,0.9788349999999999,0.8666666666666667
