model,testScore,testavgFB,testG,default,trainScore,trainavgFB,trainG
original,96.89776875,0.982468125,0.9375,97.23420000000002,97.23420000000002,0.9890600000000002,0.9333333333333333
none,96.89776875,0.982468125,0.9375,97.23420000000002,97.23420000000002,0.9890600000000002,0.9333333333333333
f16,96.89776875,0.982468125,0.9375,97.23420000000002,97.23420000000002,0.9890600000000002,0.9333333333333333
