model,testScore,testavgFB,testG,default,trainScore,trainavgFB,trainG
original,96.8027875,0.98111125,0.9375,96.700145,96.700145,0.9885735,0.9166666666666666
none,96.8027875,0.98111125,0.9375,96.700145,96.700145,0.9885735,0.9166666666666666
f16,96.8027875,0.98111125,0.9375,96.700145,96.700145,0.9885735,0.9166666666666666
