model,testScore,testavgFB,testG,default,trainScore,trainavgFB,trainG
original,96.77666875,0.980738125,0.9375,96.42457833333333,96.42457833333333,0.9846368333333333,0.9166666666666666
none,96.77666875,0.980738125,0.9375,96.42457833333333,96.42457833333333,0.9846368333333333,0.9166666666666666
f16,96.77666875,0.980738125,0.9375,96.42457833333333,96.42457833333333,0.9846368333333333,0.9166666666666666
