model,testScore,testavgFB,testG,default,trainScore,trainavgFB,trainG
original,96.72828125000001,0.9800468750000001,0.9375,97.23769999999999,97.23769999999999,0.9891099999999999,0.9333333333333333
none,96.72828125000001,0.9800468750000001,0.9375,97.23769999999999,97.23769999999999,0.9891099999999999,0.9333333333333333
f16,96.72828125000001,0.9800468750000001,0.9375,97.23540166666666,97.23540166666666,0.9890771666666666,0.9333333333333333
