model,testScore,testavgFB,testG,default,trainScore,trainavgFB,trainG
original,96.75803125,0.980471875,0.9375,95.80987166666668,95.80987166666668,0.9829981666666668,0.9
none,96.75803125,0.980471875,0.9375,95.80987166666668,95.80987166666668,0.9829981666666668,0.9
f16,96.75803125,0.980471875,0.9375,95.80987166666668,95.80987166666668,0.9829981666666668,0.9
