model,testScore,testavgFB,testG,default,trainScore,trainavgFB,trainG
original,96.79924375,0.981060625,0.9375,93.22289833333335,93.22289833333335,0.9746128333333335,0.8333333333333334
none,96.79924375,0.981060625,0.9375,93.22289833333335,93.22289833333335,0.9746128333333335,0.8333333333333334
f16,96.79924375,0.981060625,0.9375,93.22642166666668,93.22642166666668,0.9746631666666669,0.8333333333333334
