model,testScore,testavgFB,testG,default,trainScore,trainavgFB,trainG
original,96.80865,0.981195,0.9375,95.41280666666667,95.41280666666667,0.9844686666666667,0.8833333333333333
none,96.80865,0.981195,0.9375,95.41280666666667,95.41280666666667,0.9844686666666667,0.8833333333333333
f16,96.80865,0.981195,0.9375,95.41280666666667,95.41280666666667,0.9844686666666667,0.8833333333333333
