model,testScore,testavgFB,testG,default,trainScore,trainavgFB,trainG
original,96.79320625000001,0.9809743750000001,0.9375,96.54563166666668,96.54563166666668,0.9863661666666668,0.9166666666666666
none,96.79320625000001,0.9809743750000001,0.9375,96.54563166666668,96.54563166666668,0.9863661666666668,0.9166666666666666
f16,96.79320625000001,0.9809743750000001,0.9375,96.54563166666668,96.54563166666668,0.9863661666666668,0.9166666666666666
