model,testScore,testavgFB,testG,default,trainScore,trainavgFB,trainG
original,96.76735000000001,0.9806050000000001,0.9375,95.878285,95.878285,0.9839755000000001,0.9
none,96.76735000000001,0.9806050000000001,0.9375,95.878285,95.878285,0.9839755000000001,0.9
f16,96.76735000000001,0.9806050000000001,0.9375,95.878285,95.878285,0.9839755000000001,0.9
