model,testScore,testavgFB,testG,default,trainScore,trainavgFB,trainG
original,96.91316875000001,0.9826881250000001,0.9375,97.24597166666666,97.24597166666666,0.9892281666666667,0.9333333333333333
none,96.91316875000001,0.9826881250000001,0.9375,97.24597166666666,97.24597166666666,0.9892281666666667,0.9333333333333333
f16,96.91316875000001,0.9826881250000001,0.9375,97.24597166666666,97.24597166666666,0.9892281666666667,0.9333333333333333
