model,testScore,testavgFB,testG,default,trainScore,trainavgFB,trainG
original,96.85384375,0.981840625,0.9375,96.70734333333333,96.70734333333333,0.9886763333333332,0.9166666666666666
none,96.85384375,0.981840625,0.9375,96.70734333333333,96.70734333333333,0.9886763333333332,0.9166666666666666
f16,96.85384375,0.981840625,0.9375,96.70734333333333,96.70734333333333,0.9886763333333332,0.9166666666666666
