model,testScore,testavgFB,testG,default,trainScore,trainavgFB,trainG
original,96.821425,0.9813775,0.9375,97.29589333333332,97.29589333333332,0.9899413333333332,0.9333333333333333
none,96.821425,0.9813775,0.9375,97.29589333333332,97.29589333333332,0.9899413333333332,0.9333333333333333
f16,96.821425,0.9813775,0.9375,97.29659333333333,97.29659333333333,0.9899513333333333,0.9333333333333333
