model,testScore,testavgFB,testG,default,trainScore,trainavgFB,trainG
original,96.80375000000001,0.981125,0.9375,97.28386499999999,97.28386499999999,0.9897695,0.9333333333333333
none,96.80375000000001,0.981125,0.9375,97.28386499999999,97.28386499999999,0.9897695,0.9333333333333333
f16,96.80375000000001,0.981125,0.9375,97.28205666666668,97.28205666666668,0.9897436666666668,0.9333333333333333
