model,testScore,testavgFB,testG,default,trainScore,trainavgFB,trainG
original,96.8293,0.9814900000000001,0.9375,96.67422166666667,96.67422166666667,0.9882031666666666,0.9166666666666666
none,96.8293,0.9814900000000001,0.9375,96.67422166666667,96.67422166666667,0.9882031666666666,0.9166666666666666
f16,96.8293,0.9814900000000001,0.9375,96.67422166666667,96.67422166666667,0.9882031666666666,0.9166666666666666
