model,testScore,testavgFB,testG,default,trainScore,trainavgFB,trainG
original,96.79281250000001,0.9809687500000001,0.9375,96.722475,96.722475,0.9888925000000001,0.9166666666666666
none,96.79281250000001,0.9809687500000001,0.9375,96.722475,96.722475,0.9888925000000001,0.9166666666666666
f16,96.79281250000001,0.9809687500000001,0.9375,96.722475,96.722475,0.9888925000000001,0.9166666666666666
