model,testScore,testavgFB,testG,default,trainScore,trainavgFB,trainG
original,96.6258625,0.97858375,0.9375,97.34635166666668,97.34635166666668,0.9906621666666667,0.9333333333333333
none,96.6258625,0.97858375,0.9375,97.34635166666668,97.34635166666668,0.9906621666666667,0.9333333333333333
f16,96.6258625,0.97858375,0.9375,97.34635166666668,97.34635166666668,0.9906621666666667,0.9333333333333333
