model,testScore,testavgFB,testG,default,trainScore,trainavgFB,trainG
original,96.8932625,0.98240375,0.9375,95.46391833333334,95.46391833333334,0.9851988333333334,0.8833333333333333
none,96.8932625,0.98240375,0.9375,95.46391833333334,95.46391833333334,0.9851988333333334,0.8833333333333333
f16,96.8932625,0.98240375,0.9375,95.46391833333334,95.46391833333334,0.9851988333333334,0.8833333333333333
