model,testScore,testavgFB,testG,default,trainScore,trainavgFB,trainG
original,96.79924375,0.981060625,0.9375,95.46197166666667,95.46197166666667,0.9780281666666667,0.9
none,96.79924375,0.981060625,0.9375,95.46197166666667,95.46197166666667,0.9780281666666667,0.9
f16,96.79924375,0.981060625,0.9375,95.460945,95.460945,0.9780135,0.9
