model,testScore,testavgFB,testG,default,trainScore,trainavgFB,trainG
original,96.7369875,0.98017125,0.9375,96.61762666666667,96.61762666666667,0.9873946666666666,0.9166666666666666
none,96.7369875,0.98017125,0.9375,96.61762666666667,96.61762666666667,0.9873946666666666,0.9166666666666666
f16,96.7369875,0.98017125,0.9375,96.61762666666667,96.61762666666667,0.9873946666666666,0.9166666666666666
