model,testScore,testavgFB,testG,default,trainScore,trainavgFB,trainG
original,96.8876625,0.98232375,0.9375,96.15679166666666,96.15679166666666,0.9879541666666667,0.9
none,96.8876625,0.98232375,0.9375,96.15679166666666,96.15679166666666,0.9879541666666667,0.9
f16,96.8876625,0.98232375,0.9375,96.15679166666666,96.15679166666666,0.9879541666666667,0.9
