model,testScore,testavgFB,testG,default,trainScore,trainavgFB,trainG
original,96.84763125,0.981751875,0.9375,96.22543833333334,96.22543833333334,0.9889348333333335,0.9
none,96.84763125,0.981751875,0.9375,96.22543833333334,96.22543833333334,0.9889348333333335,0.9
f16,96.84763125,0.981751875,0.9375,96.22543833333334,96.22543833333334,0.9889348333333335,0.9
