model,testScore,testavgFB,testG,default,trainScore,trainavgFB,trainG
original,96.7943,0.98099,0.9375,96.68700833333335,96.68700833333335,0.9883858333333335,0.9166666666666666
none,96.7943,0.98099,0.9375,96.68700833333335,96.68700833333335,0.9883858333333335,0.9166666666666666
f16,96.7943,0.98099,0.9375,96.68471000000001,96.68471000000001,0.9883530000000001,0.9166666666666666
