model,testScore,testavgFB,testG,default,trainScore,trainavgFB,trainG
original,96.8344625,0.9815637500000001,0.9375,97.16106166666668,97.16106166666668,0.9880151666666669,0.9333333333333333
none,96.8344625,0.9815637500000001,0.9375,97.16106166666668,97.16106166666668,0.9880151666666669,0.9333333333333333
f16,96.8344625,0.9815637500000001,0.9375,97.16106166666668,97.16106166666668,0.9880151666666669,0.9333333333333333
