model,testScore,testavgFB,testG,default,trainScore,trainavgFB,trainG
original,96.87795,0.982185,0.9375,96.60988000000002,96.60988000000002,0.9872840000000003,0.9166666666666666
none,96.87795,0.982185,0.9375,96.60988000000002,96.60988000000002,0.9872840000000003,0.9166666666666666
f16,96.8689375,0.98205625,0.9375,96.60988000000002,96.60988000000002,0.9872840000000003,0.9166666666666666
