model,testScore,testavgFB,testG,default,trainScore,trainavgFB,trainG
original,96.67503749999999,0.9792862499999999,0.9375,96.20641000000002,96.20641000000002,0.9886630000000002,0.9
none,96.67503749999999,0.9792862499999999,0.9375,96.20641000000002,96.20641000000002,0.9886630000000002,0.9
f16,96.67503749999999,0.9792862499999999,0.9375,96.20641000000002,96.20641000000002,0.9886630000000002,0.9
