model,testScore,testavgFB,testG,default,trainScore,trainavgFB,trainG
original,96.8148625,0.98128375,0.9375,95.83182833333333,95.83182833333333,0.9833118333333333,0.9
none,96.8148625,0.98128375,0.9375,95.83182833333333,95.83182833333333,0.9833118333333333,0.9
f16,96.8148625,0.98128375,0.9375,95.83182833333333,95.83182833333333,0.9833118333333333,0.9
