model,testScore,testavgFB,testG,default,trainScore,trainavgFB,trainG
original,96.82610625000001,0.981444375,0.9375,97.16273000000001,97.16273000000001,0.9880390000000001,0.9333333333333333
none,96.82610625000001,0.981444375,0.9375,97.16273000000001,97.16273000000001,0.9880390000000001,0.9333333333333333
f16,96.82610625000001,0.981444375,0.9375,97.16512166666666,97.16512166666666,0.9880731666666667,0.9333333333333333
