model,testScore,testavgFB,testG,default,trainScore,trainavgFB,trainG
original,96.808125,0.9811875000000001,0.9375,96.74134000000001,96.74134000000001,0.9891620000000001,0.9166666666666666
none,96.808125,0.9811875000000001,0.9375,96.74134000000001,96.74134000000001,0.9891620000000001,0.9166666666666666
f16,96.808125,0.9811875000000001,0.9375,96.74134000000001,96.74134000000001,0.9891620000000001,0.9166666666666666
