model,testScore,testavgFB,testG,default,trainScore,trainavgFB,trainG
original,96.75251875,0.980393125,0.9375,97.15514666666668,97.15514666666668,0.9879306666666668,0.9333333333333333
none,96.75251875,0.980393125,0.9375,97.15514666666668,97.15514666666668,0.9879306666666668,0.9333333333333333
f16,96.75251875,0.980393125,0.9375,97.15514666666668,97.15514666666668,0.9879306666666668,0.9333333333333333
