model,testScore,testavgFB,testG,default,trainScore,trainavgFB,trainG
original,96.91649375,0.982735625,0.9375,97.11858333333335,97.11858333333335,0.9874083333333334,0.9333333333333333
none,96.91649375,0.982735625,0.9375,97.11858333333335,97.11858333333335,0.9874083333333334,0.9333333333333333
f16,96.91649375,0.982735625,0.9375,97.11858333333335,97.11858333333335,0.9874083333333334,0.9333333333333333
