model,testScore,testavgFB,testG,default,trainScore,trainavgFB,trainG
original,96.79386249999999,0.9809837499999999,0.9375,96.08400333333334,96.08400333333334,0.9869143333333334,0.9
none,96.79386249999999,0.9809837499999999,0.9375,96.08400333333334,96.08400333333334,0.9869143333333334,0.9
f16,96.79386249999999,0.9809837499999999,0.9375,96.08400333333334,96.08400333333334,0.9869143333333334,0.9
