model,testScore,testavgFB,testG,default,trainScore,trainavgFB,trainG
original,96.80361875,0.981123125,0.9375,95.93158999999999,95.93158999999999,0.9847369999999999,0.9
none,96.80361875,0.981123125,0.9375,95.93158999999999,95.93158999999999,0.9847369999999999,0.9
f16,96.80361875,0.981123125,0.9375,95.93458833333332,95.93458833333332,0.9847798333333332,0.9
