model,testScore,testavgFB,testG,default,trainScore,trainavgFB,trainG
original,96.79924375,0.981060625,0.9375,94.63168666666667,94.63168666666667,0.9804526666666666,0.8666666666666667
none,96.79924375,0.981060625,0.9375,94.63168666666667,94.63168666666667,0.9804526666666666,0.8666666666666667
f16,96.79924375,0.981060625,0.9375,94.62910833333333,94.62910833333333,0.9804158333333334,0.8666666666666667
