model,testScore,testavgFB,testG,default,trainScore,trainavgFB,trainG
original,96.78060625,0.980794375,0.9375,95.78956000000001,95.78956000000001,0.982708,0.9
none,96.78060625,0.980794375,0.9375,95.78956000000001,95.78956000000001,0.982708,0.9
f16,96.78060625,0.980794375,0.9375,95.78877833333334,95.78877833333334,0.9826968333333334,0.9
