model,testScore,testavgFB,testG,default,trainScore,trainavgFB,trainG
original,96.84500625,0.981714375,0.9375,97.15897333333332,97.15897333333332,0.9879853333333332,0.9333333333333333
none,96.84500625,0.981714375,0.9375,97.15897333333332,97.15897333333332,0.9879853333333332,0.9333333333333333
f16,96.84500625,0.981714375,0.9375,97.15897333333332,97.15897333333332,0.9879853333333332,0.9333333333333333
