model,testScore,testavgFB,testG,default,trainScore,trainavgFB,trainG
original,96.78060625,0.980794375,0.9375,95.86801833333332,95.86801833333332,0.9838288333333333,0.9
none,96.78060625,0.980794375,0.9375,95.86801833333332,95.86801833333332,0.9838288333333333,0.9
f16,96.78060625,0.980794375,0.9375,95.86801833333332,95.86801833333332,0.9838288333333333,0.9
