model,testScore,testavgFB,testG,default,trainScore,trainavgFB,trainG
original,96.431525,0.9758074999999999,0.9375,97.828315,97.828315,0.9904045,0.95
none,96.431525,0.9758074999999999,0.9375,97.828315,97.828315,0.9904045,0.95
f16,96.431525,0.9758074999999999,0.9375,97.828315,97.828315,0.9904045,0.95
