model,testScore,testavgFB,testG,default,trainScore,trainavgFB,trainG
original,96.91448125,0.982706875,0.9375,96.219325,96.219325,0.9888474999999999,0.9
none,96.91448125,0.982706875,0.9375,96.219325,96.219325,0.9888474999999999,0.9
f16,96.91448125,0.982706875,0.9375,96.21876499999999,96.21876499999999,0.9888394999999999,0.9
