model,testScore,testavgFB,testG,default,trainScore,trainavgFB,trainG
original,96.73991875,0.980213125,0.9375,97.29977833333334,97.29977833333334,0.9899968333333333,0.9333333333333333
none,96.73991875,0.980213125,0.9375,97.29977833333334,97.29977833333334,0.9899968333333333,0.9333333333333333
f16,96.73991875,0.980213125,0.9375,97.29977833333334,97.29977833333334,0.9899968333333333,0.9333333333333333
