model,testScore,testavgFB,testG,default,trainScore,trainavgFB,trainG
original,96.72885000000001,0.9800550000000001,0.9375,96.72902,96.72902,0.9889860000000001,0.9166666666666666
none,96.72885000000001,0.9800550000000001,0.9375,96.72902,96.72902,0.9889860000000001,0.9166666666666666
f16,96.72885000000001,0.9800550000000001,0.9375,96.72902,96.72902,0.9889860000000001,0.9166666666666666
