model,testScore,testavgFB,testG,default,trainScore,trainavgFB,trainG
original,96.80361875,0.981123125,0.9375,97.32884,97.32884,0.990412,0.9333333333333333
none,96.80361875,0.981123125,0.9375,97.32884,97.32884,0.990412,0.9333333333333333
f16,96.80361875,0.981123125,0.9375,97.32819833333333,97.32819833333333,0.9904028333333333,0.9333333333333333
