model,testScore,testavgFB,testG,default,trainScore,trainavgFB,trainG
original,96.86994375,0.982070625,0.9375,96.68361333333334,96.68361333333334,0.9883373333333335,0.9166666666666666
none,96.86994375,0.982070625,0.9375,96.68361333333334,96.68361333333334,0.9883373333333335,0.9166666666666666
f16,96.86994375,0.982070625,0.9375,96.68273833333335,96.68273833333335,0.9883248333333335,0.9166666666666666
