model,testScore,testavgFB,testG,default,trainScore,trainavgFB,trainG
original,96.71485,0.979855,0.9375,97.36533333333334,97.36533333333334,0.9909333333333333,0.9333333333333333
none,96.71485,0.979855,0.9375,97.36533333333334,97.36533333333334,0.9909333333333333,0.9333333333333333
f16,96.71485,0.979855,0.9375,97.36533333333334,97.36533333333334,0.9909333333333333,0.9333333333333333
