model,testScore,testavgFB,testG,default,trainScore,trainavgFB,trainG
original,96.5754625,0.97786375,0.9375,96.81751166666668,96.81751166666668,0.9902501666666669,0.9166666666666666
none,96.5754625,0.97786375,0.9375,96.81751166666668,96.81751166666668,0.9902501666666669,0.9166666666666666
f16,96.5754625,0.97786375,0.9375,96.81751166666668,96.81751166666668,0.9902501666666669,0.9166666666666666
