model,testScore,testavgFB,testG,default,trainScore,trainavgFB,trainG
original,96.83945,0.9816349999999999,0.9375,97.22612666666667,97.22612666666667,0.9889446666666667,0.9333333333333333
none,96.83945,0.9816349999999999,0.9375,97.22612666666667,97.22612666666667,0.9889446666666667,0.9333333333333333
f16,96.83945,0.9816349999999999,0.9375,97.22375833333334,97.22375833333334,0.9889108333333334,0.9333333333333333
