model,testScore,testavgFB,testG,default,trainScore,trainavgFB,trainG
original,96.739525,0.9802075,0.9375,95.81404833333333,95.81404833333333,0.9830578333333334,0.9
none,96.739525,0.9802075,0.9375,95.81404833333333,95.81404833333333,0.9830578333333334,0.9
f16,96.739525,0.9802075,0.9375,95.81404833333333,95.81404833333333,0.9830578333333334,0.9
