model,testScore,testavgFB,testG,default,trainScore,trainavgFB,trainG
original,96.79924375,0.981060625,0.9375,95.89922666666666,95.89922666666666,0.9842746666666666,0.9
none,96.79924375,0.981060625,0.9375,95.89922666666666,95.89922666666666,0.9842746666666666,0.9
f16,96.79924375,0.981060625,0.9375,95.89922666666666,95.89922666666666,0.9842746666666666,0.9
