model,testScore,testavgFB,testG,default,trainScore,trainavgFB,trainG
original,96.79924375,0.981060625,0.9375,95.36667833333333,95.36667833333333,0.9766668333333333,0.9
none,96.79924375,0.981060625,0.9375,95.36667833333333,95.36667833333333,0.9766668333333333,0.9
f16,96.79924375,0.981060625,0.9375,95.37031833333333,95.37031833333333,0.9767188333333333,0.9
