model,testScore,testavgFB,testG,default,trainScore,trainavgFB,trainG
original,96.9107625,0.98265375,0.9375,96.12197833333333,96.12197833333333,0.9874568333333332,0.9
none,96.9107625,0.98265375,0.9375,96.12197833333333,96.12197833333333,0.9874568333333332,0.9
f16,96.9107625,0.98265375,0.9375,96.12197833333333,96.12197833333333,0.9874568333333332,0.9
