model,testScore,testavgFB,testG,default,trainScore,trainavgFB,trainG
original,96.6722375,0.97924625,0.9375,95.83389333333334,95.83389333333334,0.9833413333333333,0.9
none,96.6722375,0.97924625,0.9375,95.83389333333334,95.83389333333334,0.9833413333333333,0.9
f16,96.6722375,0.97924625,0.9375,95.83210833333332,95.83210833333332,0.9833158333333333,0.9
