model,testScore,testavgFB,testG,default,trainScore,trainavgFB,trainG
original,96.61693749999999,0.9784562499999999,0.9375,95.21937333333334,95.21937333333334,0.9817053333333334,0.8833333333333333
none,96.61693749999999,0.9784562499999999,0.9375,95.21937333333334,95.21937333333334,0.9817053333333334,0.8833333333333333
f16,96.61693749999999,0.9784562499999999,0.9375,95.218825,95.218825,0.9816975,0.8833333333333333
