model,testScore,testavgFB,testG,default,trainScore,trainavgFB,trainG
original,96.60744375,0.978320625,0.9375,97.18901499999998,97.18901499999998,0.9884144999999999,0.9333333333333333
none,96.60744375,0.978320625,0.9375,97.18901499999998,97.18901499999998,0.9884144999999999,0.9333333333333333
f16,96.60744375,0.978320625,0.9375,97.18901499999998,97.18901499999998,0.9884144999999999,0.9333333333333333
