model,testScore,testavgFB,testG,default,trainScore,trainavgFB,trainG
original,96.51753749999999,0.9770362499999999,0.9375,97.26366999999999,97.26366999999999,0.9894809999999999,0.9333333333333333
none,96.51753749999999,0.9770362499999999,0.9375,97.26366999999999,97.26366999999999,0.9894809999999999,0.9333333333333333
f16,96.51753749999999,0.9770362499999999,0.9375,97.26366999999999,97.26366999999999,0.9894809999999999,0.9333333333333333
