model,testScore,testavgFB,testG,default,trainScore,trainavgFB,trainG
original,96.98080625,0.9836543750000001,0.9375,96.14612833333335,96.14612833333335,0.9878018333333335,0.9
none,96.98080625,0.9836543750000001,0.9375,96.14612833333335,96.14612833333335,0.9878018333333335,0.9
f16,96.98080625,0.9836543750000001,0.9375,96.14612833333335,96.14612833333335,0.9878018333333335,0.9
