model,testScore,testavgFB,testG,default,trainScore,trainavgFB,trainG
original,96.94230625,0.983104375,0.9375,96.59392000000001,96.59392000000001,0.9870560000000002,0.9166666666666666
none,96.94230625,0.983104375,0.9375,96.59392000000001,96.59392000000001,0.9870560000000002,0.9166666666666666
f16,96.94230625,0.983104375,0.9375,96.59392000000001,96.59392000000001,0.9870560000000002,0.9166666666666666
