model,testScore,testavgFB,testG,default,trainScore,trainavgFB,trainG
original,96.73943750000001,0.9802062500000001,0.9375,96.65923000000001,96.65923000000001,0.9879890000000001,0.9166666666666666
none,96.73943750000001,0.9802062500000001,0.9375,96.65923000000001,96.65923000000001,0.9879890000000001,0.9166666666666666
f16,96.73943750000001,0.9802062500000001,0.9375,96.65923000000001,96.65923000000001,0.9879890000000001,0.9166666666666666
