model,testScore,testavgFB,testG,default,trainScore,trainavgFB,trainG
original,96.88306874999999,0.982258125,0.9375,96.63436833333333,96.63436833333333,0.9876338333333332,0.9166666666666666
none,96.88306874999999,0.982258125,0.9375,96.63436833333333,96.63436833333333,0.9876338333333332,0.9166666666666666
f16,96.88306874999999,0.982258125,0.9375,96.63325999999998,96.63325999999998,0.9876179999999998,0.9166666666666666
