model,testScore,testavgFB,testG,default,trainScore,trainavgFB,trainG
original,96.44198125,0.9759568750000001,0.9375,97.34691166666667,97.34691166666667,0.9906701666666666,0.9333333333333333
none,96.44198125,0.9759568750000001,0.9375,97.34691166666667,97.34691166666667,0.9906701666666666,0.9333333333333333
f16,96.44198125,0.9759568750000001,0.9375,97.34691166666667,97.34691166666667,0.9906701666666666,0.9333333333333333
