model,testScore,testavgFB,testG,default,trainScore,trainavgFB,trainG
original,96.72994375,0.9800706250000001,0.9375,97.263075,97.263075,0.9894725,0.9333333333333333
none,96.72994375,0.9800706250000001,0.9375,97.263075,97.263075,0.9894725,0.9333333333333333
f16,96.72994375,0.9800706250000001,0.9375,97.263075,97.263075,0.9894725,0.9333333333333333
