model,testScore,testavgFB,testG,default,trainScore,trainavgFB,trainG
original,96.88166875,0.9822381250000001,0.9375,96.50852,96.50852,0.9858360000000002,0.9166666666666666
none,96.88166875,0.9822381250000001,0.9375,96.50852,96.50852,0.9858360000000002,0.9166666666666666
f16,96.88166875,0.9822381250000001,0.9375,96.51092333333334,96.51092333333334,0.9858703333333334,0.9166666666666666
