model,testScore,testavgFB,testG,default,trainScore,trainavgFB,trainG
original,96.88844999999999,0.982335,0.9375,96.67979833333332,96.67979833333332,0.9882828333333332,0.9166666666666666
none,96.88844999999999,0.982335,0.9375,96.67979833333332,96.67979833333332,0.9882828333333332,0.9166666666666666
f16,96.88844999999999,0.982335,0.9375,96.67979833333332,96.67979833333332,0.9882828333333332,0.9166666666666666
