model,testScore,testavgFB,testG,default,trainScore,trainavgFB,trainG
original,96.5353875,0.97729125,0.9375,95.67989333333334,95.67989333333334,0.9811413333333334,0.9
none,96.5353875,0.97729125,0.9375,95.67989333333334,95.67989333333334,0.9811413333333334,0.9
f16,96.5353875,0.97729125,0.9375,95.67989333333334,95.67989333333334,0.9811413333333334,0.9
