model,testScore,testavgFB,testG,default,trainScore,trainavgFB,trainG
original,96.61693749999999,0.9784562499999999,0.9375,96.60286833333333,96.60286833333333,0.9871838333333333,0.9166666666666666
none,96.61693749999999,0.9784562499999999,0.9375,96.60286833333333,96.60286833333333,0.9871838333333333,0.9166666666666666
f16,96.61693749999999,0.9784562499999999,0.9375,96.60286833333333,96.60286833333333,0.9871838333333333,0.9166666666666666
