model,testScore,testavgFB,testG,default,trainScore,trainavgFB,trainG
original,96.884775,0.9822825000000001,0.9375,96.71678166666668,96.71678166666668,0.9888111666666669,0.9166666666666666
none,96.884775,0.9822825000000001,0.9375,96.71678166666668,96.71678166666668,0.9888111666666669,0.9166666666666666
f16,96.884775,0.9822825000000001,0.9375,96.71678166666668,96.71678166666668,0.9888111666666669,0.9166666666666666
