model,testScore,testavgFB,testG,default,trainScore,trainavgFB,trainG
original,96.83380625,0.981554375,0.9375,96.43888166666667,96.43888166666667,0.9848411666666668,0.9166666666666666
none,96.83380625,0.981554375,0.9375,96.43888166666667,96.43888166666667,0.9848411666666668,0.9166666666666666
f16,96.83380625,0.981554375,0.9375,96.44125000000001,96.44125000000001,0.9848750000000002,0.9166666666666666
