model,testScore,testavgFB,testG,default,trainScore,trainavgFB,trainG
original,96.7529125,0.98039875,0.9375,95.83389333333334,95.83389333333334,0.9833413333333334,0.9
none,96.7529125,0.98039875,0.9375,95.83389333333334,95.83389333333334,0.9833413333333334,0.9
f16,96.7529125,0.98039875,0.9375,95.83389333333334,95.83389333333334,0.9833413333333334,0.9
