model,testScore,testavgFB,testG,default,trainScore,trainavgFB,trainG
original,96.71248750000001,0.9798212500000001,0.9375,95.40431333333333,95.40431333333333,0.9843473333333334,0.8833333333333333
none,96.71248750000001,0.9798212500000001,0.9375,95.40431333333333,95.40431333333333,0.9843473333333334,0.8833333333333333
f16,96.7021625,0.97967375,0.9375,95.40431333333333,95.40431333333333,0.9843473333333334,0.8833333333333333
