model,testScore,testavgFB,testG,default,trainScore,trainavgFB,trainG
original,96.85935624999999,0.9819193749999999,0.9375,97.26669166666667,97.26669166666667,0.9895241666666668,0.9333333333333333
none,96.85935624999999,0.9819193749999999,0.9375,97.26669166666667,97.26669166666667,0.9895241666666668,0.9333333333333333
f16,96.85935624999999,0.9819193749999999,0.9375,97.26669166666667,97.26669166666667,0.9895241666666668,0.9333333333333333
