model,testScore,testavgFB,testG,default,trainScore,trainavgFB,trainG
original,96.70028125,0.979646875,0.9375,95.33307666666668,95.33307666666668,0.9833296666666669,0.8833333333333333
none,96.70028125,0.979646875,0.9375,95.33307666666668,95.33307666666668,0.9833296666666669,0.8833333333333333
f16,96.70028125,0.979646875,0.9375,95.33307666666668,95.33307666666668,0.9833296666666669,0.8833333333333333
