model,testScore,testavgFB,testG,default,trainScore,trainavgFB,trainG
original,96.77666875,0.980738125,0.9375,95.86566166666665,95.86566166666665,0.9837951666666666,0.9
none,96.77666875,0.980738125,0.9375,95.86566166666665,95.86566166666665,0.9837951666666666,0.9
f16,96.77666875,0.980738125,0.9375,95.86566166666665,95.86566166666665,0.9837951666666666,0.9
