model,testScore,testavgFB,testG,default,trainScore,trainavgFB,trainG
original,96.95285,0.983255,0.9375,97.14630333333335,97.14630333333335,0.9878043333333335,0.9333333333333333
none,96.95285,0.983255,0.9375,97.14630333333335,97.14630333333335,0.9878043333333335,0.9333333333333333
f16,96.95285,0.983255,0.9375,97.14630333333335,97.14630333333335,0.9878043333333335,0.9333333333333333
