model,testScore,testavgFB,testG,default,trainScore,trainavgFB,trainG
original,96.81201875,0.981243125,0.9375,96.85437833333333,96.85437833333333,0.9907768333333333,0.9166666666666666
none,96.81201875,0.981243125,0.9375,96.85437833333333,96.85437833333333,0.9907768333333333,0.9166666666666666
f16,96.81201875,0.981243125,0.9375,96.85437833333333,96.85437833333333,0.9907768333333333,0.9166666666666666
