model,testScore,testavgFB,testG,default,trainScore,trainavgFB,trainG
original,96.4415875,0.9759512499999999,0.9375,96.02808666666668,96.02808666666668,0.9789726666666668,0.9166666666666666
none,96.4415875,0.9759512499999999,0.9375,96.02808666666668,96.02808666666668,0.9789726666666668,0.9166666666666666
f16,96.46490625,0.976284375,0.9375,96.02808666666668,96.02808666666668,0.9789726666666668,0.9166666666666666
