model,testScore,testavgFB,testG,default,trainScore,trainavgFB,trainG
original,96.7936,0.98098,0.9375,97.10388333333334,97.10388333333334,0.9871983333333334,0.9333333333333333
none,96.7936,0.98098,0.9375,97.10388333333334,97.10388333333334,0.9871983333333334,0.9333333333333333
f16,96.7936,0.98098,0.9375,96.60099000000001,96.60099000000001,0.9871570000000001,0.9166666666666666
