model,testScore,testavgFB,testG,default,trainScore,trainavgFB,trainG
original,96.7943,0.98099,0.9375,96.08133166666667,96.08133166666667,0.9868761666666667,0.9
none,96.7943,0.98099,0.9375,96.08133166666667,96.08133166666667,0.9868761666666667,0.9
f16,96.7943,0.98099,0.9375,96.08133166666667,96.08133166666667,0.9868761666666667,0.9
