model,testScore,testavgFB,testG,default,trainScore,trainavgFB,trainG
original,96.66151875,0.9790931249999999,0.9375,95.42659666666665,95.42659666666665,0.9846656666666666,0.8833333333333333
none,96.66151875,0.9790931249999999,0.9375,95.42659666666665,95.42659666666665,0.9846656666666666,0.8833333333333333
f16,96.66151875,0.9790931249999999,0.9375,95.42419333333332,95.42419333333332,0.9846313333333332,0.8833333333333333
