model,testScore,testavgFB,testG,default,trainScore,trainavgFB,trainG
original,96.81201875,0.981243125,0.9375,97.14983833333335,97.14983833333335,0.9878548333333335,0.9333333333333333
none,96.81201875,0.981243125,0.9375,97.14983833333335,97.14983833333335,0.9878548333333335,0.9333333333333333
f16,96.81201875,0.981243125,0.9375,97.14398166666668,97.14398166666668,0.9877711666666668,0.9333333333333333
