model,testScore,testavgFB,testG,default,trainScore,trainavgFB,trainG
original,96.808125,0.9811875000000001,0.9375,97.269305,97.269305,0.9895615000000001,0.9333333333333333
none,96.808125,0.9811875000000001,0.9375,97.269305,97.269305,0.9895615000000001,0.9333333333333333
f16,96.808125,0.9811875000000001,0.9375,97.27172000000002,97.27172000000002,0.9895960000000001,0.9333333333333333
