model,testScore,testavgFB,testG,default,trainScore,trainavgFB,trainG
original,96.69879375,0.9796256249999999,0.9375,97.42087833333333,97.42087833333333,0.9917268333333334,0.9333333333333333
none,96.69879375,0.9796256249999999,0.9375,97.42087833333333,97.42087833333333,0.9917268333333334,0.9333333333333333
f16,96.69879375,0.9796256249999999,0.9375,97.42159000000001,97.42159000000001,0.9917370000000001,0.9333333333333333
