model,testScore,testavgFB,testG,default,trainScore,trainavgFB,trainG
original,96.35478750000001,0.9747112500000001,0.9375,96.75395166666667,96.75395166666667,0.9893421666666666,0.9166666666666666
none,96.35478750000001,0.9747112500000001,0.9375,96.75395166666667,96.75395166666667,0.9893421666666666,0.9166666666666666
f16,96.35478750000001,0.9747112500000001,0.9375,96.75189833333333,96.75189833333333,0.9893128333333333,0.9166666666666666
