model,testScore,testavgFB,testG,default,trainScore,trainavgFB,trainG
original,96.75776875,0.980468125,0.9375,97.14469333333332,97.14469333333332,0.9877813333333332,0.9333333333333333
none,96.75776875,0.980468125,0.9375,97.14469333333332,97.14469333333332,0.9877813333333332,0.9333333333333333
f16,96.75776875,0.980468125,0.9375,97.14240666666666,97.14240666666666,0.9877486666666666,0.9333333333333333
