model,testScore,testavgFB,testG,default,trainScore,trainavgFB,trainG
original,96.77133125,0.980661875,0.9375,94.52637166666665,94.52637166666665,0.9789481666666664,0.8666666666666667
none,96.77133125,0.980661875,0.9375,94.52637166666665,94.52637166666665,0.9789481666666664,0.8666666666666667
f16,96.77133125,0.980661875,0.9375,94.52968499999999,94.52968499999999,0.9789954999999998,0.8666666666666667
