model,testScore,testavgFB,testG,default,trainScore,trainavgFB,trainG
original,96.72906875,0.980058125,0.9375,96.16096833333333,96.16096833333333,0.9880138333333333,0.9
none,96.72906875,0.980058125,0.9375,96.16096833333333,96.16096833333333,0.9880138333333333,0.9
f16,96.72906875,0.980058125,0.9375,96.16316166666665,96.16316166666665,0.9880451666666665,0.9
