model,testScore,testavgFB,testG,default,trainScore,trainavgFB,trainG
original,96.8568625,0.98188375,0.9375,97.21072666666667,97.21072666666667,0.9887246666666667,0.9333333333333333
none,96.8568625,0.98188375,0.9375,97.21072666666667,97.21072666666667,0.9887246666666667,0.9333333333333333
f16,96.8568625,0.98188375,0.9375,97.21161333333333,97.21161333333333,0.9887373333333334,0.9333333333333333
