model,testScore,testavgFB,testG,default,trainScore,trainavgFB,trainG
original,96.74858125,0.9803368750000001,0.9375,97.25496666666666,97.25496666666666,0.9893566666666666,0.9333333333333333
none,96.74858125,0.9803368750000001,0.9375,97.25496666666666,97.25496666666666,0.9893566666666666,0.9333333333333333
f16,96.74858125,0.9803368750000001,0.9375,97.25434833333333,97.25434833333333,0.9893478333333333,0.9333333333333333
