model,testScore,testavgFB,testG,default,trainScore,trainavgFB,trainG
original,96.34332500000001,0.9745475,0.9375,97.842455,97.842455,0.9906065000000001,0.95
none,96.34332500000001,0.9745475,0.9375,97.842455,97.842455,0.9906065000000001,0.95
f16,96.34332500000001,0.9745475,0.9375,97.842455,97.842455,0.9906065000000001,0.95
