model,testScore,testavgFB,testG,default,trainScore,trainavgFB,trainG
original,96.8430375,0.98168625,0.9375,96.55998166666669,96.55998166666669,0.9865711666666669,0.9166666666666666
none,96.8430375,0.98168625,0.9375,96.55998166666669,96.55998166666669,0.9865711666666669,0.9166666666666666
f16,96.8430375,0.98168625,0.9375,96.55998166666669,96.55998166666669,0.9865711666666669,0.9166666666666666
