model,testScore,testavgFB,testG,default,trainScore,trainavgFB,trainG
original,96.94865,0.983195,0.9375,96.54325166666666,96.54325166666666,0.9863321666666667,0.9166666666666666
none,96.94865,0.983195,0.9375,96.54325166666666,96.54325166666666,0.9863321666666667,0.9166666666666666
f16,96.94865,0.983195,0.9375,96.54467500000001,96.54467500000001,0.9863525000000001,0.9166666666666666
