model,testScore,testavgFB,testG,default,trainScore,trainavgFB,trainG
original,96.9277375,0.98289625,0.9375,96.72052666666667,96.72052666666667,0.9888646666666667,0.9166666666666666
none,96.9277375,0.98289625,0.9375,96.72052666666667,96.72052666666667,0.9888646666666667,0.9166666666666666
f16,96.9277375,0.98289625,0.9375,96.72052666666667,96.72052666666667,0.9888646666666667,0.9166666666666666
