model,testScore,testavgFB,testG,default,trainScore,trainavgFB,trainG
original,96.78559375,0.9808656250000001,0.9375,97.28034166666667,97.28034166666667,0.9897191666666667,0.9333333333333333
none,96.78559375,0.9808656250000001,0.9375,97.28034166666667,97.28034166666667,0.9897191666666667,0.9333333333333333
f16,96.78559375,0.9808656250000001,0.9375,97.279735,97.279735,0.9897105,0.9333333333333333
