model,testScore,testavgFB,testG,default,trainScore,trainavgFB,trainG
original,96.7943,0.98099,0.9375,96.52438666666669,96.52438666666669,0.9860626666666669,0.9166666666666666
none,96.7943,0.98099,0.9375,96.52438666666669,96.52438666666669,0.9860626666666669,0.9166666666666666
f16,96.7943,0.98099,0.9375,96.52438666666669,96.52438666666669,0.9860626666666669,0.9166666666666666
