model,testScore,testavgFB,testG,default,trainScore,trainavgFB,trainG
original,96.894575,0.9824225000000001,0.9375,95.460045,95.460045,0.9851435,0.8833333333333333
none,96.894575,0.9824225000000001,0.9375,95.460045,95.460045,0.9851435,0.8833333333333333
f16,96.894575,0.9824225000000001,0.9375,95.45879666666667,95.45879666666667,0.9851256666666667,0.8833333333333333
