model,testScore,testavgFB,testG,default,trainScore,trainavgFB,trainG
original,96.67149375000001,0.979235625,0.9375,97.221845,97.221845,0.9888835,0.9333333333333333
none,96.67149375000001,0.979235625,0.9375,97.221845,97.221845,0.9888835,0.9333333333333333
f16,96.67149375000001,0.979235625,0.9375,97.22244,97.22244,0.988892,0.9333333333333333
