model,testScore,testavgFB,testG,default,trainScore,trainavgFB,trainG
original,96.5136875,0.97698125,0.9375,96.744035,96.744035,0.9892005,0.9166666666666666
none,96.5136875,0.97698125,0.9375,96.744035,96.744035,0.9892005,0.9166666666666666
f16,96.5136875,0.97698125,0.9375,96.74257666666666,96.74257666666666,0.9891796666666667,0.9166666666666666
