model,testScore,testavgFB,testG,default,trainScore,trainavgFB,trainG
original,96.808125,0.9811875000000001,0.9375,96.13374999999999,96.13374999999999,0.987625,0.9
none,96.808125,0.9811875000000001,0.9375,96.13374999999999,96.13374999999999,0.987625,0.9
f16,96.808125,0.9811875000000001,0.9375,96.13374999999999,96.13374999999999,0.987625,0.9
