model,testScore,testavgFB,testG,default,trainScore,trainavgFB,trainG
original,96.87843125,0.982191875,0.9375,96.704975,96.704975,0.9886425,0.9166666666666666
none,96.87843125,0.982191875,0.9375,96.704975,96.704975,0.9886425,0.9166666666666666
f16,96.87843125,0.982191875,0.9375,96.704975,96.704975,0.9886425,0.9166666666666666
