model,testScore,testavgFB,testG,default,trainScore,trainavgFB,trainG
original,96.783975,0.9808425000000001,0.9375,96.69840666666668,96.69840666666668,0.9885486666666669,0.9166666666666666
none,96.783975,0.9808425000000001,0.9375,96.69840666666668,96.69840666666668,0.9885486666666669,0.9166666666666666
f16,96.783975,0.9808425000000001,0.9375,96.69840666666668,96.69840666666668,0.9885486666666669,0.9166666666666666
