model,testScore,testavgFB,testG,default,trainScore,trainavgFB,trainG
original,96.4872625,0.97660375,0.9375,96.08693166666666,96.08693166666666,0.9869561666666666,0.9
none,96.4872625,0.97660375,0.9375,96.08693166666666,96.08693166666666,0.9869561666666666,0.9
f16,96.4872625,0.97660375,0.9375,96.08092333333333,96.08092333333333,0.9868703333333333,0.9
