model,testScore,testavgFB,testG,default,trainScore,trainavgFB,trainG
original,96.59178125,0.978096875,0.9375,96.66785333333333,96.66785333333333,0.9809693333333332,0.9333333333333333
none,96.59178125,0.978096875,0.9375,96.66785333333333,96.66785333333333,0.9809693333333332,0.9333333333333333
f16,96.59178125,0.978096875,0.9375,96.66785333333333,96.66785333333333,0.9809693333333332,0.9333333333333333
