model,testScore,testavgFB,testG,default,trainScore,trainavgFB,trainG
original,96.86613750000001,0.98201625,0.9375,95.93100666666668,95.93100666666668,0.9847286666666668,0.9
none,96.86613750000001,0.98201625,0.9375,95.93100666666668,95.93100666666668,0.9847286666666668,0.9
f16,96.86613750000001,0.98201625,0.9375,95.93100666666668,95.93100666666668,0.9847286666666668,0.9
