model,testScore,testavgFB,testG,default,trainScore,trainavgFB,trainG
original,96.8568625,0.98188375,0.9375,96.48031,96.48031,0.985433,0.9166666666666666
none,96.8568625,0.98188375,0.9375,96.48031,96.48031,0.985433,0.9166666666666666
f16,96.8568625,0.98188375,0.9375,96.481325,96.481325,0.9854475,0.9166666666666666
