model,testScore,testavgFB,testG,default,trainScore,trainavgFB,trainG
original,96.879175,0.9822025,0.9375,97.24255333333332,97.24255333333332,0.9891793333333332,0.9333333333333333
none,96.879175,0.9822025,0.9375,97.24255333333332,97.24255333333332,0.9891793333333332,0.9333333333333333
f16,96.879175,0.9822025,0.9375,97.241165,97.241165,0.9891595,0.9333333333333333
