model,testScore,testavgFB,testG,default,trainScore,trainavgFB,trainG
original,96.43506875,0.975858125,0.9375,97.37155166666666,97.37155166666666,0.9910221666666666,0.9333333333333333
none,96.43506875,0.975858125,0.9375,97.37155166666666,97.37155166666666,0.9910221666666666,0.9333333333333333
f16,96.43506875,0.975858125,0.9375,97.37155166666666,97.37155166666666,0.9910221666666666,0.9333333333333333
