model,testScore,testavgFB,testG,default,trainScore,trainavgFB,trainG
original,96.80865,0.981195,0.9375,94.76349666666665,94.76349666666665,0.9823356666666665,0.8666666666666667
none,96.80865,0.981195,0.9375,94.76349666666665,94.76349666666665,0.9823356666666665,0.8666666666666667
f16,96.80865,0.981195,0.9375,94.76349666666665,94.76349666666665,0.9823356666666665,0.8666666666666667
