model,testScore,testavgFB,testG,default,trainScore,trainavgFB,trainG
original,96.77938125,0.9807768750000001,0.9375,96.55397333333333,96.55397333333333,0.9864853333333333,0.9166666666666666
none,96.77938125,0.9807768750000001,0.9375,96.55397333333333,96.55397333333333,0.9864853333333333,0.9166666666666666
f16,96.77938125,0.9807768750000001,0.9375,96.55397333333333,96.55397333333333,0.9864853333333333,0.9166666666666666
