model,testScore,testavgFB,testG,default,trainScore,trainavgFB,trainG
original,96.78953125000001,0.980921875,0.9375,96.17285666666668,96.17285666666668,0.9881836666666668,0.9
none,96.78953125000001,0.980921875,0.9375,96.17285666666668,96.17285666666668,0.9881836666666668,0.9
f16,96.78953125000001,0.980921875,0.9375,96.17285666666668,96.17285666666668,0.9881836666666668,0.9
