model,testScore,testavgFB,testG,default,trainScore,trainavgFB,trainG
original,96.71891875,0.9799131249999999,0.9375,96.61520000000002,96.61520000000002,0.9873600000000001,0.9166666666666666
none,96.71891875,0.9799131249999999,0.9375,96.61520000000002,96.61520000000002,0.9873600000000001,0.9166666666666666
f16,96.71891875,0.9799131249999999,0.9375,96.61578333333334,96.61578333333334,0.9873683333333335,0.9166666666666666
