model,testScore,testavgFB,testG,default,trainScore,trainavgFB,trainG
original,96.59882499999999,0.9781974999999999,0.9375,96.546985,96.546985,0.9863855000000001,0.9166666666666666
none,96.59882499999999,0.9781974999999999,0.9375,96.546985,96.546985,0.9863855000000001,0.9166666666666666
f16,96.59882499999999,0.9781974999999999,0.9375,96.53762833333334,96.53762833333334,0.9862518333333334,0.9166666666666666
