model,testScore,testavgFB,testG,default,trainScore,trainavgFB,trainG
original,96.779775,0.9807825000000001,0.9375,96.09637000000001,96.09637000000001,0.9870910000000002,0.9
none,96.779775,0.9807825000000001,0.9375,96.09637000000001,96.09637000000001,0.9870910000000002,0.9
f16,96.779775,0.9807825000000001,0.9375,96.09637000000001,96.09637000000001,0.9870910000000002,0.9
