model,testScore,testavgFB,testG,default,trainScore,trainavgFB,trainG
original,96.86994375,0.982070625,0.9375,96.67981,96.67981,0.9882830000000001,0.9166666666666666
none,96.86994375,0.982070625,0.9375,96.67981,96.67981,0.9882830000000001,0.9166666666666666
f16,96.86994375,0.982070625,0.9375,96.67981,96.67981,0.9882830000000001,0.9166666666666666
