model,testScore,testavgFB,testG,default,trainScore,trainavgFB,trainG
original,96.8344625,0.9815637500000001,0.9375,96.172495,96.172495,0.9881785000000001,0.9
none,96.8344625,0.9815637500000001,0.9375,96.172495,96.172495,0.9881785000000001,0.9
f16,96.8344625,0.9815637500000001,0.9375,96.172495,96.172495,0.9881785000000001,0.9
