model,testScore,testavgFB,testG,default,trainScore,trainavgFB,trainG
original,96.78498125,0.980856875,0.9375,96.58949833333334,96.58949833333334,0.9869928333333334,0.9166666666666666
none,96.78498125,0.980856875,0.9375,96.58949833333334,96.58949833333334,0.9869928333333334,0.9166666666666666
f16,96.78498125,0.980856875,0.9375,96.58949833333334,96.58949833333334,0.9869928333333334,0.9166666666666666
