model,testScore,testavgFB,testG,default,trainScore,trainavgFB,trainG
original,96.84763125,0.981751875,0.9375,96.67384833333331,96.67384833333331,0.9881978333333331,0.9166666666666666
none,96.84763125,0.981751875,0.9375,96.67384833333331,96.67384833333331,0.9881978333333331,0.9166666666666666
f16,96.84763125,0.981751875,0.9375,96.67384833333331,96.67384833333331,0.9881978333333331,0.9166666666666666
