model,testScore,testavgFB,testG,default,trainScore,trainavgFB,trainG
original,96.78060625,0.980794375,0.9375,95.87224166666667,95.87224166666667,0.9838891666666666,0.9
none,96.78060625,0.980794375,0.9375,95.87224166666667,95.87224166666667,0.9838891666666666,0.9
f16,96.78060625,0.980794375,0.9375,95.86848499999999,95.86848499999999,0.9838355,0.9
