model,testScore,testavgFB,testG,default,trainScore,trainavgFB,trainG
original,94.02990625,0.9682843749999999,0.875,97.01890333333334,97.01890333333334,0.9859843333333334,0.9333333333333333
none,94.02990625,0.9682843749999999,0.875,97.01890333333334,97.01890333333334,0.9859843333333334,0.9333333333333333
f16,94.02990625,0.9682843749999999,0.875,97.01890333333334,97.01890333333334,0.9859843333333334,0.9333333333333333
