model,testScore,testavgFB,testG,default,trainScore,trainavgFB,trainG
original,96.74967500000001,0.9803525000000001,0.9375,95.15369,95.15369,0.980767,0.8833333333333333
none,96.74967500000001,0.9803525000000001,0.9375,95.15369,95.15369,0.980767,0.8833333333333333
f16,96.74967500000001,0.9803525000000001,0.9375,95.15369,95.15369,0.980767,0.8833333333333333
