model,testScore,testavgFB,testG,default,trainScore,trainavgFB,trainG
original,96.77111250000002,0.9806587500000001,0.9375,97.15169333333334,97.15169333333334,0.9878813333333335,0.9333333333333333
none,96.77111250000002,0.9806587500000001,0.9375,97.15169333333334,97.15169333333334,0.9878813333333335,0.9333333333333333
f16,96.77111250000002,0.9806587500000001,0.9375,97.14939500000001,97.14939500000001,0.9878485000000001,0.9333333333333333
