model,testScore,testavgFB,testG,default,trainScore,trainavgFB,trainG
original,96.8076875,0.98118125,0.9375,97.28420333333334,97.28420333333334,0.9897743333333333,0.9333333333333333
none,96.8076875,0.98118125,0.9375,97.28420333333334,97.28420333333334,0.9897743333333333,0.9333333333333333
f16,96.8076875,0.98118125,0.9375,97.28363166666666,97.28363166666666,0.9897661666666667,0.9333333333333333
