model,testScore,testavgFB,testG,default,trainScore,trainavgFB,trainG
original,96.534775,0.9772824999999999,0.9375,96.65666333333334,96.65666333333334,0.9879523333333334,0.9166666666666666
none,96.534775,0.9772824999999999,0.9375,96.65666333333334,96.65666333333334,0.9879523333333334,0.9166666666666666
f16,96.534775,0.9772824999999999,0.9375,96.65958,96.65958,0.9879940000000001,0.9166666666666666
