model,testScore,testavgFB,testG,default,trainScore,trainavgFB,trainG
original,96.64944375,0.978920625,0.9375,96.78741166666666,96.78741166666666,0.9898201666666666,0.9166666666666666
none,96.64944375,0.978920625,0.9375,96.78741166666666,96.78741166666666,0.9898201666666666,0.9166666666666666
f16,96.64944375,0.978920625,0.9375,96.78741166666666,96.78741166666666,0.9898201666666666,0.9166666666666666
