model,testScore,testavgFB,testG,default,trainScore,trainavgFB,trainG
original,96.84500625,0.981714375,0.9375,96.61537499999999,96.61537499999999,0.9873624999999998,0.9166666666666666
none,96.84500625,0.981714375,0.9375,96.61537499999999,96.61537499999999,0.9873624999999998,0.9166666666666666
f16,96.84500625,0.981714375,0.9375,96.61537499999999,96.61537499999999,0.9873624999999998,0.9166666666666666
