model,testScore,testavgFB,testG,default,trainScore,trainavgFB,trainG
original,96.9191625,0.98277375,0.9375,95.96516666666666,95.96516666666666,0.9852166666666666,0.9
none,96.9191625,0.98277375,0.9375,95.96516666666666,95.96516666666666,0.9852166666666666,0.9
f16,96.9191625,0.98277375,0.9375,95.96516666666666,95.96516666666666,0.9852166666666666,0.9
