model,testScore,testavgFB,testG,default,trainScore,trainavgFB,trainG
original,96.869375,0.9820625000000001,0.9375,96.63477666666667,96.63477666666667,0.9876396666666667,0.9166666666666666
none,96.869375,0.9820625000000001,0.9375,96.63477666666667,96.63477666666667,0.9876396666666667,0.9166666666666666
f16,96.869375,0.9820625000000001,0.9375,96.63477666666667,96.63477666666667,0.9876396666666667,0.9166666666666666
