model,testScore,testavgFB,testG,default,trainScore,trainavgFB,trainG
original,96.80449375,0.9811356250000001,0.9375,96.20036666666667,96.20036666666667,0.9885766666666668,0.9
none,96.80449375,0.9811356250000001,0.9375,96.20036666666667,96.20036666666667,0.9885766666666668,0.9
f16,96.80449375,0.9811356250000001,0.9375,96.19976000000001,96.19976000000001,0.9885680000000001,0.9
