model,testScore,testavgFB,testG,default,trainScore,trainavgFB,trainG
original,96.79924375,0.981060625,0.9375,95.04197,95.04197,0.9791710000000001,0.8833333333333333
none,96.79924375,0.981060625,0.9375,95.04197,95.04197,0.9791710000000001,0.8833333333333333
f16,96.79924375,0.981060625,0.9375,95.04535333333334,95.04535333333334,0.9792193333333334,0.8833333333333333
