model,testScore,testavgFB,testG,default,trainScore,trainavgFB,trainG
original,96.8342,0.98156,0.9375,96.073025,96.073025,0.9867575000000001,0.9
none,96.8342,0.98156,0.9375,96.073025,96.073025,0.9867575000000001,0.9
f16,96.8342,0.98156,0.9375,96.07357333333334,96.07357333333334,0.9867653333333334,0.9
