model,testScore,testavgFB,testG,default,trainScore,trainavgFB,trainG
original,96.77666875,0.980738125,0.9375,95.8135,95.8135,0.98305,0.9
none,96.77666875,0.980738125,0.9375,95.8135,95.8135,0.98305,0.9
f16,96.77666875,0.980738125,0.9375,95.81329,95.81329,0.9830469999999999,0.9
