model,testScore,testavgFB,testG,default,trainScore,trainavgFB,trainG
original,96.76288749999999,0.9805412499999999,0.9375,94.08143833333334,94.08143833333334,0.9797348333333333,0.85
none,96.76288749999999,0.9805412499999999,0.9375,94.08143833333334,94.08143833333334,0.9797348333333333,0.85
f16,96.76288749999999,0.9805412499999999,0.9375,94.08143833333334,94.08143833333334,0.9797348333333333,0.85
