model,testScore,testavgFB,testG,default,trainScore,trainavgFB,trainG
original,96.76765625,0.980609375,0.9375,95.28356333333335,95.28356333333335,0.9826223333333335,0.8833333333333333
none,96.76765625,0.980609375,0.9375,95.28356333333335,95.28356333333335,0.9826223333333335,0.8833333333333333
f16,96.76765625,0.980609375,0.9375,95.28411166666667,95.28411166666667,0.9826301666666668,0.8833333333333333
