model,testScore,testavgFB,testG,default,trainScore,trainavgFB,trainG
original,96.81604375,0.981300625,0.9375,96.22867000000001,96.22867000000001,0.9889810000000001,0.9
none,96.81604375,0.981300625,0.9375,96.22867000000001,96.22867000000001,0.9889810000000001,0.9
f16,96.81604375,0.981300625,0.9375,96.22867000000001,96.22867000000001,0.9889810000000001,0.9
