model,testScore,testavgFB,testG,default,trainScore,trainavgFB,trainG
original,96.86613750000001,0.98201625,0.9375,96.67780333333334,96.67780333333334,0.9882543333333335,0.9166666666666666
none,96.86613750000001,0.98201625,0.9375,96.67780333333334,96.67780333333334,0.9882543333333335,0.9166666666666666
f16,96.86613750000001,0.98201625,0.9375,96.67694,96.67694,0.988242,0.9166666666666666
