model,testScore,testavgFB,testG,default,trainScore,trainavgFB,trainG
original,96.77666875,0.980738125,0.9375,94.67089833333333,94.67089833333333,0.9810128333333333,0.8666666666666667
none,96.77666875,0.980738125,0.9375,94.67089833333333,94.67089833333333,0.9810128333333333,0.8666666666666667
f16,96.77666875,0.980738125,0.9375,94.67470166666666,94.67470166666666,0.9810671666666667,0.8666666666666667
