model,testScore,testavgFB,testG,default,trainScore,trainavgFB,trainG
original,96.915575,0.9827225,0.9375,97.22641833333334,97.22641833333334,0.9889488333333334,0.9333333333333333
none,96.915575,0.9827225,0.9375,97.22641833333334,97.22641833333334,0.9889488333333334,0.9333333333333333
f16,96.915575,0.9827225,0.9375,97.22641833333334,97.22641833333334,0.9889488333333334,0.9333333333333333
