model,testScore,testavgFB,testG,default,trainScore,trainavgFB,trainG
original,96.78821875,0.980903125,0.9375,96.39554,96.39554,0.984222,0.9166666666666666
none,96.78821875,0.980903125,0.9375,96.39554,96.39554,0.984222,0.9166666666666666
f16,96.7859,0.98087,0.9375,96.39554,96.39554,0.984222,0.9166666666666666
