model,testScore,testavgFB,testG,default,trainScore,trainavgFB,trainG
original,96.88394375,0.9822706250000001,0.9375,97.14985,97.14985,0.987855,0.9333333333333333
none,96.88394375,0.9822706250000001,0.9375,97.14985,97.14985,0.987855,0.9333333333333333
f16,96.88394375,0.9822706250000001,0.9375,97.14985,97.14985,0.987855,0.9333333333333333
