model,testScore,testavgFB,testG,default,trainScore,trainavgFB,trainG
original,96.91448125,0.982706875,0.9375,97.29965,97.29965,0.9899950000000001,0.9333333333333333
none,96.91448125,0.982706875,0.9375,97.29965,97.29965,0.9899950000000001,0.9333333333333333
f16,96.91448125,0.982706875,0.9375,97.29965,97.29965,0.9899950000000001,0.9333333333333333
