model,testScore,testavgFB,testG,default,trainScore,trainavgFB,trainG
original,96.78559375,0.9808656250000001,0.9375,97.21292000000001,97.21292000000001,0.9887560000000001,0.9333333333333333
none,96.78559375,0.9808656250000001,0.9375,97.21292000000001,97.21292000000001,0.9887560000000001,0.9333333333333333
f16,96.78559375,0.9808656250000001,0.9375,97.21292000000001,97.21292000000001,0.9887560000000001,0.9333333333333333
