model,testScore,testavgFB,testG,default,trainScore,trainavgFB,trainG
original,96.93661875,0.983023125,0.9375,96.23960166666666,96.23960166666666,0.9891371666666665,0.9
none,96.93661875,0.983023125,0.9375,96.23960166666666,96.23960166666666,0.9891371666666665,0.9
f16,96.93661875,0.983023125,0.9375,96.23960166666666,96.23960166666666,0.9891371666666665,0.9
