model,testScore,testavgFB,testG,default,trainScore,trainavgFB,trainG
original,96.76599375,0.980585625,0.9375,96.55347166666667,96.55347166666667,0.9864781666666667,0.9166666666666666
none,96.76599375,0.980585625,0.9375,96.55347166666667,96.55347166666667,0.9864781666666667,0.9166666666666666
f16,96.76599375,0.980585625,0.9375,96.55347166666667,96.55347166666667,0.9864781666666667,0.9166666666666666
