model,testScore,testavgFB,testG,default,trainScore,trainavgFB,trainG
original,96.78559375,0.9808656250000001,0.9375,96.71322333333333,96.71322333333333,0.9887603333333332,0.9166666666666666
none,96.78559375,0.9808656250000001,0.9375,96.71322333333333,96.71322333333333,0.9887603333333332,0.9166666666666666
f16,96.78559375,0.9808656250000001,0.9375,96.71858999999999,96.71858999999999,0.988837,0.9166666666666666
