model,testScore,testavgFB,testG,default,trainScore,trainavgFB,trainG
original,96.86950625,0.982064375,0.9375,97.27173166666668,97.27173166666668,0.9895961666666668,0.9333333333333333
none,96.86950625,0.982064375,0.9375,97.27173166666668,97.27173166666668,0.9895961666666668,0.9333333333333333
f16,96.86950625,0.982064375,0.9375,97.27596666666668,97.27596666666668,0.9896566666666669,0.9333333333333333
