model,testScore,testavgFB,testG,default,trainScore,trainavgFB,trainG
original,96.74556249999999,0.98029375,0.9375,93.44050499999999,93.44050499999999,0.9777214999999999,0.8333333333333334
none,96.74556249999999,0.98029375,0.9375,93.44050499999999,93.44050499999999,0.9777214999999999,0.8333333333333334
f16,96.74556249999999,0.98029375,0.9375,93.44156666666667,93.44156666666667,0.9777366666666667,0.8333333333333334
