model,testScore,testavgFB,testG,default,trainScore,trainavgFB,trainG
original,96.78445625,0.980849375,0.9375,96.67829333333334,96.67829333333334,0.9882613333333335,0.9166666666666666
none,96.78445625,0.980849375,0.9375,96.67829333333334,96.67829333333334,0.9882613333333335,0.9166666666666666
f16,96.78445625,0.980849375,0.9375,96.67829333333334,96.67829333333334,0.9882613333333335,0.9166666666666666
