model,testScore,testavgFB,testG,default,trainScore,trainavgFB,trainG
original,96.74875625,0.980339375,0.9375,95.31869166666667,95.31869166666667,0.9831241666666667,0.8833333333333333
none,96.74875625,0.980339375,0.9375,95.31869166666667,95.31869166666667,0.9831241666666667,0.8833333333333333
f16,96.74875625,0.980339375,0.9375,95.32079166666668,95.32079166666668,0.9831541666666668,0.8833333333333333
