model,testScore,testavgFB,testG,default,trainScore,trainavgFB,trainG
original,96.81604375,0.981300625,0.9375,96.26085833333335,96.26085833333335,0.9894408333333334,0.9
none,96.81604375,0.981300625,0.9375,96.26085833333335,96.26085833333335,0.9894408333333334,0.9
f16,96.81604375,0.981300625,0.9375,96.26085833333335,96.26085833333335,0.9894408333333334,0.9
