model,testScore,testavgFB,testG,default,trainScore,trainavgFB,trainG
original,96.8306125,0.98150875,0.9375,97.27655000000001,97.27655000000001,0.9896650000000002,0.9333333333333333
none,96.8306125,0.98150875,0.9375,97.27655000000001,97.27655000000001,0.9896650000000002,0.9333333333333333
f16,96.8306125,0.98150875,0.9375,97.27655000000001,97.27655000000001,0.9896650000000002,0.9333333333333333
