model,testScore,testavgFB,testG,default,trainScore,trainavgFB,trainG
original,96.76735000000001,0.9806050000000001,0.9375,94.66316333333332,94.66316333333332,0.9809023333333331,0.8666666666666667
none,96.76735000000001,0.9806050000000001,0.9375,94.66316333333332,94.66316333333332,0.9809023333333331,0.8666666666666667
f16,96.76735000000001,0.9806050000000001,0.9375,94.66316333333332,94.66316333333332,0.9809023333333331,0.8666666666666667
