model,testScore,testavgFB,testG,default,trainScore,trainavgFB,trainG
original,96.81604375,0.981300625,0.9375,96.21369,96.21369,0.988767,0.9
none,96.81604375,0.981300625,0.9375,96.21369,96.21369,0.988767,0.9
f16,96.81604375,0.981300625,0.9375,96.21369,96.21369,0.988767,0.9
