model,testScore,testavgFB,testG,default,trainScore,trainavgFB,trainG
original,96.78270625,0.980824375,0.9375,96.65304666666667,96.65304666666667,0.9879006666666666,0.9166666666666666
none,96.78270625,0.980824375,0.9375,96.65304666666667,96.65304666666667,0.9879006666666666,0.9166666666666666
f16,96.78270625,0.980824375,0.9375,96.65304666666667,96.65304666666667,0.9879006666666666,0.9166666666666666
