model,testScore,testavgFB,testG,default,trainScore,trainavgFB,trainG
original,96.8493375,0.98177625,0.9375,96.61874666666668,96.61874666666668,0.9874106666666669,0.9166666666666666
none,96.8493375,0.98177625,0.9375,96.61874666666668,96.61874666666668,0.9874106666666669,0.9166666666666666
f16,96.8493375,0.98177625,0.9375,96.61874666666668,96.61874666666668,0.9874106666666669,0.9166666666666666
