model,testScore,testavgFB,testG,default,trainScore,trainavgFB,trainG
original,96.81635,0.981305,0.9375,97.27344666666666,97.27344666666666,0.9896206666666665,0.9333333333333333
none,96.81635,0.981305,0.9375,97.27344666666666,97.27344666666666,0.9896206666666665,0.9333333333333333
f16,96.81635,0.981305,0.9375,97.27344666666666,97.27344666666666,0.9896206666666665,0.9333333333333333
