model,testScore,testavgFB,testG,default,trainScore,trainavgFB,trainG
original,96.75776875,0.980468125,0.9375,95.97932999999999,95.97932999999999,0.9854189999999999,0.9
none,96.75776875,0.980468125,0.9375,95.97932999999999,95.97932999999999,0.9854189999999999,0.9
f16,96.75776875,0.980468125,0.9375,95.97932999999999,95.97932999999999,0.9854189999999999,0.9
