model,testScore,testavgFB,testG,default,trainScore,trainavgFB,trainG
original,96.753175,0.9804025000000001,0.9375,97.17381333333336,97.17381333333336,0.9881973333333336,0.9333333333333333
none,96.753175,0.9804025000000001,0.9375,97.17381333333336,97.17381333333336,0.9881973333333336,0.9333333333333333
f16,96.753175,0.9804025000000001,0.9375,97.17381333333336,97.17381333333336,0.9881973333333336,0.9333333333333333
