model,testScore,testavgFB,testG,default,trainScore,trainavgFB,trainG
original,96.7803,0.98079,0.9375,96.64731833333335,96.64731833333335,0.9878188333333334,0.9166666666666666
none,96.7803,0.98079,0.9375,96.64731833333335,96.64731833333335,0.9878188333333334,0.9166666666666666
f16,96.7803,0.98079,0.9375,96.64731833333335,96.64731833333335,0.9878188333333334,0.9166666666666666
