model,testScore,testavgFB,testG,default,trainScore,trainavgFB,trainG
original,96.64314375000001,0.9788306250000001,0.9375,96.60321833333333,96.60321833333333,0.9871888333333333,0.9166666666666666
none,96.64314375000001,0.9788306250000001,0.9375,96.60321833333333,96.60321833333333,0.9871888333333333,0.9166666666666666
f16,96.64314375000001,0.9788306250000001,0.9375,96.60321833333333,96.60321833333333,0.9871888333333333,0.9166666666666666
