model,testScore,testavgFB,testG,default,trainScore,trainavgFB,trainG
original,96.82523125,0.9814318750000001,0.9375,96.61709,96.61709,0.987387,0.9166666666666666
none,96.82523125,0.9814318750000001,0.9375,96.61709,96.61709,0.987387,0.9166666666666666
f16,96.82523125,0.9814318750000001,0.9375,96.61763833333333,96.61763833333333,0.9873948333333333,0.9166666666666666
