model,testScore,testavgFB,testG,default,trainScore,trainavgFB,trainG
original,96.8932625,0.98240375,0.9375,96.49691166666668,96.49691166666668,0.9856701666666667,0.9166666666666666
none,96.8932625,0.98240375,0.9375,96.49691166666668,96.49691166666668,0.9856701666666667,0.9166666666666666
f16,96.8932625,0.98240375,0.9375,96.49691166666668,96.49691166666668,0.9856701666666667,0.9166666666666666
