model,testScore,testavgFB,testG,default,trainScore,trainavgFB,trainG
original,96.7572875,0.9804612500000001,0.9375,96.619365,96.619365,0.9874195,0.9166666666666666
none,96.7572875,0.9804612500000001,0.9375,96.619365,96.619365,0.9874195,0.9166666666666666
f16,96.7572875,0.9804612500000001,0.9375,96.619365,96.619365,0.9874195,0.9166666666666666
