model,testScore,testavgFB,testG,default,trainScore,trainavgFB,trainG
original,96.81201875,0.981243125,0.9375,97.19943333333335,97.19943333333335,0.9885633333333335,0.9333333333333333
none,96.81201875,0.981243125,0.9375,97.19943333333335,97.19943333333335,0.9885633333333335,0.9333333333333333
f16,96.81201875,0.981243125,0.9375,97.19701833333335,97.19701833333335,0.9885288333333335,0.9333333333333333
