model,testScore,testavgFB,testG,default,trainScore,trainavgFB,trainG
original,96.86613750000001,0.98201625,0.9375,96.696225,96.696225,0.9885175,0.9166666666666666
none,96.86613750000001,0.98201625,0.9375,96.696225,96.696225,0.9885175,0.9166666666666666
f16,96.86613750000001,0.98201625,0.9375,96.696225,96.696225,0.9885175,0.9166666666666666
