model,testScore,testavgFB,testG,default,trainScore,trainavgFB,trainG
original,96.87615625000001,0.9821593750000002,0.9375,96.65123833333332,96.65123833333332,0.9878748333333333,0.9166666666666666
none,96.87615625000001,0.9821593750000002,0.9375,96.65123833333332,96.65123833333332,0.9878748333333333,0.9166666666666666
f16,96.87615625000001,0.9821593750000002,0.9375,96.65123833333332,96.65123833333332,0.9878748333333333,0.9166666666666666
