model,testScore,testavgFB,testG,default,trainScore,trainavgFB,trainG
original,96.72863125,0.980051875,0.9375,96.40391666666667,96.40391666666667,0.9843416666666668,0.9166666666666666
none,96.72863125,0.980051875,0.9375,96.40391666666667,96.40391666666667,0.9843416666666668,0.9166666666666666
f16,96.72863125,0.980051875,0.9375,96.40391666666667,96.40391666666667,0.9843416666666668,0.9166666666666666
