model,testScore,testavgFB,testG,default,trainScore,trainavgFB,trainG
original,96.83385,0.981555,0.9375,96.65927666666668,96.65927666666668,0.987989666666667,0.9166666666666666
none,96.83385,0.981555,0.9375,96.65927666666668,96.65927666666668,0.987989666666667,0.9166666666666666
f16,96.83385,0.981555,0.9375,96.65927666666668,96.65927666666668,0.987989666666667,0.9166666666666666
