model,testScore,testavgFB,testG,default,trainScore,trainavgFB,trainG
original,96.86075625000001,0.9819393750000001,0.9375,96.59971833333334,96.59971833333334,0.9871388333333334,0.9166666666666666
none,96.86075625000001,0.9819393750000001,0.9375,96.59971833333334,96.59971833333334,0.9871388333333334,0.9166666666666666
f16,96.86075625000001,0.9819393750000001,0.9375,96.59786333333335,96.59786333333335,0.9871123333333336,0.9166666666666666
