model,testScore,testavgFB,testG,default,trainScore,trainavgFB,trainG
original,96.74070624999999,0.9802243749999999,0.9375,95.28747166666665,95.28747166666665,0.9826781666666664,0.8833333333333333
none,96.74070624999999,0.9802243749999999,0.9375,95.28747166666665,95.28747166666665,0.9826781666666664,0.8833333333333333
f16,96.74070624999999,0.9802243749999999,0.9375,95.28832333333331,95.28832333333331,0.982690333333333,0.8833333333333333
