model,testScore,testavgFB,testG,default,trainScore,trainavgFB,trainG
original,96.80865,0.981195,0.9375,95.84981833333333,95.84981833333333,0.9835688333333333,0.9
none,96.80865,0.981195,0.9375,95.84981833333333,95.84981833333333,0.9835688333333333,0.9
f16,96.80865,0.981195,0.9375,95.84981833333333,95.84981833333333,0.9835688333333333,0.9
