model,testScore,testavgFB,testG,default,trainScore,trainavgFB,trainG
original,96.915575,0.9827225,0.9375,96.56520833333333,96.56520833333333,0.9866458333333333,0.9166666666666666
none,96.915575,0.9827225,0.9375,96.56520833333333,96.56520833333333,0.9866458333333333,0.9166666666666666
f16,96.915575,0.9827225,0.9375,96.56520833333333,96.56520833333333,0.9866458333333333,0.9166666666666666
