model,testScore,testavgFB,testG,default,trainScore,trainavgFB,trainG
original,96.85795625,0.981899375,0.9375,96.64665333333333,96.64665333333333,0.9878093333333334,0.9166666666666666
none,96.85795625,0.981899375,0.9375,96.64665333333333,96.64665333333333,0.9878093333333334,0.9166666666666666
f16,96.85795625,0.981899375,0.9375,96.64665333333333,96.64665333333333,0.9878093333333334,0.9166666666666666
