model,testScore,testavgFB,testG,default,trainScore,trainavgFB,trainG
original,96.79924375,0.981060625,0.9375,95.92866166666667,95.92866166666667,0.9846951666666667,0.9
none,96.79924375,0.981060625,0.9375,95.92866166666667,95.92866166666667,0.9846951666666667,0.9
f16,96.79924375,0.981060625,0.9375,95.92866166666667,95.92866166666667,0.9846951666666667,0.9
