model,testScore,testavgFB,testG,default,trainScore,trainavgFB,trainG
original,96.76735000000001,0.9806050000000001,0.9375,95.31572833333333,95.31572833333333,0.9830818333333332,0.8833333333333333
none,96.76735000000001,0.9806050000000001,0.9375,95.31572833333333,95.31572833333333,0.9830818333333332,0.8833333333333333
f16,96.76735000000001,0.9806050000000001,0.9375,95.31702333333332,95.31702333333332,0.9831003333333332,0.8833333333333333
