model,testScore,testavgFB,testG,default,trainScore,trainavgFB,trainG
original,96.80865,0.981195,0.9375,96.47510666666668,96.47510666666668,0.9853586666666668,0.9166666666666666
none,96.80865,0.981195,0.9375,96.47510666666668,96.47510666666668,0.9853586666666668,0.9166666666666666
f16,96.80865,0.981195,0.9375,96.47219000000001,96.47219000000001,0.9853170000000002,0.9166666666666666
