model,testScore,testavgFB,testG,default,trainScore,trainavgFB,trainG
original,96.80305,0.981115,0.9375,96.03081499999999,96.03081499999999,0.9861544999999999,0.9
none,96.80305,0.981115,0.9375,96.03081499999999,96.03081499999999,0.9861544999999999,0.9
f16,96.80305,0.981115,0.9375,96.03081499999999,96.03081499999999,0.9861544999999999,0.9
