model,testScore,testavgFB,testG,default,trainScore,trainavgFB,trainG
original,96.76301875,0.9805431250000001,0.9375,97.26350666666667,97.26350666666667,0.9894786666666667,0.9333333333333333
none,96.76301875,0.9805431250000001,0.9375,97.26350666666667,97.26350666666667,0.9894786666666667,0.9333333333333333
f16,96.76301875,0.9805431250000001,0.9375,97.26350666666667,97.26350666666667,0.9894786666666667,0.9333333333333333
