model,testScore,testavgFB,testG,default,trainScore,trainavgFB,trainG
original,96.95875625000001,0.983339375,0.9375,96.029765,96.029765,0.9861395000000001,0.9
none,96.95875625000001,0.983339375,0.9375,96.029765,96.029765,0.9861395000000001,0.9
f16,96.95875625000001,0.983339375,0.9375,96.02756,96.02756,0.986108,0.9
