model,testScore,testavgFB,testG,default,trainScore,trainavgFB,trainG
original,96.69616875,0.979588125,0.9375,96.18763833333334,96.18763833333334,0.9883948333333333,0.9
none,96.69616875,0.979588125,0.9375,96.18763833333334,96.18763833333334,0.9883948333333333,0.9
f16,96.69616875,0.979588125,0.9375,96.18763833333334,96.18763833333334,0.9883948333333333,0.9
