model,testScore,testavgFB,testG,default,trainScore,trainavgFB,trainG
original,96.83253749999999,0.9815362499999999,0.9375,94.50659666666667,94.50659666666667,0.9786656666666667,0.8666666666666667
none,96.83253749999999,0.9815362499999999,0.9375,94.50659666666667,94.50659666666667,0.9786656666666667,0.8666666666666667
f16,96.83253749999999,0.9815362499999999,0.9375,94.50558166666667,94.50558166666667,0.9786511666666667,0.8666666666666667
