model,testScore,testavgFB,testG,default,trainScore,trainavgFB,trainG
original,96.7621,0.98053,0.9375,96.64406333333334,96.64406333333334,0.9877723333333334,0.9166666666666666
none,96.7621,0.98053,0.9375,96.64406333333334,96.64406333333334,0.9877723333333334,0.9166666666666666
f16,96.7621,0.98053,0.9375,96.64406333333334,96.64406333333334,0.9877723333333334,0.9166666666666666
