model,testScore,testavgFB,testG,default,trainScore,trainavgFB,trainG
original,96.8344625,0.9815637500000001,0.9375,96.13427499999999,96.13427499999999,0.9876324999999999,0.9
none,96.8344625,0.9815637500000001,0.9375,96.13427499999999,96.13427499999999,0.9876324999999999,0.9
f16,96.8344625,0.9815637500000001,0.9375,96.12826666666666,96.12826666666666,0.9875466666666666,0.9
