model,testScore,testavgFB,testG,default,trainScore,trainavgFB,trainG
original,96.87703125,0.982171875,0.9375,96.51073666666669,96.51073666666669,0.9858676666666669,0.9166666666666666
none,96.87703125,0.982171875,0.9375,96.51073666666669,96.51073666666669,0.9858676666666669,0.9166666666666666
f16,96.87703125,0.982171875,0.9375,96.51073666666669,96.51073666666669,0.9858676666666669,0.9166666666666666
