model,testScore,testavgFB,testG,default,trainScore,trainavgFB,trainG
original,96.77155,0.980665,0.9375,95.87449333333333,95.87449333333333,0.9839213333333334,0.9
none,96.77155,0.980665,0.9375,95.87449333333333,95.87449333333333,0.9839213333333334,0.9
f16,96.77155,0.980665,0.9375,95.87449333333333,95.87449333333333,0.9839213333333334,0.9
