model,testScore,testavgFB,testG,default,trainScore,trainavgFB,trainG
original,96.5206875,0.97708125,0.9375,97.39697333333332,97.39697333333332,0.9913853333333332,0.9333333333333333
none,96.5206875,0.97708125,0.9375,97.39697333333332,97.39697333333332,0.9913853333333332,0.9333333333333333
f16,96.5206875,0.97708125,0.9375,97.39622666666666,97.39622666666666,0.9913746666666666,0.9333333333333333
