model,testScore,testavgFB,testG,default,trainScore,trainavgFB,trainG
original,96.836825,0.9815975,0.9375,96.16915833333333,96.16915833333333,0.9881308333333333,0.9
none,96.836825,0.9815975,0.9375,96.16915833333333,96.16915833333333,0.9881308333333333,0.9
f16,96.836825,0.9815975,0.9375,96.16915833333333,96.16915833333333,0.9881308333333333,0.9
