model,testScore,testavgFB,testG,default,trainScore,trainavgFB,trainG
original,96.68925625000001,0.9794893750000001,0.9375,96.56342333333333,96.56342333333333,0.9866203333333333,0.9166666666666666
none,96.68925625000001,0.9794893750000001,0.9375,96.56342333333333,96.56342333333333,0.9866203333333333,0.9166666666666666
f16,96.68925625000001,0.9794893750000001,0.9375,96.56342333333333,96.56342333333333,0.9866203333333333,0.9166666666666666
