model,testScore,testavgFB,testG,default,trainScore,trainavgFB,trainG
original,96.800425,0.9810775,0.9375,96.70821833333333,96.70821833333333,0.9886888333333334,0.9166666666666666
none,96.800425,0.9810775,0.9375,96.70821833333333,96.70821833333333,0.9886888333333334,0.9166666666666666
f16,96.800425,0.9810775,0.9375,96.70821833333333,96.70821833333333,0.9886888333333334,0.9166666666666666
