model,testScore,testavgFB,testG,default,trainScore,trainavgFB,trainG
original,96.94585000000001,0.983155,0.9375,96.59970666666666,96.59970666666666,0.9871386666666666,0.9166666666666666
none,96.94585000000001,0.983155,0.9375,96.59970666666666,96.59970666666666,0.9871386666666666,0.9166666666666666
f16,96.94585000000001,0.983155,0.9375,96.59970666666666,96.59970666666666,0.9871386666666666,0.9166666666666666
