dense1,dense2,o_score,testScore,testavgFB,testG,default,trainScore,trainavgFB,trainG
16,6,194.17156,94.635275,0.9769325,0.875,94.38272,94.38272,0.976896,0.8666666666666667
