dense1,dense2,o_score,testScore,testavgFB,testG,default,trainScore,trainavgFB,trainG
16,6,194.17156,94.48350625,0.974764375,0.875,93.27976333333335,93.27976333333335,0.9682823333333336,0.85
