dense1,dense2,o_score,testScore,testavgFB,testG,default,trainScore,trainavgFB,trainG
16,6,194.17156,94.39635625,0.973519375,0.875,93.50210666666666,93.50210666666666,0.9714586666666667,0.85
