dense1,dense2,o_score,testScore,testavgFB,testG,default,trainScore,trainavgFB,trainG
16,6,194.17156,96.56115625,0.977659375,0.9375,93.43927000000001,93.43927000000001,0.9705610000000001,0.85
