dense1,dense2,o_score,testScore,testavgFB,testG,default,trainScore,trainavgFB,trainG
16,6,194.17156,94.6393,0.97699,0.875,93.45860166666667,93.45860166666667,0.9708371666666668,0.85
