dense1,dense2,o_score,testScore,testavgFB,testG,default,trainScore,trainavgFB,trainG
16,6,194.17156,94.50608125000001,0.975086875,0.875,93.74235833333334,93.74235833333334,0.9748908333333334,0.85
