dense1,dense2,o_score,testScore,testavgFB,testG,default,trainScore,trainavgFB,trainG
16,6,194.17156,94.48298125,0.974756875,0.875,93.52738833333333,93.52738833333333,0.9718198333333334,0.85
