dense1,dense2,o_score,testScore,testavgFB,testG,default,trainScore,trainavgFB,trainG
16,6,194.17156,92.464175,0.9727025,0.8125,93.27300833333332,93.27300833333332,0.9681858333333332,0.85
