dense1,dense2,o_score,testScore,testavgFB,testG,default,trainScore,trainavgFB,trainG
16,6,194.17156,94.4369125,0.97409875,0.875,93.28095333333333,93.28095333333333,0.9682993333333332,0.85
