dense1,dense2,o_score,testScore,testavgFB,testG,default,trainScore,trainavgFB,trainG
16,6,194.17156,92.33695,0.970885,0.8125,93.04553166666668,93.04553166666668,0.9649361666666667,0.85
