dense1,dense2,o_score,testScore,testavgFB,testG,default,trainScore,trainavgFB,trainG
16,6,194.17156,94.2160625,0.9709437500000001,0.875,93.14212,93.14212,0.9663160000000002,0.85
