dense1,dense2,o_score,testScore,testavgFB,testG,default,trainScore,trainavgFB,trainG
16,6,194.17156,94.57669375,0.976095625,0.875,93.28739333333334,93.28739333333334,0.9683913333333335,0.85
