dense1,dense2,o_score,testScore,testavgFB,testG,default,trainScore,trainavgFB,trainG
16,6,194.17156,94.48455625,0.974779375,0.875,93.46167000000003,93.46167000000003,0.9708810000000003,0.85
