dense1,dense2,o_score,testScore,testavgFB,testG,default,trainScore,trainavgFB,trainG
16,6,194.17156,96.73116875,0.980088125,0.9375,93.49895666666669,93.49895666666669,0.9714136666666668,0.85
