dense1,dense2,o_score,testScore,testavgFB,testG,default,trainScore,trainavgFB,trainG
16,6,194.17156,94.7489375,0.97855625,0.875,94.520445,94.520445,0.9788635,0.8666666666666667
