dense1,dense2,o_score,testScore,testavgFB,testG,default,trainScore,trainavgFB,trainG
16,6,194.17156,94.3273625,0.9725337500000001,0.875,93.00555,93.00555,0.964365,0.85
