dense1,dense2,o_score,testScore,testavgFB,testG,default,trainScore,trainavgFB,trainG
16,6,194.17156,94.18395000000001,0.970485,0.875,93.09491666666668,93.09491666666668,0.9656416666666668,0.85
