dense1,dense2,o_score,testScore,testavgFB,testG,default,trainScore,trainavgFB,trainG
16,6,194.17156,92.38520625,0.971574375,0.8125,93.31401666666667,93.31401666666667,0.9687716666666668,0.85
