dense1,dense2,o_score,testScore,testavgFB,testG,default,trainScore,trainavgFB,trainG
16,6,194.17156,94.2769625,0.97181375,0.875,93.25487833333332,93.25487833333332,0.9679268333333332,0.85
