dense1,dense2,o_score,testScore,testavgFB,testG,default,trainScore,trainavgFB,trainG
16,6,194.17156,94.32062499999999,0.9724375,0.875,93.37307333333332,93.37307333333332,0.9696153333333332,0.85
