dense1,dense2,o_score,testScore,testavgFB,testG,default,trainScore,trainavgFB,trainG
16,6,194.17156,94.473925,0.9746275,0.875,93.443365,93.443365,0.9706195000000001,0.85
