dense1,dense2,o_score,testScore,testavgFB,testG,default,trainScore,trainavgFB,trainG
16,6,194.17156,94.59918125,0.976416875,0.875,93.39702499999999,93.39702499999999,0.9699574999999998,0.85
