dense1,dense2,o_score,testScore,testavgFB,testG,default,trainScore,trainavgFB,trainG
16,6,194.17156,94.6411375,0.97701625,0.875,93.35556166666666,93.35556166666666,0.9693651666666666,0.85
