dense1,dense2,o_score,testScore,testavgFB,testG,default,trainScore,trainavgFB,trainG
16,6,194.17156,94.4874875,0.97482125,0.875,93.40081666666667,93.40081666666667,0.9700116666666667,0.85
