dense1,dense2,o_score,testScore,testavgFB,testG,default,trainScore,trainavgFB,trainG
16,6,194.17156,92.41889375000001,0.9720556250000001,0.8125,93.165255,93.165255,0.9666465,0.85
