dense1,dense2,o_score,testScore,testavgFB,testG,default,trainScore,trainavgFB,trainG
16,6,194.17156,94.3172125,0.97238875,0.875,93.34519000000002,93.34519000000002,0.9692170000000002,0.85
