dense1,dense2,o_score,testScore,testavgFB,testG,default,trainScore,trainavgFB,trainG
16,6,194.17156,94.63339375,0.976905625,0.875,93.58813666666667,93.58813666666667,0.9726876666666667,0.85
