dense1,dense2,o_score,testScore,testavgFB,testG,default,trainScore,trainavgFB,trainG
16,6,194.17156,94.38410625,0.973344375,0.875,93.39539166666667,93.39539166666667,0.9699341666666668,0.85
