dense1,dense2,o_score,testScore,testavgFB,testG,default,trainScore,trainavgFB,trainG
16,6,194.17156,94.39574375000001,0.9735106250000001,0.875,93.33727999999999,93.33727999999999,0.969104,0.85
