dense1,dense2,o_score,testScore,testavgFB,testG,default,trainScore,trainavgFB,trainG
16,6,194.17156,92.3471,0.97103,0.8125,92.346405,92.346405,0.9620915,0.8333333333333334
