dense1,dense2,o_score,testScore,testavgFB,testG,default,trainScore,trainavgFB,trainG
16,6,194.17156,94.56628125,0.975946875,0.875,93.55447833333332,93.55447833333332,0.9722068333333331,0.85
