dense1,dense2,o_score,testScore,testavgFB,testG,default,trainScore,trainavgFB,trainG
16,6,194.17156,94.43293125,0.974041875,0.875,93.09386666666668,93.09386666666668,0.9656266666666669,0.85
