dense1,dense2,o_score,testScore,testavgFB,testG,default,trainScore,trainavgFB,trainG
16,6,194.17156,94.57669375,0.976095625,0.875,93.53426,93.53426,0.9719180000000001,0.85
