dense1,dense2,o_score,testScore,testavgFB,testG,default,trainScore,trainavgFB,trainG
16,6,194.17156,94.52213750000001,0.9753162500000001,0.875,93.43885,93.43885,0.970555,0.85
